recipe_id,dish_name,region,cuisine_raw,servings,instructions,source_row_id
1,Kerala pala pradham recipe,Kerala,Kerala Recipes,4,"To begin making the Kerala Palada Pradhaman recipe, first slow boil milk and 1/2 cup sugar on low flame until it reduces lesser than half the quantity.I used pressure cooker with weight on for about 60 minutes and slow cooked/boiled the milk. The milk turned slightly pink in colour by doing this.Cook ada as per packet instructions. Once cooked, drain the ada and rinse it in cold water to stop cooking.Heat ghee in a pan. Add 1/4 cup sugar and saute. Wait till sugar melts and starts to turn slightly brown. Add cooked ada and saute for about 2 minutes.Add about 1 to 1-1/2 cup boiled milk. Mix well. If it need more milk add it.Sprinkle cardamom powder, mix well. Serve hot or cold. Either ways it tastes delicious.Serve Kerala Palada Pradhaman after your meal of Keerai Sambar, Beetroot Thoran and Steamed Rice.",40
2,White Pumpkin Mor Kuzhambu Recipe - Kerala Style White Pumpkin Curry,Kerala,Kerala Recipes,2,"To begin making White Pumpkin Mor Kuzhambu, we need to first cook the pumpkin. Pressure cook the white pumpkin with little water in a pressure cooker for 2 whistles and release the pressure immediately by running the cooker under cold water.  Keep aside.Meanwhile, whisk curd with water in a bowl until the its smooth. Make sure that there are no lumps in the curd.Next, add grated coconut, green chilli, black pepper powder in a mixer grinder and grind it to a smooth paste with a little water. Your Kuzhambu paste is ready.Transfer this kuzhambu paste to the curd and mix well. Once it is mixed properly, add in turmeric powder, cooked white pumpkin, salt and mix everything well. Place this mixture on low heat in a saucepan and allow the mixture to become warm. You will notice a light froth around the edges of the vessel. Do not let the mixture boil, the curd will split on high heat. Turn off the flame the moment you see froth. The next step is to temper the kuzhambu.In a tempering pan/tadka pan, add one teaspoon of coconut oil. Once the oil is hot, add mustard seeds and fenugreek seeds, Once the mustard seeds starts to crackle, add the curry leaves, dry red chilli and give it a mix. Turn off the flame and add this tempering to the Mor Kuzhambu. Your Mor Kuzhambu is ready to be served. Serve Mor Kuzhambu with Steamed Rice and Menthia Keerai Paruppu Usili for a simple weekday lunch.",92
3,Kerala Style Raw Banana and Suran Kotu Curry Recipe - Kerala Style Plantain & Yam Thoran Recipe,Kerala,Kerala Recipes,4,"To make Kerala Style Raw Banana and Suran Kotu Curry Recipe, first peel the raw banana and suran and cut them into small pieces. In a saucepan, pour both of these with 1/4 tsp turmeric powder, salt and water and let it soften. Cook till Keep it aside. Pour black gram in a cooker with water as per use and cook it for 30 minutes. Allow the pressure to drain automatically and close the cooker. In a mixer grinder, add coconut, cumin, green chili, black pepper, a little water and grind them. Keep it aside. Keep it aside. Now add suran, raw banana, coconut paste, salt, a little water in a pan and cook for 2 to 3 minutes. Add coconut in a pan and cook till it turns brown. Keep it aside. Heat oil in a tempering pan. Add the mustard seeds, dry red chillies, curry leaves and cook until the mustard seeds crackle. Add this tadka and brown coconut curry and mix. Turn off the gas after a minute and serve. Serve Kerala Style Raw Banana and Suran Kotu Curry Recipe with Kerala Beetroot Pachadi for dinner.",114
4,Dry Sweet Potato Thoran Recipe,Kerala,Kerala Recipes,4,"To begin making the Dry Sweet Potato Thoran Recipe, wash and trim the edges of sweet potatoes. Pressure cook in enough water for 1 whistle over medium flame. After the pressure is released, peel the skin and cut into roundels and keep it aside.Heat oil in a heavy bottomed pan, add mustard seeds and urad dal. When the mustard seeds splutter, add curry leaves. Later add chopped onion and saute till soft and translucent.Add the sliced sweet potato to the pan and toss them gently. Add turmeric powder, salt and rasam powder. Mix everything so that sweet potato slices are well coated.Keep the flame on low, close with a lid and let it cook over low flame. Mix in between. The mixture should cook from the steam released by it.When the sweet potato is cooked, sprinkle gram flour and toss gently such that it gets coated well. Add 1-2 teaspoon of oil and let the raw banana pieces get nicely fried on low flame .Let it cook for 5-7 minutes for all the flavors to absorb. Take off stove and serve hot.Serve Dry Sweet Potato Thoran along with Mixed Vegetable Sambar and Steamed Rice for a weekday meal.",138
5,Malabar Kaai Curry Recipe With Nenthra Pazham,Kerala,Kerala Recipes,4,"To begin making the Malabar Kaai Curry, first wash and soak chana dal and raw rice separately in two different bowls for about an hour.After that cook chana dal with little salt in water and once done, drain the water and keep it aside.Slice the bananas, and keep them aside.Now, grind together the rice, onion and cardamom with 1 cup water to a very fine paste.Take the rice batter in a pan and to this, add the thin coconut milk.Switch the flame on, and keep stirring continuously till the mixture thickens and becomes creamy.At this stage, add the sugar, salt, cooked chana dal and sliced bananas and mix well.Stir continuously and let the bananas cook for about 10 minutes.After that, add the thick coconut milk and mix and let it boil for about 2 minutes, before switching the flame off.Serve Malabar Kaai Curry as a dessert during the festive season along with Kandarappam.",205
6,Vedakkai Thoran Recipe - Kerala Style Bhindi Stir Fry,Kerala,Kerala Recipes,4,"To begin making the Vendakkai Thoran Recipe, firstly prepare all the ingredients and keep them ready.Heat a teaspoon of oil in a heavy bottomed wok/kadai; add the mustard seeds, curry leaves and allow it to crackle. Add the chopped onions and saute until the onions become tender. Once the onions are soft and tender, add the green chilies, cut Vendakkai (bhindi) and sprinkle salt.Cover the pan, with the lid slightly ajar and cook the Vendakkai until it is soft. Keep stirring intermittently until it is cooked through.Once the Vendakkai is cooked through, add the turmeric powder, grated coconut and saute for a few more minutes. Check the salt and spices and adjust to suit your taste.Once done, transfer the Vendakkai Thoran to a serving bowl and serve warm.Make the delicious Vendakkai Thoran Recipe and serve it along with Kuruku Kaalan (Raw Bananas in Coconut Curry) and Steamed Rice for a delicious lunch.",209
7,Vendakka Stew Recipe (Kerala Style Okra Stew),Kerala,Kerala Recipes,4,"To begin making Vendakka Stew, first wash, dry and cut the okras into 1 inch long pieces and keep aside.Heat coconut oil in a pan on medium heat, add the mustard seeds and let it splutter.Add the curry leaves and let it splutter.Add the sliced onions and saute until it turns translucent.Add the grated ginger, slit green chilli and saute for a minute.Add the cut okras and mix well.Season with salt and saute for around 10 minutes till its half cooked.Close with the lid and let the okras cook well.Once its cooked, add the coconut milk and a cup of water and bring it to a rolling boil.Switch off the flame and serve the Vendakka Stew along with steamed rice or appams for the weeknight dinner.",343
8,Kerala Style Pacha Mango Avial Recipe,Kerala,Kerala Recipes,4,"To begin making Kerala Style Pacha Mango Avial Recipe, in a mixer grinder, coarsely grind fresh grated coconut, green chillies (reserve a few for later), cumin seeds and shallots with a little water. Keep aside in a bowl.Place a kadai on a medium heat, cook the vegetables with just enough water so that the water should get dried up when the veggies are cooked al dente. (about 70% cooked)Add turmeric powder, give it a quick mix, and cook further.When the vegetables are cooked till firm (do not over cook), add the raw mango pieces and cook for another 7 minutes.Add the coconut mixture and salt to taste stirring carefully.Cook for 2 minutes till dry on a low heat. (If you prefer to make it little gravy type, add few teaspoons of yogurt and mix well, turn off flame immediately)Finally add curry leaves and coconut oil (optional) and switch off.Serve Kerala Style Pacha Mango Avial Recipe with Steamed Rice, Pachai Sundakkai Puli Kuzhambu Recipe (Turkey Berry Tamarind Based Gravy), Cabbage Thoran (Poriyal) Recipe to make a complete lunch meal.",353
9,Meen Vevichathu Recipe - Kottayam Style Fish Curry,Kerala,Kerala Recipes,6,"To begin making the Meen Vevichathu Recipe, wash and clean the fish well and drain off the excess water. In a mixing bowl, combine the salt, turmeric powder, and fish masala, mix this well. To this mixing bowl, add the seer fish slices and massage the masala gently into the fish and set aside. *To make the masala In a mixer-jar combine the coconut, coriander leaves, garlic, ginger, tomato, cinnamon, cloves, and kokum. Grind this into a smooth paste, using some water. Transfer into a bowl aside. Soak the kokum pieces in warm water for 10 minutes. Mash the kokum well into the water, strain and set the kokum water aside. *Getting ahead with the Meen Vevichathu recipe:Heat a meen chatti and pour the coconut oil into it. Once the oil is hot, add the curry leaves and allow them to crackle. Next into the meen chetti, add the sliced shallots and fry until it turns transparent. To this add the freshly ground masala, salt and cook until the raw smell goes away, this will take a good 4-6 minutes. Once the masala is well cooked, add in the sambar masala. Then add the prepared kokum water and required amount of water to adjust the thickness of the Meen VevichathuIncrease the flame and bring the Meen Vevichathu to a rolling boil and then reduce the flame to medium.At this stage, add the marinated seer fish slices along with the marinade and cover and cook. Reduce the flame to medium-low and cook until the fish is done. This will take about 12-15 minutes. Turn off the flame and check if the fish is cooked through, if not cook for a few minutes to ensure it's well done. Serve Meen Vevichathu Recipe along with some hot Steamed Rice, Prawn Ghee Pepper Masala Recipe With Garlic for a simple lip smacking meal over the weekend.",356
10,Kerala Style Tapioca with Coconut Curd Chutney Recipe,Kerala,Kerala Recipes,4,"To begin making the Tapioca With Coconut Curd Chutney recipe, firstly peel, cut and wash the tapioca well.Take lots of water in a saucepan and bring it to a boil. Add salt and add the tapioca pieces.Once tapioca pieces are cooked, drain the water.For the chutney, in a blender add coconut, green chilli and shallots and blend it finely.Add this mixture to sour curd and add salt and mix properly, season it well according to your palate. Serve the Tapioca With Coconut Curd Chutney as a snack or for a healthy and light breakfast along with Kerala Style Pazham Pori Recipe (Banana Fry) or Kerala Style Appam Recipe (Fermented Rice Pancakes With Coconut).",367
11,Kerala Style Appam Recipe - Kerala Style Appam Recipe,Kerala,Kerala Recipes,4,"To make Kerala Style Appam recipe, first soak rice in water for 3 to 4 hours. Now add salt, sugar, active dry yeast in a bowl and mix. Keep it aside for 5 minutes. Now in a mixer grinder add soaked rice, cooked rice, coconut, a little water, salt and grind it to a batter. Add yeast mixture to it and mix. Take out this mixture in a bowl, cover and keep it aside to ferment for 5 to 6 hours. Now add water as per use and dilute the batter according to your needs. Take care not to dilute Jayda. Now place an appam pan on medium flame on the gas. Now put appam batter in this pan and take the pan in your hand and turn it around so that the batter fails well. Appam will be thicker than the middle and thinner than the corner. Cover the pan for 2 minutes until the corner turns a light golden brown. Remove and serve. Serve Kerala Style Appam Recipe with Kadla Curry or Vegetable Stew for your dinner.",377
12,Lentil Sauce Recipe - Stewed Coconut Milk Sauce,Kerala,Kerala Recipes,4,"To begin making Paruppu Payasam, first heat ghee in a small pan on low heat,  add in the cashew nuts and roast on low heat until golden and crisp. Turn off the heat and keep aside.In a pressure cooker, combine the washed and drained chana dal and moong dal with 1 cup of water and pressure cook for 4 whistles. Turn off the heat and allow the pressure to release naturally. Mash the dals coarsely and keep aside.Once done, transfer the dals to a heavy bottom pan, add in the  milk, coconut milk, coconut, jaggery and cardamom powder.Stir and simmer the dal mixture until the jaggery dissolves and bring the mixture to a brisk boil. Turn the heat to low immediately and simmer for a few more minutes till the payasam reaches the desired consistency. Finally add in the roasted cashew nut and transfer the Paruppu Payasam into serving bowls and serve hot or cold.Serve the Paruppu Payasam Recipe Recipe with an Onam Sadhya made of Chickpea Sundal, Cabbage Thoran/Poriyal, Kuruku Kaalan, Sadya Parippu, Steamed Rice and Elai Vadam.",400
13,Nendra Pazham Pulissery Recipe - Ayurvedic Recipe,Kerala,Kerala Recipes,4,"To begin making the Nendra Pazham Pulissery Recipe, heat oil in heavy bottomed pan; add the turmeric powder and the Nendra Pazham along with the salt. Stir fry and cook the Nendra Pazham until it is soft and cooked through.Meanwhile grind all the ingredients - coconut, green chillies, cumin seeds, curry leaves along with 1/2 cup warm water to make a smooth mixture.Add this coconut mixture along with the yogurt to the cooked Nendra Pazham and bring to a brisk boil. Add salt to taste and adjust according to taste. Boil for about 3 to 4 minutes and then turn off the heat.To temper, heat a small tempering pan on heat with oil and add the mustard seeds and allow it to splutter for few seconds and add the curry leaves and the urad dal and allow the dal to turn crisp and golden brown.Once done, turn off the heat and add the seasoning over the Nendra Pazham Pulissery and transfer to a serving bowl and serve hot.Serve the Nendra Pazham Pulissery Recipe along with Steamed Rice, Pavakkai Poriyal Recipe and Elai Vadam for a wholesome lunch or dinner.",421
14,Kerala Chicken Curry Recipe With Freshly Ground Spices,Kerala,Kerala Recipes,4,"To prepare Kerala Chicken Curry With Freshly Ground Spices, get prep with all the ingredients and marinate chicken with curd and salt for 2 hours.To make the fresh masala.In a shallow frying pan, dry roast the  peppercorns, coriander seeds, cinnamon stick, fennel and dried red chilies.Roast for about 5 minutes on medium-low flame. Then turn off the flame, allow it to cool and grind to a corase powder using a mixer-grinder. Heat oil in kadai, add mustard seeds. When it splutters, add onion and curry leaves. Sauté.When onions are lightly brown, add ginger, garlic, and sauté for a minute.Add chicken, half of the ground masala, and salt. If using grated or desiccated coconut, add in.Mix them, cover with a lid, simmer and cook till the chicken is almost done, for about 15-20 minutes at least. Keep sautéing occasionally to avoid charring.If using coconut milk, add it now, and simmer for five more minutes till well combined and cooked.Lastly, add the reserved half of the ground masala and give it a nice stir.Keep it covered for 5-10 minutes before serving, to help the flavors combine well. Serve the Kerala Chicken Curry With Freshly Ground Spices along with Kerala Style Appam Recipe (Without Yeast) or Ghee Rice Recipe | Neychoru and a side of Meen Varuthathu Recipe - Kerala Style Fish Fry for a complete meal. ",434
15,Karnataka Special Huli Tovve Recipe,Kerala,Kerala Recipes,2,"To begin with Huli Tovve, wash and soak the toor dal till you prepare your vegetables.Wash and cut the vegetables. Pressure cook Toor dal, mixed vegetables and peanuts till they the cooker releases 3-4 whistles.The next step is to prepare the paste. Dry roast urad dal, chana dal, cinnamon and red chilli separately till they turn light gold. Add coconut to this and grind all of this into a smooth paste.Remove the lid after the cooker cools down. Add the ground paste to this and 2 cups of water, salt and jaggery and boil. Boil till the hulitovve thickens on high flame.For tempering, heat the oil in a tadka pan. Add mustard seeds and let it crackle. Add red chilly and curry leaves. Once they crisp up, add it to the hulitovve.Serve Huli Tovve with hot steamed rice and Elai Vadam.",438
16,Kerala Style Arabic Vegetable Recipe - Kerala Style Arbi Curry,Kerala,Kerala Recipes,3,"To make Kerala Style Arabic Vegetable, first wash and boil the Arabic well. Apply some coconut oil on your hands and peel the arbi. Cut the arbi and keep it aside. Add tamarind, salt, arbi and some water in a pan. Cook the arbi and tamarind till it is cooked well. Now put coconut, red chili powder and small onions in a mixer grinder. Grind and put this mixture in the pan. Add salt, mix and let it cook for 5 to 6 minutes. Now heat the oil in a tempering pan. Add mustard seeds and cumin seeds and let it cook for 10 seconds. Add onion, curry leaves and cook till the onion becomes soft. Add dry red chillies to it and let it cook for 10 seconds. Add this tempering to the curry and mix. Serve Kerala Style Arabic Vegetables with rice and cumin rasam for dinner.",529
17,Kerala Style Chicken Chatti Pathiri Recipe,Kerala,Kerala Recipes,4,"To begin making the Kerala Style Chicken Chatti Pathiri Recipe, we will first heat a saucepan over  medium heat.Add coconut oil, add curry leaves and allow it splutter. Add chopped ginger and garlic and saute for few seconds.Add sliced onions and fry them till they turn translucent. At this point you can add minced chicken along with all the spice powders - turmeric powder, red chilli powder, garam masala powder, pepper powder, salt and give it a toss.Adjust the seasoning according to your taste and saute well till the chicken is cooked. Keep it aside.To make the pathiri batter, in a mixing bowl, combine wheat flour, all purpose flour along with ½ cup of water and mix to form batter that is similar to that of a pancake batter.Now heat up a small flat skillet on medium heat, add a ladle full of the pathiri batter and swirl it around, Shape it like crepes and keep it as thin as possible. Flip and cook, ensuring it is juts about cooked and no brown spots appear. Repeat the same process till you finish the batter, to make enough crepes for layering.Now layer each crepe with the chicken mixture and build it up. Crepe-chicken-crepe, repeat the layers.  Heat a skillet with oil, carefully place the layered Chicken Pathiri and roast till it is light brown. Carefully flip it over and roast it on the other side. Turn off the flame. Serve the Kerala Style Chicken Chatti Pathiri Recipe along with Masala Chai Recipe - Indian Spiced Tea or Ginger Cardamom Chai  to enjoy your evening snack.",555
18,Kerala Pazham Pori Recipe - Banana Fritters Recipe | Nedra Pazham Fry,Kerala,Kerala Recipes,4,"We begin making the Kerala Pazham Pori Recipe (Banana Fritters Recipe) by prepping all the ingredients and keeping them ready.First step is to make the batter.In a mixing bowl, combine the rice flour, maida, baking soda, salt, turmeric powder, cardamom powder and sugar. Stir well to combine.Add little water at a time and make a thick batter such that it smoothly coats the back of the spoon. Next, cut the banana into thin long stripes and keep aside.Heat the oil in a kadai for deep frying and keep it ready.Once the oil is hot, dip the banana slices in the batter until well coated and carefully slide it into the hot oil.Deep fry the Kerala Pazham Pori till it is golden brown and crisp on both sides.Drain the Kerala Pazham Pori from the oil and place it on a kitchen paper napkin to drain excess oil and serve hot.Serve the Kerala Style Pazham Pori Recipe can be served as a Tea Time Snack or make it for the festival of Onam.",616
19,Kerala Style Fish Curry Recipe,Kerala,Kerala Recipes,4,"To begin making Kerala Style Fish Curry Recipe, firstly clean and cut fishes.Take a small bowl and add red chilli powder, coriander powder and fenugreek powder with little water to make slurry. Keep it aside.Heat coconut oil in clay pot earthenware. (If you don’t have one use non-stick kadai)Once hot, crackle mustard seeds. Now add chopped shallots and garlic. Sauté them until translucent or for about 2-3 minutes.After 2 to 3 minutes, add the curry leaves. Once they sizzle, add the ginger-garlic paste. Sauté it till the raw smell leaves.Now, add the chilli coriander fenugreek mixture. Let it cook for about 2 minutes.Now, add 2 cups of water and bring to a boil. Add the tamarind water, salt and fish pieces.Let it cook for 15 minutes. Just give it a slight shake at regular intervals or use the spoon to slowly move the fish pieces around. This is crucial step since the fish being delicate may break if stirred heavily.Kerala style Fish Curry Recipe is ready to enjoy. Serve Kerala Style Fish Curry Recipe along with Steamed Rice and Rava Fried Prawns for a weekday meal.",667
20,Kerala Style Chakka Pal Kozhukattai Recipe-Rice Dumpling In Jackfruit flavored Coconut Milk,Kerala,Kerala Recipes,4,"We begin making the Kerala Style Chakka Pal kozhukattai Recipe by boiling the jackfruit. To make the Jackfruit puree for the Chakka Pal kozhukattaiIn a kadai, combine the chopped jackfruit with 1/2 cup water over a medium heat. Leave it on, for about 20 minutes till the jackfruit become soft.Now once the jackfruit is done, allow it to cool down. Transfer the jackfruit into a mixer-jar and grind it  into a smooth puree. Keep it aside.To make the Coconut Milk for the Chakka Pal kozhukattaiNext make coconut milk by combining the grated coconut and 1/2 cup of water in a grinder until smooth. Once done pour it over a strainer and take the first milk out. Once you squeeze out all the water. Add the coconut back into the grinder and add some more water and grind it once again. Squeeze out all the water again into the same bowl and keep it aside.To make the rice dumplings for the Chakka Pal kozhukattaiIn a mixing bowl, add the rice flour, salt oil and 2 tablespoon of the jackfruit puree and water, knead it into a firm dough. Rest it for 20 minutes. After 20 minutes, grease your hands with some ghee and start making the rice dumplings by making small round shaped dumplings with the dough. Make the dumplings using all the dough and keep aside. To assemble the Chakka Pal kozhukattaiHeat a saucepan on medium flame, combin  the coconut milk, jackfruit puree, and cardamom stirring continuously using a whisk.Reduce the heat, and allow the coconut milk to simmer.Next, keep a small bowl of ghee by your side, grease your fingers with it and start making the rice dumplings by rolling small round shaped dumplings with the mixed rice flour dough and drop it into the boiling coconut milk. Gradually drop the rice dumplings into this coconut-jackfruit milkOnce everything is complete you can keep stirring until the milk thickens and then turn off the flame. Serve the Kerala Style Chakka Pal kozhukattai Recipe along with Kerala Style Pazham Pori Recipe (Banana Fry)  to kick start your meal.",735
21,Kerala Style Sugiyan Recipe (Sweet Moong Dal Bondas),Kerala,Kerala Recipes,4,"To begin making the Kerala Style Sugiyan Recipe, soak the mung dal and keep it ready. Pressure cook the green mung bean with water for about 4 whistle till it is just cooked. Once the pressure has released naturally, take them out.Heat a saucepan, add jaggery and little bit of water for the jaggery to melt. Once it is completely melted you can add cardamom pods.Leave it to boil for 10 minutes and add cooked green mung bean and coconut and mix well. Make sure the mixture becomes dry.Keep it on a medium heat and allow it to boil so that the water is all evaporated.Cool it down and mix besan flour into the mixture and combine them together. Take little mixture and shape them into small balls.In a mixing bowl, add rice flour, turmeric powder and little water to create a smooth slightly thick batter.Heat a kuzi paniyaram pan with oil, dip the round shaped filling into the rice flour batter and carefully place them in the kuzi paniyaram pan.After 5 minutes flip it over the other side and cook for few minutes until it is evenly crisped on all sides. Serve the Kerala Style Sugiyan Recipe (Sweet Moong Dal Bondas) along with tea or coffee to enjoy your evening snack in a healthy way.",739
22,Kerala Cherupayar Curry Recipe (Green Moong and Yellow Moong Dal Recipe),Kerala,Kerala Recipes,4,"To begin making the Kerala Cherupayar Curry Recipe, soak the green mung bean in water for at least 2 hours.Pressure cook the green mung bean with water for about 4 whistle till it is just cooked. Once the pressure has released naturally, take them out and pressure cook the yellow moong dal now by adding some water, turmeric powder and pressure cook for 4 whistle.Wait for the pressure to release naturally and mash the dal to a smooth paste.Heat a kadai with oil, add mustard seeds and allow it splutter for few seconds and add curry leaves and be careful as it will splutter quickly.Add the whole shallots and saute until they soften. Add mashed yellow moong dal along with cooked green moong dal and mix well. Cook in simmer.Meanwhile grind the coconut, green chilli, cumin seeds in a mixer and grind it into a smooth paste by adding little water. Add this ground paste into the boiling dal, adjust your salt levels and boil for another 10 minutes and serve hot. Serve the Kerala Cherupayar Curry Recipe along with puttu or steamed rice. It can also be paired with phulka for a lunch box.
",777
23,Nei Appam / Unniyappam Recipe - Coconut Banana Fritters,Kerala,Kerala Recipes,4,"To begin making the Nei Appam / Unniyappam recipe, wash and soak the rice in water for 2 hours. Strain the water completely. Using a blender, grind the rice with very little water to a thick batter. Melt the jaggery with about 1/4 cup of water. Stir in the jaggery syrup, mashed bananas, coconut, salt, eno and cardamom powder to the rice batter.  Make sure all the ingredients are well combined into the batter.The Nei Appam / Unniyappam batter should be of thick pouring consistency.Now, heat a paniyaram pan (a pan with cup shaped depressions). Add a teaspoon of oil or ghee to each depression. Now drop in a large spoonful of Nei Appam / Unniyappam batter into each depression.Allow it to cook for a few minutes until you notice that the top is getting steamed. You can optionally cover the pan to cook the top of the Nei Appam / Unniyappam faster.Turn over after a few minutes to cook on the other side. Cook the Nei Appam / Unniyappam on medium heat, as you want the batter to get cooked evenly from the inside as well.Once the Nei Appam / Unniyappam is browned well and crisp on both sides, remove from the pan and serve hot. Serve the Kerala Style Nei Appam / Unniyappam Recipe as a Tea time snack or even as a school snack box for kids.
",782
24,Kerala Style Vendakka Uppadan Recipe,Kerala,Kerala Recipes,4,"To begin making Vendakkai Uppadan Recipe (Kerala Style Okra Curry Without Coconut), soak the lemon sized tamarind in luke warm water in a bowl for 10 minutes and extract the juice out of it and keep aside.In the meantime, heat a Shallow Fry Pan, and dry roast the ingredients listed under “dry roast and ground to a course mix” till fragrant.Grind them to a course mix using a Mixer grinder, and keep aside.Now, heat oil in the shallow fry pan on a medium flame, add the mustard seeds and let it crackle.Add the asafoetida and curry leaves and allow it to crackle.Now, add the cut okra and sauté for a few minutes until the sliminess disappears.Add the tamarind extract and a cup of water, turmeric powder, salt and let the okras cook with the lid closed. This will take around 3-4 minutes.Now, add the spice mix and let it simmer for other 2-3 minutes. Cook until the curry turns thick considerably.Switch off the flame and serve the Vendakkai Uppadan Recipe (Kerala Style Okra Curry)  with Steamed rice, Snake Gourd Thoran Recipe (Turai Thoran) and Paruppu Podi for a weeknight dinner.
",894
25,Kerala Chicken Roast Recipe,Kerala,Kerala Recipes,4,"To begin making the Kerala Chicken Roast recipe, wash and clean the chicken pieces.In a mixing bowl marinate the cleaned chicken along with  turmeric powder, kashmiri chili powder, lemon juice and salt to taste and keep in the refrigerator for half an hour. This will help the chicken get tender.Shallow fry the marinated chicken pieces in a heavy bottomed pan on medium heat till it becomes golden brown on either side the chicken is just about cooked. Remove the chicken pieces from the pan.To the same pan, heat oil on medium heat; add the sliced onions with a pinch of salt. Cook till onions turn golden brown. Add the ginger and garlic and cook for a few seconds until the flavours start coming through.Add coriander, red chilli, garam masala fennel powder and saute for a few seconds till masala is cooked through.Add sliced tomatoes and curry leaves along salt and mix well. When the tomatoes become soft, add one or two spoons of water to get a nice paste like consistency.At this stage, add the fried chicken pieces and give a good stir till the masala coats the chicken well.The Kerala Chicken Roast pieces should be succulent coated well with the masala. Stir fry the chicken in the masala for about 4 to 5 minutes. Check the salt and spices and adjust to suit your taste.Once done, turn off the heat and transfer the Kerala Chicken Roast to a serving bowl.Serve Kerala Chicken Roast along with Malabar Parotta, Steamed Rice, Pineapple Rasam and a Cabbage Thoran for a weeknight dinner or even a special weekend lunch.
",922
26,Kerala Style Taro Root Curry Recipe (Colocasia),Kerala,Kerala Recipes,3,"To begin making the Kerala style Taro root curry, first thoroughly wash and scrub theboiled Taro roots. (You can soak them for 20-30 minutes in water, so that the dirt comes off easily)Apply some coconut (or any other) oil to your hands and peel them. Be sure to remove the green layer under the skin too.Cut the Taro root into bite sized pieces.In a sauce pan/Kadai or a seasoned earthen pot add the Taro root, tamarind piece(s), salt and some water. Cook on low flame till it is well cooked.Meanwhile, in a mixer blend together the coconut, chilli powder and small onions.Add this mixture to the cooked Taro roots, add salt if required and cook for 5-6 minutes more.Heat oil in a small pan and add the mustard seeds. Once they splutter add the cumin seeds.Add the onions, curry leaves and sauté for a minute.Add the red chillies, sauté for a few seconds and add this tempering to the Taro root curry.Mix well and cook for 1-2 minutes.Your Kerala Style Taroo Root Curry Recipe Is ready, serve with hot rice or phulkas
",923
27,Pavakka Pachadi Recipe - Bitter Gourd Pachadi,Kerala,Kerala Recipes,4,"To begin making the Pavakka Pachadi Recipe, first wash the bitter gourd, cut it lengthwise and remove all seeds. Chop it to small pieces.Add 1 teaspoon of salt and a pinch of turmeric powder to bitter gourd slices and mix well. Keep it aside for 30 to 40 minutes. Bitter Gourd would have left some water. Discard it. Again sprinkle little water, mix and squeeze the bitter gourd slices with your hand. This helps to reduce the bitterness of bitter gourd.Heat oil in a heay bottomed pan, add chopped bitter gourd and saute. Keep sauteing in low medium flame. When the bitter gourd is 75% done, add chopped onions and saute . Meanwhile, prepare the masala. Grind coconut, mustard, green chillies and salt to a smooth water adding little water. When the bittergourd and onions are done, add the ground paste to the roasted veggies, add curd or buttermilk . Give a mix and allow it to gently boil on a low medium flame. Switch off. The next step is to prepare the tempering. Heat oil in a tadka pan, add mustard seeds, when it splutters, add red chillies, curry leaves and pour it over the pachadi.Pavakka Pachadi is ready to be savoured! Serve Pavakka Pachadi along with Keerai Sambar, Steamed Rice and Raw Banana Thoran for a delicious everyday meal
",924
28,Biryani Chammanthi Recipe (Green Chutney Recipe),Kerala,Kerala Recipes,4,"To begin making the Biryani Chammanthi Recipe, keep all the ingredients ready and add them into a grinder and grind it into a smooth paste.Once done add lemon juice and salt and mix well and serve. Serve the Biryani Chammanthi Recipe (Green Chutney Recipe) along with Peppery Mushroom Biryani Recipe or Awadhi Style Chickpea Kofta Biryani Recipe.
",948
29,Omakka Curry Recipe - Kerala Style Papaya Curry,Kerala,Kerala Recipes,3,"To begin making the Omakka Curry Recipe, cut the papaya into medium cubes and mix with red chilli powder, turmeric powder and salt with a little water.Add them into a pressure cooker and cook till it releases 1 whistle. After 1 whistle, simmer for 5 minutes on low heat. Switch off the heat and let the pressure release naturally. In the meantime, soak the tamarind in warm water. Take out the pulp after 15 minutes and keep it aside.In a mixie jar, take the grated coconut, green chillies, 1 sambar onion, and cumin seeds with a little water and proceed to make a fine paste. Keep it aside.Open the cooker, mash the cooked papaya into a soft pulp and mix with the coconut green chilli and onion paste. Switch on the heat again. Cook it on a very low flame. Water can be added at this stage if you need less consistency in your curry. Keep stirring for only a few seconds and then add the tamarind pulp to it.Cook this for 3 or 4 minutes on a low flame. Switch off the flame.Heat required oil in a tadka pan. Add mustard seeds and when they crackle, add thinly sliced sambar onions.When the onions turn brown, add the dry red chillies and curry leaves.  Saute for about 15 seconds and turn off the gas.Pour this onto the papaya curry and give it a stir. Serve hot.Serve Omakka Curry along with Kerala Matta Rice/ Steamed Rice for a weekday lunch. You can also serve it with Phulka and Beetroot Raita for your everyday meals.
",955
30,Kerala Special Mambazha Puliserry Recipe,Kerala,Kerala Recipes,6,"To begin making the Kerala Special Mambazha Puliserry recipe, first heat a heavy bottomed pan with 2 cups of water.Add the mangoes, green chillies and cook covered for 10 to 15 minutes over low flame. You can optionally squeeze out some pulp to make a gravy.When the mangoes are simmering, prepare the masala paste by grinding coconut, cumin seeds, turmeric powder, chilli powder in a mixer jar using 1/4 cup of warm water to a smooth paste.Once the mangoes are cooked, add the ground masala paste and cook the Mambazha Puliserry over low flame for 5 to 7 minutes in the same pan.Now add the whisked curd and give the Mambazha Puliserry a brisk boil and turn off the heat. Check the salt and spices and adjust accordingly. Heat a tadka pan with coconut oil over medium heat; add the mustard seeds, methi seeds and allow them to crackle. Add the dry red chillies and the curry leaves and stir fry for a few seconds.Pour the tempering over the Mambazha Puliserry and transfer to a serving bowl and serve hot.Serve Kerala Special Mambazha Puliserry with hot Steamed Rice and Elai Vadam for a delicious weekday meal.
",993
31,Kerala Style Vedakkai Pachadi Recipe - Kerala Style Vendakkai Pachadi (Recipe in Hindi),Kerala,Kerala Recipes,4,"To make Kerala Style Vedakka Pachadi, first cut the lady finger round. Add salt and 2 teaspoons of oil to it. Mix and spread it on the baking sheet. Preheat the oven to 350 degrees. Bake for 15 to 20 minutes. Now add green chilies and bake for 4 more minutes. Take it out of the oven and keep it aside. Now take yogurt in a bowl and beat well. Now add coconut with cumin and grind it. Now heat oil in a small pan and add mustard seeds. After 15 seconds, add red chilli and roast it for 20 seconds. Now add ground coconut mixture, salt and cook it for 3 minutes. Now add baked okra to it and cook it for 3 minutes. Turn off the gas and allow it to cool. After cooling, add yogurt and mix. Serve. Serve Kerala Style Vedakka Pachadi with mixed vegetable sambar and rice for dinner.",1101
32,Caramel Folded Plum Cake Recipe,Kerala,Kerala Recipes,1,"To begin making Caramel Plum Cake Recipe, soak all the dry fruits in rum or fruit juice like apple juice or orange juice. It is best if you soak the dry fruits for at least a week.On the day of baking, preheat the oven at 350F or 180 degree centigrade.Caramel SyrupTake a hard bottom pan, spread sugar and keep on low medium flame. It will melt down and then change its color to brown. Do not use spoon, just swirl the pan.When color changes to brown, take it out of the stove and add same amount of hot water. Sugar syrup will solidify, keep back on stove and slowly allow sugar to dissolve. Now you can use spoon, it will take 10-15 mins. Cool it.Cake:Drain rum/juice from soaked dry fruits, spread 2-3 tablespoon of flour on this to prevent it from settling at the bottom of pan. Also save any drained rum to pour over the cake at the end.Whisk butter and sugar very well in a mixing bowl. Add eggs and again whisk.Take all the dry ingredients separately- flour, spices, salt, baking soda, baking powder- give a nice mix.Now add dry ingredients to wet ingredients slowly folding well with spatula.Add the drained dry fruit/nuts/tutti fruity and caramel syrup, alternately and fold well with spatula.Grease the baking pan with butter. Pour the cake mix to pan.            Now you can pour the drained rum over the mix in pan, this gives a nice color and flavour.Bake for 40-50 minutes in a preheated oven.After about 30-40 minutes, check if the top of the cake is getting very dark, if yes, cover with aluminum foil and bake further. Check with toothpick after 30-40 mins to see if toothpick comes out dry.Cool completely, better when served next day. Serve Caramel Plum Cake Recipe for snacks, along with Masala Chai Recipe - Indian Spiced Tea and Achappam Recipe | Kerala Style Fried Rose Cookies.",1206
33,Mambazha Pulissery Recipe - Mango Mor Kuzhambu Recipe,Kerala,Kerala Recipes,3,"To begin making the Mambazha Pulissery recipe, peel and slice the mango.In a deep pan, add 2 cups of water, mango slices, slit green chillies and turmeric powder and boil till the mangoes are well cooked and soft.In the meantime add the grated coconut, jeera and jaggery along with water into a mixer grinder & grind into a very smooth paste.Once the mangoes are soft, add the ground Pulissery paste to this. After this keep stirring for a while so that the curry does not curdle.Once the Mambazha Pulissery is thick, lower the flame. Beat the yogurt lightly with a fork and add it to the curry. Switch off the flame.Heat oil in a heavy bottomed pan. Add mustard seeds and let it crackle. Add curry leaves and red chillies. Let it crisp up and then add it to the Mambazha Pulissery. Check the salt to taste and adjust accordingly.Serve the Mambazha Pulissery Recipe-Mango Kuzhambu along with Steamed Rice & Kerala Vendakka Thoran Recipe (Okra Stir Fry with Coconut) a for a simple lunch or dinner.",1211
34,Neymeen Vatti Pattichathu Recipe - Seer Fish In Spicy Masala,Kerala,Kerala Recipes,4,"To begin making the Neymeen Vatti Pattichathu Recipe, we will first grind the ingredients mentioned in the list to a coarse paste including onion, dry red chillies, garlic, ginger, green chillies and keep it aside.Marinate the fish with lemon juice, turmeric powder, salt and keep it aside for 15 minutes.Heat a flat skillet with coconut oil, add curry leaves and allow it crackle for few seconds.Add the ground onion paste and keep stirring till the raw smell goes away. Make sure you do this in low flame and not let the onions burn.Add turmeric powder, tamarind water and give it a stir. Allow the water to reduce and place the marinated fish pieces gently on the gravy.Sprinkle salt and pour half of coconut milk and give it a stir gently. Cover it with the lid and cook for 10 minutes.Add remaining of the coconut milk and cover it and cook for another 20 minutes.Check for salt and give one last stir gently and serve hot.Serve the Neymeen Vatti Pattichathu Recipe along with Steamed Rice and Rava Fried Prawns to form a delicious meal for your Sunday.",1342
35,Aam Ki Kheer Recipe - Mango Coconut Payasam Recipe,Kerala,Kerala Recipes,4,"To begin making the Aam Ki Kheer/ Mango Coconut Kheer recipe, wash the mangoes and cut the mango into slices. Add it to a blender (reserving few pieces for garnishing) and blend into thick puree adding little water.Heat a heavy bottomed pan with a teaspoon of ghee. Pour the mango puree and cook in low flame until it comes to boil.Add palm sugar and cardamom powder to it. Mix well and boil until sugar dissolves.Switch off the flame, add fresh coconut and coconut milk to make the Aam Ki Kheer. Mix well and add chopped badam. Pour the Aam Ki Kheer/ Mango Coconut Kheer into serving glasses and add fresh mango pieces on top and server chilled. Serve Aam Ki Kheer Recipe/ Mango Coconut Kheer as a dessert after your festive meal of Mixed Vegetable Sambar, Steamed Rice, Pineapple Rasam, Chow Chow Thoran, Yellow Cucumber Pachadi and Elai Vadam.
",1522
36,Guava And Papaya Mimosa Drink Recipe,Kerala,Kerala Recipes,2,"To begin making Guava And Papaya Mimosa Drink Recipe, get all the ingredients handy and ready.Pour equal quantity of guava and papaya juice into serving glasses.Squeeze equal quantity of lime and orange juice into it.Top the glass with sparkling wine/ champagne.Garnish with few chunks of papaya/ guava if required.Serve Guava And Papaya Mimosa Drink Recipe chilled, along with party appetizers like Assorted Cheese Platter Served With Fruits & Crackers and Protein Fingers Recipe.
",1542
37,Kerala Style Christmas Plum Cake Recipe,Kerala,Kerala Recipes,6,"To begin making the Kerala Style Christmas Plum Cake Recipe first line a 9″ tin with grease proof paper and set it aside for later use.Soak the dry fruits (raisins, dry cherries, cashew, almond, tutti frutti, dry figs, soaked in rum or the juice of 3 oranges, preferably for a month, if not a day in advance, at least)Drain the soaked dry fruits, next and retain the soaked rum in a bottle for later use.Place the soaked dry fruits and the juice of an orange in a sauce pan. Cover it, place it over a medium heat and allow it to cook until the juice is absorbed.If you are making a non-alcoholic version, soak the dry fruits in the juice of 3 oranges overnight or for a couple of hours at least. When baking the cake, cook them in the same juice until all the juices are absorbed.If for some reason you have not pre-soaked the fruit, you can also soak and cook them instantly in 50-50 mix of rum and orange juice to get the intensity of flavour in a shorter time. For best results, pre-soaking the fruit is recommended.Next, spread the cooked dry fruits on a plate and let it cool completely.At this stage, preheat the oven to 180 C.In a large mixing bowl, sieve together the all purpose flour, baking powder, baking soda and all the spice powders.Add the soaked, cooked mixed fruits in the flour and mix well so that the fruit is completely coated. Keep this aside. Tossing fruits in flour is to avoid fruits falling to the bottom of the cake during baking time. It will ensure that the cake remains studded with fruit, right through.Cream together the butter, ghee, egg yolks and the castor sugar until it is light and fluffy.Add flour-fruits to the butter mixture, alternating with milk. Ensure that you begin and end with additions of the fruit mixture. Stir well with spatula to blend uniformly.Next, beat the egg whites till they are stiff peaks. Add 4 tablespoons sugar and lime juice and beat again. Now, fold in the egg whites to the cake mixture. Add the caramel and orange candied peel and mix it using a spatula.Pour plum cake batter into prepared pan. Smoothen it well (If you like an uneven top, save a small handful of floured dry fruits and sprinkle it on top or arrange some blanched and peeled almonds in a pattern or you can sprinkle some dried cherries on top )Place the plum cake in the preheated oven and bake for about 90 - 105 minutes or till a toothpick inserted in center comes out clean.Check for doneness after 60 minutes, as the cooking time will vary from one oven to another.When cooked through, remove the tin from the oven and let it sit in the cake tin to cool slightly.When the cake is still warm pour 1/8th cup rum or brandy over the cake and remove from the tin and cool it over a cooling rack.Serve it at Christmas or slice and store away for a tea time treat. Once the cake has cooled completely, sprinkle some more alcohol over it and cover it tightly with clingfilm. Then wrap it in aluminium foil or brown paper and store it in a dark cool place.Sprinkle some alcohol over the Kerala Style Plum Cake once in 4 days or a week, as this really deepens the flavours.If you do not want to keep it out, you can also refrigerate it, and remember to thaw it a day before Christmas or when you are serving it.The Kerala Style Plum cake keeps refrigerated for at least 3 months.
",1577
38,Kerala Style Chemmeen Moilee Recipe - Prawn Curry,Kerala,Kerala Recipes,4,"To begin making the Kerala Style Chemmeen Moilee Recipe - Prawn Curry, marinate the shrimps with turmeric powder and lemon juice and keep it aside for at least 15 minutes.Heat a kadai with oil, add cinnamon, cardamom pods, pepper corns and allow it to sizzle. Add whole shallots and saute until they turn slightly brown.Once done add chopped ginger, garlic and saute until they soften. Now add the tomatoes and salt to taste. Do not mash them completely. Cook till the tomatoes just turn soft.Once done add coconut milk along with turmeric powder and salt and bring it to a boil. Stir in the sugar and slowly drop in the shrimps and cook in a medium heat for about 20 minutes till the shrimp are cooked.Once done turn off the heat and transfer the Kerala Style Chemmeen Moilee to a serving bowl and serve hot.Serve the Kerala Style Chemmeen Moilee Recipe along with Steamed Rice or kerala parotta and Cabbage Thoran.
",1579
39,Chyna Upper Recipe - Eggplant Foot Yam Stir Fry Recipe,Kerala,Kerala Recipes,4,"छेना उप्पेरि रेसिपी बनाने के लिए सबसे पहले एक सॉसपैन में पानी और नमक डाले। इसको उबलने दे. अब इसमें सुरन डाले और आधा पकने तक पका ले. पानी निकाल ले और सुरन को सूखने के लिए पेपर टॉवल पर रख दे. एक कढ़ाई में तेल गरम करें। इसमें राइ, कढ़ी पत्ता डाले और राइ को तड़कने दे. राइ के तड़कने के बाद इसमें लहसुन, प्याज डाले और प्याज के नरम होने तक पका ले. अब इसमें हल्दी पाउडर, लाल मिर्च पाउडर, सौंफ पाउडर और काली मिर्च पाउडर डाले। 2 मिनट के लिए पका ले. 2 मिनट के बाद, सुरन डाले और मिला ले. कढ़ाई को ढके और पकने दे. अगर निचे से चिपक रहा है तो थोड़ा पानी डाले। सुरन के अच्छी तरह से पक जाने तक पकाए। पक जाने के बाद, गैस बंद करें और परोसे।छेना उप्पेरि रेसिपी को दही चावल या कीरई सांबर, चावल और पापड़ के साथ दिन के खाने के लिए परोसे। 
",1829
40,Prawns Theeyal Recipe (Chemeen Theeyal),Kerala,Kerala Recipes,4,"To begin making the Prawns Theeyal recipe, start by taking grated coconuts in a blender and blending it so it becomes fine.This will help the coconut to brown evenly and faster.In a wok/kadhai, take coconuts and start roasting on medium flame. Stir every 10 seconds to avoid burning.Once the coconuts have achieved light brown colour add coriander seeds, red chilly, some curry leaves, 2-3 shallots, cumin seeds, fenugreek, turmeric powder and roast.Once the coconut mixture is nicely roasted and achieved a deep brown colour take it off heat to cool.Once cooled blend the mixture in blender. First blend it to powder everything. Then add the tamarind pulp and little water and blend. Blend till it becomes a cohesive smooth paste.In the same wok/kadai, heat some coconut oil. Once hot, splutter some mustard seeds.Add the remaining shallots and garlic and sauté till everything turns translucent.Add curry leaves and sauté for another minute. Add the coconut paste in and give a good mix. Add 1 cup water and bring to a boil.Add salt as per taste and let it boil until the oil starts appearing on top. This will take 5-10 minutes.Now add cleaned prawns and let it cook for 3-5 minutes before switching off the flame.Serve Prawns Theeyal Recipe with hot steamed rice for a perfect weekday meal.",1856
41,Kerala Style Eggplant Curry Recipe,Kerala,Kerala Recipes,4,"To begin making the Kerala Style Eggplant Curry recipe, heat oil in a heavy bottomed pan and shallow fry the eggplant till slightly crisp.Remove the fried eggplant from the oil and drain on kitchen towel. Keep it aside.Into the same wok, add the mustard seeds and allow it to splutter.Add the fennel seeds and saute till raw smell disappears. Now add the green chillies, onions and curry leaves and saute till onions turn light brown.Once the onions have browned well, add the chilli powder, coriander powder and turmeric powder and saute till raw smell disappears.Add the chopped tomato and saute for a few seconds till all the ingredients have combined well.Add enough water (add according to how much gravy you would want. I like a thick curry, so did not add too much water) and cover and cook for a few minutes. Allow the curry to boil well and eggplant to soften a little.Now add the thick coconut milk and stir well. Cook till small bubbles appear here and there. Switch off flame and add the chopped coriander leaves. (optional)Your Kerala Style Eggplant Curry is ready to be served.Serve Kerala Style Eggplant Curry with Roti or steamed rice for a weekday lunch.",1893
42,Mulakushyam Recipe - A Mixed Vegetable Lentil Curry,Kerala,Kerala Recipes,4,"To begin making the Mulakushyam Recipe - A Mixed Vegetable Lentil Curry, first prepare the vegetables by peeling and cutting them. Wash the dal and keep aside.We will now cook everything a single pot, by either using a pressure cooker or using a sauce pan method. If using the sauce pan method, follow the same instructions as below and cook until the dal is soft and cooked through.Place the washed dal, the chopped vegetable, slit green chillies into the pressure cooker. Add the turmeric,salt and about 2 cups of water. Place the weight on and pressure cook until you hear two whistles. After 2 whistles, turn the heat to low and simmer for a couple of minutes and turn off the heat.Allow the pressure to release naturally. Once the pressure has released, add the curry leaves, the coconut oil, salt and pepper to taste. Stir and give the Mulakushyama brisk boil. Turn off the heat and transfer to a serving bowl.Serve the Mulakushyam along with Steamed Rice , Elai Vadam and Pisarna Manga Recipe for a quick and wholesome weeknight dinner.",2111
43,Cabbage Thoran / Poriyal Recipe - Cabbage Thoran Recipe,Kerala,Kerala Recipes,4,"पत्ता गोभी थोरन रेसिपी बनाने के लिए सबसे पहले एक मिक्सर ग्राइंडर में नारियल, छोटे प्याज, लहसुन, हरी मिर्च, कढ़ी पत्ता डाले और पीस ले. अलग से रख ले. अब एक कढ़ाई में तेल गरम करें। इसमें उरद दाल डाले और उसके सुनहरा भूरा होने तक पका ले. अब इसमें राइ डाले और तड़कने दे.अब इसमें सुखी लाल मिर्च डाले और 10 सेकण्ड्स के लिए पका ले. 10 सेकण्ड्स के बाद इसमें पत्तागोभी डाले और उसके नरम होने तक पका ले.  नरम होने के बाद इसमें नारियल का पेस्ट, नमक, हल्दी पाउडर और कढ़ी पत्ता डाले और मिला ले. 3 से 5 मिनट के लिए पका ले और गैस बंद कर ले. पत्ता गोभी थोरन रेसिपी को मिक्स्ड वेजिटेबल सांबर और चावल के साथ दिन के खाने के लिए परोसे. 
",2308
44, Carrot and Beans Thoran (Recipe In Hindi),Kerala,Kerala Recipes,4,"गाजर और बीन्स का थोरन बनाने के लिए सबसे पहले गाजर और बीन्स को धोकर काट ले. अब एक बाउल ले, उसमे कटी हुई सब्ज़ी, प्याज, हरी मिर्च, जीरा पाउडर, हल्दी पाउडर, नमक डाले और मिला ले.अब एक कढ़ाई में तेल गरम करें। इसमें राइ और कढ़ी पत्ता डाले और 10 सेकण्ड्स तक पकाए।10 सेकण्ड्स के बाद, इसमें सब्ज़ियो का मिक्सचर डाले, मिलाए और कढ़ाई को धक् ले. जब सब्ज़िया नरम हो जाए, इसमें कैसा हुआ नारियल डाले और मिला ले. अगले 3 मिनट और पकाए और फिर गैस बंद करदे।गाजर और बीन्स के थोरन को मिक्स्ड वेजिटेबल सांबर और चावल के साथ दिन के खाने के लिए परोसे।
",2311
45,Baked Banana Chips Recipe,Kerala,Kerala Recipes,2,"To begin making Baked Banana Chips Recipe, take a bowl, add sliced banana, paprika powder, black pepper powder, salt to taste and a bit of olive oil to coat.Mix everything well and make sure that the banana slice gets coated well with oil and masala.Preheat the oven to 200 degree celcius for about 10 minutes. Meanwhile, spread coated banana slices over the baking sheet lined with a parchment paper.Bake at 200 degree celcius for 20-25 minutes or till they become crisp. Keep checking them as different oven takes different time to bake.Serve Baked Banana Chips Recipe along with Tomato and Sunflower Seed Dip Recipe or Coconut & Ricotta Dip with Banana Chips Recipe during tea time for snacking, along with a Smoothie",2374
46,Achappam Recipe | Kerala Style Fried Rose Cookies,Kerala,Kerala Recipes,10,"To prepare Achappam Recipe | Kerala Style Fried Rose Cookies, sift flour through a sieve.In a large mixing bowl, add coconut milk and transfer the flour slowly while you keep stirring in a spatula to make a fine batter.Beat eggs in a bowl till fluffy and add it into the flour batter.Now start adding powdered sugar gradually and whisk the batter using an electric blender to avoid lumps and make a fine and smooth batter.If you find the batter to be too thick, you can adjust it with more coconut milk.Add fennel seeds and pinch of salt and give a quick stir to the batter.The consistency of the batter should neither be too thick nor too thin. Now take a thick bottomed broad frying pan and heat oil. As soon as the oil gets heated up nicely, immerse the iron/steel mold into it completely and hold on for a minute.Now take out the hot mold and immediately immerse it in the flour batter. Make sure the mold is only 3/4 immersed in batter, to ease the cookies to to transferred to oil when they are being fried.Now again dip the batter coated on the mold in hot oil completely and hold on for a minute or two, till the batter gets golden and crispy. As soon as the batter is cooked it will detach from the mold itself. Remove the mold and carefully take out the achappam from oil using a perforated ladle.Transfer the achappam to a kitchen towel to absorb excess oil.Repeat the same process with rest of the batter.Serve these Kerala Style Fried Rose Cookies (Achappam) as an evening snack along with smoothie",2413
47,Kerala Style Mutton Stew Recipe,Kerala,Kerala Recipes,2,"To begin making the Kerala Style Mutton Stew Recipe, clean and wash the mutton pieces and keep them aside.Dice the onion, chillies, and tomatoes into small pieces.Peel and dice the potatoes into four pieces and keep it aside. Grind the coriander seeds and poppy seeds separately to a fine paste. Grind the ginger and garlic together. Next add onions, chilies, tomatoes, spices and salt to the mutton and give it a good stir so that mutton pieces are coated properly.Heat the oil and add spices including poppy seeds, cinnamon, cloves and coriander seeds. Cook it for few minutes and make sure that spices are not getting burnt.Add the mutton and fry it for a while. Add just sufficient water to cook the mutton; cook till the time mutton pieces become tender and cooked.Next, add the grated coconut & chopped coriander leaves. Cook it for 7 to 9 minutes on low heat and serve it hot.Serve Kerala Style Mutton Stew along with Kerala Pumpkin Pachadi and Kerala Parotta for a weekday meal.
",2414
48,Semma Rice Coconut Milk Sauce Recipe- Red Rice Sauce,Kerala,Kerala Recipes,4,"To begin making Chemba Arisi Thengai Paal Payasam first wash Chemba rice well in water and soak for half an hour.Add soaked rice in a pressure cooker and add three and a half cups of water.Pressure cook rice for five whistles to get soft well cooked rice.While the rice is getting cooked keep a saucepan on medium flame add one fourth cup water and half a cup of jaggery and let the jaggery melt.This will take about five minutes on medium flame. If you like your payasam to be more sweet then u can add more jaggery.Open the pressure cooker and mash the rice lightly using a potato masher or the back of a spoon.Strain the jaggery water and mix it in with the rice. Add the cardamom powder to rice and jaggery mix. Simmer the rice and jaggery mixture for about 5 mins and add coconut milk.Simmer till the Chemba Arisi Thengai Paal Payasam becomes thick and creamy in consistency - about 5 minutes.In a tadka pan add ghee and once the ghee is hot first fry cut coconut pieces till it turns light brown in colour and then add cashew nuts in the  pan and fry till they turn golden brown.Add the fried cashew nut and coconut pieces to the Chemba Arisi Thengai Paal and serve hot. Serve Chemba Arisi Thengai Paal as a dessert with a meal of White Pumpkin Mor Kuzhambu , Steamed Rice and Kerala Style Karamani Thoran for a delicious weekend lunch.
",2449
49,Mulangi Thoran Recipe - Radish Stir Fry With Coconut,Kerala,Kerala Recipes,4,"To begin making the Mulangi Thoran Recipe (Raddish Stir Fry with Coconut), we will first steam the radish in a vegetable steamer and keep it ready.Blend all the ingredients ""to be ground"" including fresh coconut, green chillies, curry leaves, ginger, salt into a coarse paste and keep aside.In a heavy bottom pan, add mustard seeds, cumin seeds, and allow it to crackle. When they crackle, add curry leaves.Add the cooked radish, the ground coconut mixture and give it a stir.Add turmeric powder, salt to taste and stir fry for about 3 to 4 minutes until the Radish thoran is well incorporated. Once done, serve warm.Serve the Mulangi Thoran Recipe along with Steamed Rice, Dal Palak Recipe or Mango Rasam Recipe to complete your lunch plate.",2501
50,Kerala Style Appam Recipe Without Yeast,Kerala,Kerala Recipes,8,"To begin making the Kerala Style Appam, we need to first soak the rice along with the fenugreek seeds in water for at least 3 to 4 hours.Once soaked, grind the rice along with the grated coconut and the cooked rice. Add very little water to make a thick and smooth batter. Once ground into a batter. Add a little salt and sugar to taste and allow the appam rice batter to ferment for about 6 hours in a warm place. The fenugreek in the batter, will help in light fermentation of the batter.After 6 hours, the appam batter is now ready to be used. When you are ready to make the appams, stir in the baking soda and allow it to rest in the batter for about 5 minutes.Preheat the Appachetty or the Appam pan on medium high heat. Pour a ladle of batter on the Appachetty and swirl the pan in circular fashion to spread the batter.The batter will be thick in the center and thin on the sides. Cover the pan with a lid for approximately 2 minutes until it is crisped and golden brown on the sides and the centre is steamed and cooked.Serve the Kerala Style Appam along with Kadala Curry or Kerala Style Vegetable Stew for breakfast or a wholesome weeknight dinner.",2510
51,Moru Kachiyathu Recipe - Kerala Style Seasoned Buttermilk,Kerala,Kerala Recipes,4,"To begin making the Moru Kachiyathu Recipe (Kerala Style Seasoned Buttermilk), add the curd into a big bowl and whisk it to a silky texture.To this add water and whisk it to get to a semi thick buttermilk consistency. Heat coconut oil in a wok, add the mustard seeds and let it crackle.Add the methi seeds, curry leaves, red chillies and let it splutter.To this add the finely sliced shallots, garlic and saute until the onions turn translucent.Add the chopped ginger, green chillies, turmeric powder and flash fry it.Keep the heat to low, and slowly add the buttermilk into the wok.Keep stirring, until the buttermilk get just warm and starts to bubble. Make sure you don't bring it to a boil to avoid curdling.Switch off the flame, season with salt and mix well. Serve the Moru Kachiyathu Recipe (Kerala Style Seasoned Buttermilk) along with Mixed Vegetable Sambar, Steamed Rice and Beetroot Thoran to make it a perfect simple meal for a weekday lunch.",2632
52,Raw Banana Thoran Recipe,Kerala,Kerala Recipes,4,"To begin with, the Raw banana Thoran first, cut the raw banana into half and boil it in the pressure cooker for 3 to 4 whistles and turn off the heat. Once cooked, through, peel the skin and cut into dices.Blend all the ingredients ""to be ground"" into a coarse paste and keep aside.In a heavy bottom pan, add mustard seeds and allow it to cracke. When they crackle add dry red chillies, curry leaves, onions and garlic. Sauté until the onions soften. Add the cooked banana, the ground coconut mixture and give it a stir.Add the salt to taste and stir fry for about 3 to 4 minutes until the raw banana thoran is well incorporated. Once done, serve warm.Serve the Raw Banana Thoran along with Steamed Rice, Beetroot Sambar and Yogurt for a comforting meal.",2649
53,Kerala Thenga Chammanthi Recipe- Coconut Onion Chutney,Kerala,Kerala Recipes,4,"To begin making Kerala Thenga Chammanthi Recipe, prep up all the ingredients first.In a mixer grinder add coconut, shallots, tamarind, dry red chillies, ginger, curry leaves and salt to taste. Add about 2-4 tablespoons of water and grind the chammanthi to get a coarse mixture. Once done transfer the Thenga Chammanthi into a serving bowl and serve.Serve Kerala Thenga Chammanthi Recipe with Steamed rice or Kerala Style Kanji Payar Recipe,  Egg White Omelette Recipe With Spinach and curd for lunch or dinner. You can also serve it with Ragi and Oats Dosa or Homemade Soft Idli for healthy breakfast.",2671
54,Malabar Parrot Recipe - Kerala Parrot Recipe,Kerala,Kerala Recipes,4,"To begin making the Malabar/Kerala Parotta recipe, in a mixing bowl or a food processor, add the maida, ghee, milk, sugar, salt and sufficient lukewarm water and make a firm dough.Cover the malabar parotta dough and allow it to rest 15 to 20 minutes.Divide the malabar parotta dough into equal portions and roll them into balls.Place a ball on a worktop and roll the malabar/kerala parotta with the help of a rolling pin into thin sheet.Now apply some ghee on the rolled malabar parotta and dust it with the little maida.Make small pleats like an accordian and then bring the pleats together. Start to roll the malabar parotta into a round pinwheel from one end. Dust in flour and roll into a circular shape.Do the same with the remaining portion of the malabar parotta dough. Heat the tawa over medium heat; add the rolled out malabar/ kerala parotta and cook without ghee for a few seconds until the raw look goes away. Drizzle little ghee and cook the malabar parotta from both sides until lightly brown and crisp.Serve Malabar Parotta with Vegetable Kurma and Kerala Style Egg Roast Curry Recipe as a weeknight dinner or as a paratha for and indian party menu with friends and family.",2736
55,Kerala Style Tomato Fry Recipe,Kerala,Kerala Recipes,4,"To begin making the Kerala Tomato Fry Recipe, heat oil in a heavy bottomed pan. Add mustard seeds, dry red chillies and let the mustard seeds crackle.Once mustard seeds start to crackle, add curry leaves, green chillies and onions. Saute it for 1 minute and add ginger garlic paste.Saute it again till onion turn into golden brown in colour. Next add kashmiri red chilli and turmeric powder.Mix well and add the chopped tomatoes. Let it cook 5 for 7 minutes till the tomatoes turn soft. Add the required salt and cook for another few seconds.Turn off the flame, transfer it in a bowl and garnish it with fresh chopped coriander leaves. Our Kerala Style Tomato Fry is ready to serve.Serve Kerala Tomato Fry Recipe along with Tomato Onion Sambar and Homemade Soft Idlis for breakfast or for a light dinner.",2934
56,Kerala Chicken Curry Recipe - Nadan Kozhi Curry,Kerala,Kerala Recipes,3,"To begin making Kerala Chicken Curry Recipe, we need to first marinate the chicken. In a mixing bowl, combine the chicken pieces along with red chilli powder, turmeric powder, salt and rub the spices well on the chicken pieces. Set aside for an hour. In a kadai, add 2 tablespoons of coconut oil and heat on medium heat. When the oil is hot, add thinly sliced onions and the curry leaves. Add a pinch of salt while sautéing the onions, this helps in speeding up the process of the onions browning. This will take about 5-7 minutes.Once the onions are brown, add crushed ginger and garlic. Stir till the raw smell goes away.Add in chopped tomatoes, saute till tomatoes turn mushy. Next add in the spices- red chilli powder, coriander powder, fennel powder, turmeric powder, garam masala, salt and mix the ingredients well. Once the oil starts to separate from the sides, add in the marinated chicken pieces along with the marinade and toss gently until the Kerala chicken is well coated with the masalas.Cover with a lid and cook the Kerala Chicken Curry on low flame for about 10 to 12 minutes.Stir in between. If it's dry, add two tablespoons of water and give a stir. Pour thick coconut milk and adjust salt and allow to boil on medium flame. Adjust the consistency of the Kerala Chicken Curry to your choice, and switch off the flame. Garnish with chopped coriander leaves. Cover the Kerala Chicken Curry and allow to rest for the flavours to get incorporated into the chicken. Serve Kerala Chicken Curry Recipe along with Nei Choru or even Malabar Parotta for a delicious weekday lunch. 
",2943
57,Kerala Pumpkin Black Eyed Beans Erissery Recipe,Kerala,Kerala Recipes,4,"To begin making Kerala Pumpkin Black Eyed Beans Erissery Recipe first soak he black eyed beans for an hour and after an hour add it to a pressure cooker with half a cup of water and pressure cook for 3 to 5 whistles. Let the pressure release on its own.Next grind the ingredients - coconut, cumin and green chillies with a little water to make a coarse paste and keep aside.Now in a wok add the pumpkins, turmeric powder, red chilli powder and salt and sprinkle some water and cook on medium heat till the pumpkins are nearly cooked.Add the ground coconut masala and the boiled black eyed peas to the pumpkin and stir and mix everything well.Cook the Kerala Pumpkin Black Eyed Beans Erissery mixture on medium heat for another five minutes till the pumpkins are completely cooked. Switch of the heat. Check the salt and seasonings and adjust the taste of the Kerala Pumpkin Black Eyed Beans Erissery accordingly.Next in a tadka pan heat oil and add the ingredients listed under tadka. First add the mustard seeds and let it splutter, then add the curry leaves and red chillies.Add the sliced onions to the tadka pan till they turn golden brown in colour and finally add the coconut and saute till the coconut turns golden brown in colour as well.Add this to the Kerala Pumpkin Black Eyed Beans Erissery and serve hot.Serve Kerala Pumpkin Black Eyed Beans Erissery as a side to a Kerala Sadhya of Vellarikka Manga Curry, Kootu Curry, Matta Rice and Ada Pradhaman.",3014
58,Kerala Style Vattayappam Recipe (Steamed Coconut Rice Cakes Recipe),Kerala,Kerala Recipes,4,"We begin making the Kerala Style Vattayapam Recipe (Steamed Coconut Rice Cakes Recipe) by soaking the broken rice in water for about 8 hours. Then grinding it into a smooth paste along with cumin seeds.In a bowl add the rest of the ingredients, including yeast. Mix well and rest for overnight to get a nice fermented batter or else you can rest for 4 hours.Heat a steamer, add the batter to a greased tray, pour in the batter and steam it for about 45 minutes till it is done. You can add raisins on the top, half the way while it is steaming.In order to check if it is done, the cake should not stick to your hand once you touch it and if you insert a knife it has to come out clean.Serve the Kerala Style Vattayappam Recipe (Steamed Coconut Rice Cakes Recipe) as a healthy Tea Time Snack.
",3029
59,Nadan Meen Kari Recipe (Kerala Style Fish Curry),Kerala,Kerala Recipes,4,"To prepare Nadan Meen Curry or Kerala Style Fish Curry, Clean the fish well and cut into pieces. Add salt and turmeric powder to the fish and let it sit for 15 minutes.Then wash the fish again well. Add 1 teaspoon of salt, 1 teaspoon red chili powder and 1/4 teaspoon turmeric powder. Rub it all over the fish, place them inside the fridge and leave it to marinade for 30 minutes to 1 hour.Heat coconut oil in a clay pot. When oil turns hot add mustard seeds and wait till it crackles. Then add chopped shallots and sauté till onions turn pink.Add ginger-garlic paste and cook till raw smell of the paste is gone.Add tomato puree and cook until the puree turns thick and oil separates from the sides of the pan.Mix all the spice powder with 1 tablespoon water into a thick paste. Add this paste into the pan and cook for about 3 minutes.Add 1 cup water and bring it to boil. Add salt to taste and continue to boil for another 3 minutes.Now add kodumpuli and boil for another 10 to 15 minutes until the curry turns a little thick.Now add the marinated fish, reduce flame, cover and continue to cook on low flame for about 7 to 10 minutes or until the fish is cooked well.Turn off flame. Nadan meen kari is ready to be served with steamed rice.
",3107
60,Pazhutha Manga Pachadi Recipe - Kerala Style Ripe Mango Curry,Kerala,Kerala Recipes,4,"To make the Pazhutha Manga Pachadi Recipe, first place the chopped mangoes, salt, red chilli powder, haldi powder, mustard powder, curry stalks, coconut and jaggery in a saucepan, along with 1 cup water.Place the saucepan on high heat and bring it to a boil. Lower the heat to medium, cover the saucepan and cook for about 10 minutes until the mangoes are softened.Next, stir it, check for salt and mash the mangoes lightly, still leaving some chunks and the seeds in the pan. Turn off the heat and serveServe Pazhutha Manga Pachadi along with Steamed Rice and Kerala Style Kappa Ulathiyathu Recipe (Tapioca Stir Fry Recipe) for a complete meal.
",3121
61,Kerala Style Egg Roast Curry Recipe - Kerala Style Egg Roast Curry Recipe,Kerala,Kerala Recipes,3,"केरला स्टाइल एग रोस्ट करी बनाने के लिए सबसे पहले कढ़ाई में तेल गरम कर ले. इसमें अदरक, लहसुन, प्याज और कढ़ी पत्ता डाले। आंच को मध्यम पर रखें और प्याज के नरम और हल्का भूरा होने तक पका ले.  अब इसमें गरम मसाला पाउडर, काली मिर्च पाउडर, लाल मिर्च पाउडर, धनिया पाउडर, हल्दी पाउडर डाले और अच्छी तरह से मिला ले. 2 मिनट तक पकने दे. 2 मिनट के बाद इसमें टमाटर और नमक डाले। 3 से 4 मिनट के लिए पकने दे.  3 से 4 मिनट के बाद 1/4 कप पानी डाले और उबलने दे. उबाला आने के बाद, आंच को धीमा करें और इसमें उबले हुए अंडे डाले। कढ़ाई को ढके और धीमी आंच पर 10 से 15 मिनट के लिए पकने दे. गैस बंद करें और हरे धनिये से गार्निश करें। केरला स्टाइल एग रोस्ट करी रेसिपी को तवा पराठा या अप्पम के साथ सुबह के नाश्ते के लिए परोसे। आप इस करी को चावल और सलाद के साथ दिन के खाने के लिए भी परोस सकते है.
",3147
62,Spicy Crab Masala Recipe,Kerala,Kerala Recipes,2,"To prepare Spicy Masala Crab Recipe, get all the ingredients handy and grind the masala ingredients fried onion, coconut, cinnamon, bay leaf, ginger, garlic & coriander leaves - to a fine paste.In a kadai/wok, heat some oil and saute the onion.Add the crabs and sauté to coat them with oil.After the crab changes it color to deeper in 10 minutes on a medium heat, start adding the dry spice powders - turmeric powder, coriander powder, Kashmiri red chilli, red chilli powder and salt as per taste. Stir in all the spices to ensure that the crab is coated well with spices.Add the chopped tomato, stir them into the crab mixture. Add 1/2 cup of water, since crab cooks in its own moisture in meat as well.Cover with a lid and cook on simmered flame for 5-6 minutes, until the water from the meat starts oozing out.Remove the lid and check for the spice levels, and adjust.Pour in the ground masala and cook on a low flame with lid closed, for another 15-20 minutes.You may continue cooking to adjust the consistency of the gravy as desired.Once done- Serve Spicy Masala Crab Recipe hot with steamed rice and rotis with Dal tadka and Carrot Ribbon Salad With Asian Sesame Dressing.
",3204
63,Chukku Kaapi Recipe - Dry Ginger Coffee,Kerala,Kerala Recipes,4,"To begin making Chukku Kaapi Recipe (Dry Ginger Coffee), in a saucepan, boil enough water.Add in jaggery once the water is boiling and stir till it dissolves.Once jaggery is dissolved, add in dry ginger powder, cumin seeds, coffee powder, black pepper and boil for about 4 minutes to make the brew even and effective.Now add Tulsi (holy basil) leaves and let the mixture boil for 2-3 minutes.Once done add cardamom powder, a bit of salt and switch off heat.Strain the Chukku Kaapi into serving cups and serve hot in mornings and evenings to get rid of common cough and cold.",3413
64,Kerala Style Chena Mezhukkupuratty Recipe - Yam Stir Fry,Kerala,Kerala Recipes,4,"To begin making the Kerala Style Chena Mezhukkupuratty Recipe, firstly boil the yam in a pressure cooker with water, salt and turmeric for about 3 whistle. Do not boil it till it becomes mushy. Strain the water and keep it aside.In a mixer, add in the onions and garlic and grind it into a coarse paste.Heat a kadai with oil, splutter the mustard seeds, curry leaves and then add in the ground onions and garlic. Add in the spice powders including red chilli powder, turmeric powder, fennel seeds, black pepper powder and fry till the raw smell goes away.Once done add in the boiled yam and coat the mixture well into the yam. Stir fry till it crisps up and check for seasoning by adding salt. Serve the Kerala Style Chena Mezhukkupuratty Recipe along with Thandu Keerai Sambar, Steamed Rice and Elai Vadam for your everyday meals.",3584
65,Kerala Style Chakka Chased Ari Payasam Recipe - Jagapriyat Brown Rice Kahir,Kerala,Kerala Recipes,4,"To begin making the Kerala Style Chakka varattiyathu Ari Payasam Recipe, we will first boil the jackfruit. Boil the chopped jackfruit with 1/2 cup water in a saucepan over medium heat.Leave it on medium-low heat for about 20 minutes, till the jackfruit become soft and turns pulpy. Switch off the flame, and allow it to cool down. Transfer this into a a mixer-jar and grind it into a smooth paste.Heat a saucepan, add in the brown rice, milk, jackfruit puree, and 1 cup water, cardamom pod and allow it to boil on medium-low heat.You can keep stirring till the milk thickens and rice is boiled. This is a slow process that will take sometime. the brown rice that needs to be fully cooked. Check the Chakka varattiyathu Ari Payasam after 25 - 30 minutes to see if its done. If ts cooked, switch off the heat and serve.Serve the Kerala Style Chakka varattiyathu Ari Payasam Recipe after a nice Kerala meal like Kerala Avial Recipe and Kerala Style Egg Roast Curry and Malabari Parotta .",3680
66,Kerala Style Appam Recipe - Fermented Rice Pancakes With Coconut,Kerala,Kerala Recipes,4,"To begin making the Kerala Style Appam Recipe, we need to first soak the rice in water for at least 3 to 4 hours.Next combine the salt, sugar and yeast in the warm water and allow it to proof for 5 minutes. I used an instant dry yeast, a variety that does not need proofing, hence I add it directly to the Appam batter.Grind the soaked rice, cooked rice and coconut, adding just a little water and salt to make a thick batter. Add in the proofed yeast to the batter and stir well to combine. Transfer the Appam batter to a bowl. Cover the bowl and allow it to ferment for 5 to 6 hours or overnight.Adjust the consistency of the fermented Appam batter, adding water a little at a time to make it of thick pouring consistency. If you make it too watery, then the Appams will not be as soft and will not spread well.Preheat the Appachetty or the Appam pan on medium high heat. Pour a ladle of batter on the Appachetty and swirl the pan in circular fashion to spread the batter.The batter will be thick in the center and thin on the sides. Cover the pan with a lid for approximately 2 minutes until it is crisped and golden brown on the sides and the centre is steamed and cooked.Serve the Kerala Appams along with Kadala Curry or Kerala Style Vegetable Stew.",3742
67,Muringakka Manga Mulakushyam - Mango & Drumstick Kootu Curry,Kerala,Kerala Recipes,4,"To begin making the Muringakka Manga Mulakushyam get all the ingredients ready, so it will be easy to get started.In a pressure cooker, add toor dal, drumstick, mango & 2 cups of water, salt & turmeric powder. Pressure cook dal for 3 to 4 whistles or till soft and mushy.  Let the pressure release completely.In a mixer, add coconut, green chilies, jeera, water, and grind them into fine paste.Add the coconut to the dal, mango & drumstick mixture. Combine all the ingredients well.Simmer the flame and cook the Muringakka Manga Mulakushyam for about 3 to 4 minutes. Adjust the consistency of the Mulakushyam, by adding a little water. Check the salt and adjust to suit your taste.In a tadka pan, add a little coconut oil. Once the oil is hot, add mustard seeds. As soon as oil splutters, add urad dhal, red chilies, and curry leaves.Pour the tadka over the curry and serve steaming Muringakka Manga Mulakushyam.Serve the Muringakka Manga Mulakushyam along with Dondakaya / Kovakkai Poriyal and Jowar Roti for lunch",3776
68,Kerala Style Banana Dosa Recipe,Kerala,Kerala Recipes,4,"We begin making the Kerala Style Banana Dosa Recipe by heating jaggery with ¼ cup water into a sauce pan till it dissolves.Mash the bananas into a bowl, add all the other ingredients including the jaggery syrup and add 1 cup water and mix well to form a thick pancake batter.Heat a nonstick pan with ghee and pour a ladle on the hot pan and cook for about 2 minutes on either side and flip it over. Do the rest to remaining batter.Serve the Kerala Style Banana Dosa Recipe as a snack after school with glass of buttermilk or Mango Lassi Recipe (A Refreshing Mango Drink with Yogurt).",3832
69,Kerala Mutton Roast Recipe - Kerala Mutton Masala,Kerala,Kerala Recipes,2,"To begin making Kerala Mutton Roast Recipe, wash and clean the mutton pieces well. In a pressure cooker, combine the mutton pieces, pepper powder, salt, turmeric powder and mix well.Add 1 cup of water. Close the pressure cooker and place on high flame.Once the first whistle blows, reduce the flame to low and then let it continue to be on low flame for another 30 minutes. After 30 minutes, turn off the heat and allow the pressure to release naturally. Transfer the mutton pieces in a bowl and keep the stock aside. The stock will be utilized later. In a deep pan or wok add coconut oil on medium heat. Once the oil is hot, add sliced onion and saute for about 3-4 minutes until the onions become soft and translucent.Now add fennel seeds, ginger, garlic and curry leaves and let it cook for 2 minutes. To the onion mix, add red chilli powder, turmeric powder, coriander powder, garam masala powder salt and stir well. Saute for a couple of minutes until the Kerala Mutton Roast masala comes together.Once the raw smell of the masala is gone, add the chopped tomatoes and cook until soft and mushy. This will take about 2 to 3 minutes.At this stage add the mutton stock and the mutton pieces into this Mutton Roast masala. Let this cook on medium to high flame until the Kerala Mutton Roast becomes semi dry.Once the Kerala Mutton Roast Recipe is done, turn off the heat, check the salt and spice levels and adjust to suit your taste.Serve Kerala Mutton Roast along with Kerala Style Pulissery Recipe (Mor Kuzhambu) and Steamed rice for a complete meal or can be eaten along with Rotis, Ghee Roast Dosa or Kerala Style Appams.
",3921
70,Chicken Kappa Biryani Recipe,Kerala,Kerala Recipes,4,"To begin making the Chicken Kappa Biryani Recipe, we will first pressure cook the tapioca in pressure cooker with salt to 6 whistles.The tapioca must be boiled enough so that it is easy for you to mash it.  Once done allow the pressure cooker to release the pressure naturally.Drain the water, transfer the tapioca in a bowl and mash it well, leaving it a bit chunky as well. Set aside. Heat a kadai with coconut oil, add curry leaves and allow it splutter. Add ginger, garlic and saute for a few minutes. Add sliced onions and saute till they turn translucent. Now add all the spice powders-  turmeric powder, red chilli powder, garam masala powder and pepper powder, give it a good stir.Add minced chicken and cook until the chicken is done. This will take about 18-20 minutes. Add the cooked and mashed tapioca, mix them well.By using a masher try to mash the tapioca a little more and also keep few chunks as well for a good texture.Serve the Chicken Kappa Biryani Recipe along with potato theeyal or Tomato Onion Cucumber Raita to enjoy your Sunday lunch.
",4063
71,Nadan Tomato Curry Recipe - Kerala Style Nadan Tomato Curry Recipe,Kerala,Kerala Recipes,4,"नदान टमाटर करी बनाने के लिए, सबसे पहले कड़ाई मैं तेल गरम करे और उसमे मैं राई और करी पत्ते डाले। अब हरी मिर्च, टमाटर, हल्दी, लाल मिर्च पाउडर और नमक डाले।  काम आँच पर पकने दे जब तक टमाटर नरम न हो जाए। जब तक टमाटर पके, पीसने की सामग्री को 1/2 कप पानी के साथ पीसले। जब टमाटर नरम हो जाए, पीसे हुए पेस्ट को उसके के साथ मिलाये और 3-4 मिनट तक पकालें और गेस बंद करले। नदान टमाटर करी को चावल के साथ डिनर मैं परोसे।  
",4161
72,Kerala Style Okra Thoran Recipe - Kerala Style Vendakkai Thoran (Recipe In Hindi),Kerala,Kerala Recipes,4,"केरला स्टाइल ओकरा थोरन बनाने के लिए सबसे पहले साड़ी सामग्री तैयार कर ले और अलग से रख दे. अब एक कढ़ाई में तेल गरम करें। इसमें राइ, कढ़ी पत्ता डाले और 15 सेकण्ड्स तक पकने दे. 15 सेकण्ड्स बाद इसमें प्याज डाले और उनके नरम होने तक पका ले. प्याज के नरम होने के बाद इसमें हरी मिर्च, ओकरा, नमक डाले और मिला ले. कढ़ाई को ढके और भिंडी के नरम होने तक पकाए। अब इसमें हल्दी पाउडर, नारियल डाले और 2 मिनट के लिए और पकाए। गैस बंद करें और परोसे। केरला स्टाइल ओकरा थोरन को टमाटर प्याज सांबर और चावल के साथ दिन के खाने के लिए परोसे।
",4168
73,Kerala Tomato Fry Recipe - Kerala Tomato Fry Recipe,Kerala,Kerala Recipes,4,"To make Kerala Tomato Fry, first heat the oil in a pan. Add mustard seeds and dry red chilies. When the mustard starts to crackle, add curry leaves, green chilies and onions. After 1 minute add ginger garlic paste. Cook onion until it becomes soft and brown. After that add Kashmiri red chilli powder and turmeric powder. Mix well and add chopped tomatoes. Let it cook for 5 to 7 minutes. After the tomatoes are soft, add salt and mix. Cook for 1 minute and then garnish with green coriander. For dinner, serve Kerala tomato fry with beetroot sambar and rice.",4330
74,Kerala Style Rich Creamy Egg Cashew Curry Recipe,Kerala,Kerala Recipes,2,"To prepare Rich Creamy Egg Cashew Curry Recipe, soak cashews in hot water for 15-20 minutes.Hard boil the eggs, peel and keep aside.Grind the cashews to a smooth paste in a mixer adding a little water.In a blender, take chopped onions, tomatoes, ginger, garlic, chilly, turmeric, coriander, garam masala, and fennel seeds.Blend it to a smooth paste.In a kadai, add oil. Once the oil is hot, splutter mustard seeds.Add the curry leaves. Let them splutter for a few seconds.Add the onion-tomato paste and roast till the raw smell leaves.Add 1 cup water and chopped potatoes and bring it to a boil.Add salt, close the lid of the kadai, and let the potatoes cook.Once the potatoes are cooked soft, add the cashew paste and mix well. Make sure that it comes to boil but does not boil much, since there is risk of cashew paste causing the gravy char.Take it off heat and add the slit egg pieces.Garnish Rich Creamy Egg Cashew Curry with chopped coriander leaves. Serve hot with rotis/phulkas.
",4365
75,Kerala Style Eggplant Curry Recipe - Kerala Style Eggplant Curry,Kerala,Kerala Recipes,4,"To make Kerala Style Brinjal Curry, first heat oil in a pan. Now add eggplants and cook till they crisp. Remove the brinjal and place it on the kitchen towel to drain the oil. Heat a little more oil in the same pan. Add mustard seeds and let it cook for 20 seconds. Now add fennel, green chillies, onion, curry leaves and cook till the onion turns brown. Now add red chili powder, coriander powder, turmeric powder and cook it for 3 minutes. Now add tomatoes, brinjals and mix. After 1 minute add water as per use and cook it for 4 minutes. Cook till the eggplant becomes soft. After the bangan becomes soft add coconut milk and mix it. Cook for 2 minutes and finally garnish with green coriander. Serve Kerala Style Brinjal Curry with Chow Chow Thoran and Kerala Parotta for dinner.",4595
76,Fish Fry Recipe - Kerala Style Fish Split,Kerala,Kerala Recipes,2,"To begin making the Meen Varuthathu Recipe - Kerala Style Fish Fry, wash and clean the fish well. Drain off the excess water. Set aside.In a mixing bowl, make a thick paste of all the ingredients under “for the Marinade” including ginger garlic paste, red chilli powder, turmeric powder, black pepper powder, lemon, salt adding a little water.Coat the spice mixture over the fish steaks well. Set aside for 30-40 minutes.Heat a frying pan with the oil, add the curry leaves and allow to splutter for a few seconds.Once the curry leaves are spluttered, immediately add the fish fillets, and shallow fry the fish till done and crisp on the outside. Flip the fillet to even brown on the other side also. Make sure to fry the fish over medium low heat so that they crisp up.Serve Meen Varuthathu Recipe as an appetiser with Steamed Rice, Kerala Chicken Curry and Snake Gourd Thoran and Paruppu Podi.",4667
77,Chow Chow Thoran (Poriyal) Recipe,Kerala,Kerala Recipes,4,"To begin making the Chow Chow Thoran Recipe, peel the chow chow and cut them into medium size dices. Steam the vegetable with salt in the pressure cooker adding just about 2 tablespoons of water or a steamer until it is soft and cooked.In a blender, make a coarse mixture of the coconut, one sprig of curry leaves, green chillies and cumin seeds.Combine the coconut mixture into the steamed chow chow and keep aside.The final step is to make the seasoning. Heat a small pan with a teaspoon of oil; add in the mustard seeds and allow it to crackle.Once it crackles, stir in the other sprig of curry leaves and the turmeric powder.Turn off the heat and pour this seasoning into the Chow Chow Thoran mixture. Stir to come well and check the salt levels and adjust to suit your taste.You can serve Chow Chow Thoran along with Steamed Rice, Tomato Rasam, Mixed Vegetable Sambar and Elai Vadam for an everyday meal.",4816
78,Kerala Style Kanji Payar Recipe,Kerala,Kerala Recipes,2,"To begin making the Kanji Payar Recipe, wash and add rice and salt to a pressure cooker along with 4 cups of water.Pressure cook for 6 -7 whistle on high heat and lower the heat and cook for 15 minutes. After 15 minutes turn off the heat. Let the pressure release naturally and then open the pressure cooker. Add more water if required to adjust the consistency of the rice Kanji.To make the Payar ThoranAdd the green gram in pressure cooker with 2 cups of water and salt.Pressure cook for 4-5 whistles and turn off the heat.Once the pressure is released cook off the excess water if any.In a blender add coconut, garlic, cumin seeds, green chilly, turmeric and blend. The mixture should be coarse.Add the coconut mixture and curry leaves to the cooked green gram and mix well. Roast the papad on low flame.To serve the Kanji Payar transfer the hot boiled rice to a serving bowl or a plate. Add some ghee to the rice Kanji if you like. Check the salt and adjust to suit your taste. Serve the Payar and papad on the side and enjoy.Serve Kanji Payar with Tomato Garlic Chutney Recipe or Kerala Vendakka Thoran and Elai Vadam Recipe
",4832
79,Pattani Kootu Recipe (Green Peas Curry),Kerala,Kerala Recipes,4,"To begin making Pattani Kootu Recipe (Green Peas Curry), in a mixer grinder, grind grated coconut, green chillies and cumin seeds into a thick paste. Keep aside till required.Heat oil in a kadai. Add mustard seeds and wait until they splutters.Add fennel seeds, curry leaves, and finely chopped onions and saute until the onions turn pinkish.Add the ground coconut masala reserved earlier and cook further until the coconut paste comes together from the sides of the pan.Add green peas and cook for about 3 minutes or till they are almost a bit soft and looks a little cooked. Add salt and stir.Now add about 1/2 cup water and cook covered until the green peas are well cooked, and are almost mashable.Adjust salt if required and cook until the dish is thick in consistency, now turn off heat.Serve Pattani Kootu Recipe (Green Peas Curry) with Pudina Tawa Paratha Recipe (Mint Leaf Skillet Flat Bread), steamed rice, Varutharachu Sambar Recipe for a simple weeknight dinner.",4834
80,Nandan Kozhi Recipe  - Kerala Style Chicken Curry,Kerala,Kerala Recipes,4,"To begin making the Nandan Kozhi recipe, firstly heat oil in a large heavy bottom pan heat oil on medium flame. Add onions, ginger, and garlic and sauté till the onion is deep brown and well cooked. While the onions are being sauted, in a separate pan, on slow flame dry roast the grated coconut to a golden brown colour.Add the whole spices - cloves and cinnamon , mix well and turn off the heat. Keep aside to cool slightly. This is will also help in dry spices infusing some of their flavour in the roasted coconut. Once cool, grind to a smooth paste using little water.Once the onions have turned deep brown, add the dry spices - chicken masala, turmeric powder, chilli powder, salt and sauté for one minute. Add tomatoes and fry till the oil separates.Add the coconut and spice paste along with chicken pieces, mix and sauté till the chicken is well coated with spices.Add about 1 cup water and cook covered on low flame for about 15 to 18 mins or the chicken pieces are cooked thoroughly.Garnish it with curry leaves on top and it is ready to be served.Serve Nandan Kozhi  as a Sunday brunch along with appam or Kerala Style Whole Wheat Parotta Recipe and Seer Fish Fry Recipe by the side to enjoy your meal.
",4972
81,Kerala Chicken Curry Recipe,Kerala,Kerala Recipes,4,"To prepare the Kerala Chicken Curry, in a mixing bowl, marinate the chicken with curd, turmeric powder and salt for about 2 hours.To make the masala for the Kerala Chicken curry Heat a skillet on medium low flame and dry roast the peppercorns, coriander seeds, cinnamon stick, fennel seeds and dried red chilies. This will take about 4-5 minutes. Once the aroma of the spices begins to waft in the air, turn off the flame and allow it to cool down. Transfer to a mixer jar and grind to a corse powder. Heat oil in kadai/wok, add mustard seeds. When it splutters, add onion and curry leaves. Sauté.When onions are lightly brown, add ginger, garlic, and sauté for a minute.Add chicken, half of the freshly ground masala, and salt. Mix them, add 1/2 cup of water, cover with a lid, simmer and cook till the chicken is almost done, for about 15 to 20 minutes at least.Keep sautéing occasionally. Once the chicken is cooked, add the oats and add 1-1/2 cups of more water and cook the chicken until the curry thickens a little (about 5 minutes).Lastly, add the reserved half of the ground masala and give it a nice stir.Keep it covered for 5 to 10 minutes before serving, to help the flavours combine well.Serve Kerala Chicken Curry along with Kerala Style Appam Recipe (Without Yeast) and a side of Seer Fish Fry Recipe for a lip smacking Sunday lunch.
",4976
82,Baby Potato Theeyal Recipe - Kerala Style Potatoes In Shallots And Roasted Coconut,Kerala,Kerala Recipes,4,"To begin making the Potato Theeyal Recipe (Potatoes in shallots and roasted coconut Recipe) by dry roasting the onion, coconut and cumin seeds on a medium pan till it is nice and brown. Once done let it cool down and then blend it using a hand blender into a fine paste.Pressure cook the baby potatoes with the skin in a pressure cooker with 1 cup water till it is half done, leave it for about 3 whistles. Once done release the pressure naturally by take it away from the heat. Drain all the water and wash the potatoes under cold water, so once it cools down, it will be easy to remove the skin from the potato.In another pan heat oil, add curry leaves,let the leaves splutter for few seconds and add pearl onion, ginger, garlic, green chili and sauté till it is golden brown. Then add the tomato and sauté till it is cooked and the raw smell goes away.Stir in coriander powder, red chilli powder, turmeric powder, garam masala powder, curry leaves and the coconut paste and fry till the aroma comes out. You can add water if you feel if it is too thick. Let it cook for 2 minutes.Finally, add the boiled baby potatoes, season it according to your taste. Simmer for 3 to 4 more minutes.Serve Potato Theeyal Recipe along with Whole Wheat Lachha Paratha and Palak Raita for an everyday meal with family.
",5178
83,Pumpkin Erissery Recipe - Kerala Pumpkin Coconut Curry,Kerala,Kerala Recipes,4,"To begin making the Pumpkin Erissery Recipe, we will first make the spice paste by grinding together coconut, cumin seeds and green chilli in a mixer grinder.Add a little water if required, and make it into a fine paste. Keep aside till needed.In a heavy bottomed pan, add the chopped pumpkin pieces along with little water, salt and turmeric. Close the lid and cook till the pumpkin is tender yet firm by mixing occasionally and the water has almost dried up.Add the coconut and spice mixture and let the Pumpkin Erissery cook for about 4-5 minutes at low heat till a nice aroma is released. Check the taste of the Pumpkin Erissery and see if you need to adjust the spices etc according to your taste.Once done turn off the heat.In a small tadka pan, heat oil, add mustard seeds, when they crackle, add urad dal, and once the urad dal has turned golden brown add curry leaves and dry red chillies.Add coconut by constantly stirring over a medium low flame. Let it brown slightly till aromatic. This takes about 3-4 minutes. Once done, add this to the Pumpkin Erissery, give it a stir and serve hot. Serve Pumpkin Erissery with Steamed rice,  Thakkali Vengaya Sambar, Vazhakkai Varuval Recipe for a weeknight dinner or even a special weekend lunch.
",5191
84,Baked Banana Chips Recipe - Baked Banana Chips Recipe,Kerala,Kerala Recipes,4,"बेक्ड केले के चिप्स रेसिपी बनाने के लिए सबसे पहले एक बाउल में केला, पैपरिका पाउडर, काली मिर्च पाउडर, नमक, ओलिव का तेल डाले और मिला ले.  सबको मिला ले और देखे के केले अच्छी तरह से मसाले में मिल गए हो.ओवन को 200 डिग्री सेलसियस पर 10 मिनट के लिए पहले से गरम कर ले. केले को बेकिंग शीट में पार्चमेंट पेपर पर फैला ले.20 से 25 मिनट के लिए बेक करें। देखे की चिप्स क्रिस्प हुई, अगर नहीं तोह क्रिस्प होने तक और बेक करें। बेक्ड केले के चिप्स को शाम के वक़्त मसाला चाय के साथ परोसे।
",5193
85,Nei Appam Recipe Using Rice Flour,Kerala,Kerala Recipes,4,"To begin making the Nei Appam recipe, firstly take water and jaggery in a saucepan and boil it till the jaggery dissolves.Once the mixture comes to a rolling boil, switch off the flame. Let it cool completely.Mash the bananas using a fork well. Add this to the rice flour and give it a good mix.Add jaggery syrup, cardamom powder and baking soda and give it a good mix. Cover it and let it rest for 2 hours.After 2 hours, mix the mixture using a spoon. If it has thickened, add a little water to loosen the mixture. The batter should be a thick batter but in pouring consistency.Heat the paniyaram pan on a flame that can heat it evenly. Add 1/2 teaspoon of ghee into every slot.Add a tablespoon of batter into each slot. Cover it and cook for 1/2 a minute or till it is golden and crisp. But the centre should be still runny.Carefully using a spoon flip the appams. Fry the other side till it turns golden in colour as well and crisp. Serve hot with ghee.Flipping the appams when the centre is still runny will get nice round appams. If the centre is cooked, then you get one side flat.Serve hot Nei Appams on it's own for breakfast or snacks as they are perfect to have while enjoying the rains this monsoon season.
",5207
86,Kerala Style Avial Recipe - Onam Sadya Recipe,Kerala,Kerala Recipes,4,"To begin making the Kerala Style Avial Recipe, we will first steam all the vegetables along with salt.I like to cook the vegetables together in a pressure cooker.To do this, place all the cut vegetables into the pressure cooker, sprinkle some salt, add 1/4 cup of water and cover the pressure cooker. Place the weight on and allow the vegetables to pressure cook for about 2 two whistles. After two whistles, turn the heat to low and simmer for about 3 to 4 minutes and turn off the heat.Release the pressure immediately, by placing the pressure cooker under running water. Once the pressure is released, open the cooker. Transfer the steamed vegetables to a serving bowl.Our next step, we will make the Coconut Base for the Kerala Avial. To do this, place the coconut, green chillies, cumin seeds into the mixer. Add a little warm water and blend to make an almost smooth paste.Add the coconut mixture to the steamed vegetables, add a tablespoon of coconut oil, torn curry leaves and give the Kerala Avial a stir. Adjust the salt to suit your taste.When you are ready to serve, warm the Kerala Avial in the microwave and serve along with steamed rice and Vathal Kuzhambu",5296
87,Chakka Erissery Recipe - Kerala Style Coconut Laced Jackfruit Sabzi,Kerala,Kerala Recipes,2,"To begin making Chakka Erissery Recipe, let us first cut the raw jackfruit. In order to do that we have to first, grease our hands and the knife that we are going to use, with some oil.This important tip ensures that the hands don't get sticky from the natural fruit latex/sap present in the fruit does not get onto your hands and makes the cutting process hassle-free. Keep a bowl of water mixed with some salt, ready to put the cut raw jackfruit pieces to avoid discolouration of the fruit.Now that your hands and knife are well greased, cut the the jackfruit in half, discard the skin and start making 1 inch pieces and soak them in the salted water.Place the jackfruit in a pressure cooker with 1/4 cup of water and turmeric powder, red chilli powder, pepper powder and salt.Pressure cook for 1 whistle and turn off the heat.Allow the pressure to release naturally. In a mixer grinder, combine the grated coconut, and cumin seeds into a fine smooth paste along with some water. Once the pressure from the pressure cooker has released naturally, open the lid, add the coconut masala and return to flame.Cook on medium low heat for 3-4 minutes with no lid on, stirring continuously so that it does not get burnt down. turn off the flame.Heat coconut oil in a tadka pan on low heat. Once the oil is hot, add mustard seeds, when they splutter, add garlic, dry red chillies, curry leaves and coconut pieces and fry  for 2-3 minutes and turn off the in a few seconds. Add this tadka to the Chakka Erissery. Serve Chakka Erissery Recipe along with hot Steamed Rice Recipe, Kerala Style Pulissery Recipe (Mor Kuzhambu), Kerala Style Pazham Pori Recipe (Banana Fry)to make it a complete meal.If you are looking for an Indian Diabetic meal, serve this Chakka Erissery Recipe along with Masala Jowar Bhakri Recipe, Horsegram Dal Recipe and Spinach And Millet Pulav Recipe for a complete meal. ",5301
88,Ada Pradhaman Recipe - Kerala Style Rice Ada Pudding With Jaggery & Coconut Milk,Kerala,Kerala Recipes,4,"To begin making the Ada Pradhaman, boil sufficient water in a pan, add rice ada and turn off the gas immediately.Let the ada soak for 30 minutes. Later drain the water, wash the ada in cold water 2-3 times, strain and keep aside.Take a small bowl and soak grated jaggery in 1/2 cup of clean water till jaggery melts. Strain through a fine sieve and collect the syrup and discard the impurities. Keep it aside.Heat 2 tablespoons ghee in a wok/kadai and add cashews, raisins and coconut pieces. Fry them till they turn golden and keep it aside.In the same wok, add 1 tablespoon ghee and saute the rice ada for a minute.After a minute, add the jaggery syrup in the ada and allow it to cook on medium flame till the jaggery starts to thicken.Now, add the thin coconut milk and cook again on medium flame till it thickens.Add some cardamom powder, fried cashews, raisins and thick coconut milk and turn off the gas immediately. Don't boil or cook after adding the thick milk.Garnish Ada Pradhaman with few fried cashews and serve hot or chilled.Serve Ada Pradhaman with Kerala Style Onam meal and enjoy warm or cold.",5350
89,Banana Stem Thoran Recipe - Ayurvedic No Onion No Garlic Recipe,Kerala,Kerala Recipes,4,"To begin making the Banana Stem Thoran Recipe, prepare all the ingredients and keep them aside.Add the banana stem into the pressure cooker, add 1/4 cup of water and salt and pressure cook for 2 whistles.Release the pressure immediately, by placing the cooker under cold running water.It is important to release the pressure immediately, so the banana stem does not become soggy.Into a blender, blend the coconut, curry leaves and green chillies into a coarse mixture.Stir this mixture into the cooked banana stem and keep aside.Heat oil in a tadka pan; add the mustard seeds and urad dal. Allow it to crackle and the dal to turn crisp and golden brown.Once done, stir in the curry leaves and turn off the heat.Pour the tadka over the banana stem thoran and stir. Check the salt and adjust to suit your taste.Serve the Banana Stem Thoran along with Nellikai Rasam (Whole Gooseberry Rasam) Recipe and Steamed Rice for lunch or even pack it into your lunch box along with Phulkas.",5382
90,Kerala Style Chakka Adai Recipe-Rice Flour and Jackfruit Flatbread,Kerala,Kerala Recipes,4,"To begin making Kerala Style Chakka Adai Recipe, chop the jackfruit flesh and add it in a sauce pan with ¼ cup water and boil it till it gets soft and mushy.In a mixing bowl, combine all the ingredients - rice flour, fresh coconut, sugar, salt and powdered cardamom pods including the cooked jackfruit and add little water and knead it to form a soft and firm Chakka Adai dough.Add a little ghee to the dough, mix it in well and cover with a muslin cloth and let rest for 10 minutes. Meanwhile heat a tawa over medium heat. Take a plastic sheet to flatten the Chakka Adai. Divide the dough into 6 - 8 equal portions. Use a plastic sheet to flatten these Adais, grease the sheet  with some oil and take one Chakka Adai ball and pat it on the sheet, grease your fingers with oil to do this, pat until you get an adai of medium thickness, ensuring it is evenly shaped. Place the Chakka Adai on the preheated tawa, carefully lifting off the paper off before placing it on the skillet. Drizzle a little bit of oil along the edges and the centre of the chakka adai and allow it to sizzle and crisp up. When it seems half cooked, flip the adai over with a spatula to cook the other side. Cook well till you have brown patches on both sides. Then, take the adai off the skillet, add a dollop of butter or ghee, and serve. Serve the Kerala Style Chakka Adai Recipe as a snack with a glass of Muskmelon (Kharbuj) Juice Recipe for your evening snack or even as your breakfast.",5555
91,Kerala Pumpkin Pachadi Recipe (Parangikai Pachadi),Kerala,Kerala Recipes,4,"To begin making the Kerala Pumpkin Pachadi Recipe (Parangikai Pachadi), place the cut pumpkins in the pressure cooker, sprinkle the salt and turmeric powder, add a tablespoon of water and cook for just one whistle.After the whistle, turn off the heat and release the pressure immediately by running it under cold water. Open the cooker and keep the pumpkin aside.The next step is to grind the ingredients into a coarse paste (mentioned in the ""To Grind"" section).Once ground, add the coconut mixture to the cooked pumpkin and give it a stir. Check the salt and spices and adjust accordingly.The final step is the seasoning. Heat oil in a small pan, add the mustard seeds, urad dal and curry leaves. Allow the urad dal to get roasted until golden in color.Add the seasoning over the Kerala Pumpkin Pachadi and serve.Serve the Kerala Pumpkin Pachadi, as a side dish along with Kerala Style Pulissery Recipe (Mor Kuzhambu), Phulka and Spicy Potato Roast Recipe (Urulaikizhangu Poriyal) for a comforting meal.",5601
92,Kerala Style Kappa Ulathiyathu Recipe - Tapioca Stir Fry Recipe,Kerala,Kerala Recipes,4,"To begin making the Kerala Style Kappa Ularthiyathu Recipe, firstly cut the tapioca and boiling them in a pressure cooker with water and salt for about 3 whistle.Once done release the pressure naturally and drain the water and peel off the skin, cut them into big chunks and keep it aside.We begin by heating kadai with oil, crackle the mustard seeds, and curry leaves and dry red chillies.Then add in the onions and ginger and fry them till it is translucent, you can add the turmeric powder.Once that is done, add in the boiled tapioca and salt and fry them till it evenly coated. Cook for 2 minutes, switch off the gas and serve hot.Serve the Kerala Style Kappa Ularthiyathu Recipe along with Kerala Style Fish Curry Recipe or Chettinad Muttai Masala Recipe and Kerala Parotta for an everyday meal.",5656
93,Kerala Style Cauliflower Kurma Recipe,Kerala,Kerala Recipes,3,"To begin making the Kerala Style Cauliflower Kurma recipe, firstly heat sufficient water in a saucepan and add chopped vegetables and boil them.Drain water and collect the vegetables in a mixing bowl. (Do not over cook the veggies)Heat some oil in a heavy bottomed pan and add cinnamon stick and curry leaves.Now add finely chopped onion and saute till they turn translucent.Add ginger garlic paste, green chilies and fry till golden.Now add pureed tomato along with red chilli powder, turmeric powder, cumin powder and coriander powder and fry till the oil starts leaving the sides.Pour in the thin coconut milk, cooked veggies and adjust salt. Cook for 5 to 6 minutes on low flame.Once the curry is done, add thick coconut milk, some chopped cashews and turn off the gas.Garnish with fresh chopped coriander and some grated coconut.Serve Kerala Style Cauliflower Kurma with steamed rice and Elai Vadam for a comfort meal. Cauliflower Kurma also goes well with Whole Wheat Lachha Parathas.",5765
94,Malabar Prawn Curry Recipe,Kerala,Kerala Recipes,3,"To begin making the Malabar Prawn Curry recipe, wash and clean the prawns.Marinate the prawn with 1 teaspoon turmeric powder, 1 teaspoon red chilli powder, 1 teaspoon salt and a juice of half a lemon for 30 minutes.Take 1 cup of grated coconut and pour over 1 cup of boiling water and extract the coconut milk through a sieve.Grind all the ingredients marked under ‘For the Paste’ with some water and keep it aside in a grinder.In a heavy bottomed pan, fry the prawns on both sides in mustard oil for 3 to 4 minutes. Remove and keep aside.In the same pan, add a little more oil, when it is hot, add the mustard and fenugreek seeds, once they start to splutter, add the curry leaves, dry red chillies, and the onions.Fry till the onions turns a little brown and then add the ground masala. Saute for 5 to 6 minutes or till oil comes out from it on medium heat.Add salt and tamarind paste and cook for further 3 to 4 minutes.Now add the prawns and cook for 3 to 4 minutes and then add the coconut milk.Let it comes to a boil and then lower the heat and let the curry cook for 2 to 3 minutes more.Switch off the gas and keep it covered to trap the aroma of the curry inside. Serve Malabar Prawn Curry with hot steamed rice and any raita of your choice for a delicious meal.",5806
95,Thalassery Chicken Biriyani Recipe,Kerala,Kerala Recipes,4,"To begin making the Thalassery Chicken Biriyani Recipe, wash the chicken pieces thoroughly, We will first par boil the rice in the pressure cooker. Heat the pressure cooker with oil on medium heat, add bay leaf, cardamom, peppercorns, cinnamon stick and allow the spices to sizzle. Add washed and drained rice and 2 1/2 cups of water with salt and pressure cook for 3 whistle and switch off the heat. Allow the pressure to release naturally, remove the lid and drizzle some oil over the rice and mix it so that the rice grains will separate from each other.In a mixer-jar combine the ginger, garlic and green chilli and grind into a smooth paste using very little water. Heat another pressure cooker with oil on medium flame, add chopped onions and saute till they turn brown and are well caramelized. This will take about 5-7 minutes. Transfer to a bowl and set aside. Now add in the chopped tomatoes and a pinch of salt for the tomatoes to cook. Mash the tomatoes with the back of your spatula and cook until the oil is released from the sides.At this stage add the ground ginger garlic and green chilli paste, chilli powder, salt (keep in mind the rice has salt as well), turmeric powder and the chopped herbs. Saute well for another 10 more minutes.Add the chicken pieces and mix well. Squeeze in lemon juice add about 1/2 cup of water cover and cook on low heat for 20 minutes.Open the lid, add caramelized onions and mix well. Saute until the masala thickens little. Meanwhile heat the milk with saffron strands and keep it readyOnce that gravy is thickened, layer the par boiled rice over the masala carefully. Pour warm saffron milk over the rice and sprinkle with little herbs on top.Pressure cook the rice for about 1 whistle and turn it off. Allow the pressure to release naturally and open the lid and mix the Thalassery Biryani and serve it over a plate.In a small pan, heat ghee and toast the cashew nuts and top it over the Biriyani and serve hot.Serve the Thalassery Chicken Biriyani Recipe along with raita, carrot and cucumber salad for a lazy sunday lunch with your family.
",5960
96,Chukku Copy Recipe - Dry Ginger Coffee Recipe,Kerala,Kerala Recipes,4,"चुक्कु कापी रेसिपी बनाने के लिए सबसे पहले एक सॉसपैन में पानी गरम करें। गरम होने के बाद इसमें गुड़ डाले और घुल जाने तक मिलाते रहे. गुड़ के पीघल जाने के बाद इसमें अदरक पाउडर, जीरा पाउडर, कॉफ़ी पाउडर, काली मिर्च डाले और 4 मिनट तक उबाल ले.अब इसमें तुलसी के पत्ते डाले और 2 से 3 मिनट के लिए उबाल ले. इलाइची पाउडर, नमक डाले और गैस बंद कर दे. परोसे। आप इसे सर्दियों के दिन में दवाई की तरह भी पी सकते है, यह आपके जुखाम और सर्दी को भी ठीक करता है.
",5995
97,Vellarikka Manga Curry Recipe - Cucumber Mango Pulissery,Kerala,Kerala Recipes,4,"To begin making Vellarikka Manga Curry Recipe - Cucumber Mango Pulissery, grind grated coconut, cumin seeds and a green chilli, by adding little water into a smooth paste using a mixer grinder and keep aside.Heat a pan, add the diced cucumber, raw mango, green chilli, turmeric powder, salt and 1 cup water and cook the vegetables till they retain the firm texture. You can also cook them in the pressure cooker for 1 whistle.Add the coconut mix into the cooked vegetables and mix well.Simmer the Cucumber Mango Pulissery for 2 minutes and switch off the flame.Now, heat oil in a small tadka pan, add the mustard seeds an urad dal and let it crackle.Add the dried red chilli and curry leaves and let it splutter.Pour this tadka over the Cucumber Mango Pulissery.Serve the Vellarikka Manga Curry Recipe - Cucumber Mango Pulissery along with steamed rice and Idichakka Thoran Recipe (Young Jackfruit With Spiced Coconut) for the weeknight dinner.
",6013
98, Kerala Style Potatoes In Shallots And Roasted Coconut (Recipe In Hindi),Kerala,Kerala Recipes,4,"केरल आलू थियल बनाने के लिए सबसे पहले, प्याज, नारीयल और जीरा को अच्छे से सेंकले माध्यम आँच पर जब तक सब भूरा न हो जाए। ठंडा होने पर ब्लेंडर मैं इसे अच्छे से पीसले।  आलू को छिलके समेत 1 कप पानी के साथ प्रेशर कुक करले जब तक वह आधा पकना जाए। इसके लिए तीन सीटी आने दे।  सारा पानी निकाल ले और आलू को एक बार ठन्डे पानी के नीचे धो ले ताकि छिलका निकलना आसान हो जाएगा।  एक कढाई मैं तेल गरम करले और उसमे करी पत्ता डालकर छोंक आने दे। अब इसमें प्याज, अदरक, लहसुन, हरी मिर्च मिलाकर अच्छे से बूरा होने तक पकाले। फिर उसमे टमाटर मिलाकर कच्ची गंद जाने तक पकाले।  सारे मसाले और नारीयल के पेस्ट को कढाई में मिलाले और अच्छे से पकाये। अगर आपको करी बहुत गाडी लगे तोह आप थोड़ा पानी मिला सकते है।  आखिर मैं उबले हुए आलू मिलाकर 2 मिनट पकाले। केरल आलू थियल अब तैयार है और इसे आप चावल या फुल्का के साथ दिन के भोजन में परोस सकते है। 
",6134
99,Homemade Rice Puttu Recipe | Kerala Matta Rice or Basmati Rice,Kerala,Kerala Recipes,6,"To begin making the Kerala Rice Puttu, wash and soak the rice overnight or for about 8 hours. Once the rice has soaked well drain the water and spread the rice on a kitchen towel and dry it out.Allow the rice to dry for about 20 minutes but ensure it retains a bit of the moisture, else the rice will not grind well in mixer-blender.Grind the rice till it is mildly coarse. Do not grind the rice too much as it may get lumpy. In a large mixing bowl, combine the powdered rice, salt and 1/2 cup of the grated coconut. Sprinkle 4 tablespoons of water on to the rice mixture and stir to combine well with your fingers. The puttu mixture will be crumbly. When you hold the puttu mixture tightly in the palm of your hands it will hold together like a ball, when you release it, it will break apart. That's the consistency we want to make the Puttu.Keep the Puttu Rice Mix aside for 10-15 minutes. Take a Puttu mould and place a 3 or 4 tablespoons of the prepared Puttu mixture and a 1 or 2 tablespoons of coconut in the centre and a few more tablespoons of the Puttu mixture on the top. Lightly press it and cover the pan.Prepare the Puttu steamer with water at the bottom, and place the puttu mold and steam on high heat for about 10 minutes. You will notice that after 5 to 6 minutes the steam will start releasing from holes in the top of the mold.This is when you know that the puttu is getting steamed from the inside. Allow this steam to escape for at least 5 minutes. In total the Puttu is steaming for a good 10 minutes.Once done, turn off the heat. remove the mold from the steamer and open the lid, and using a spoon of a blunt knife, push the steamed Kerala Puttu of the mold into a plate.Continue the same process with the remaining Puttu Mixture.Serve Kerala Rice Puttu Kadala Curry or with sugar & chopped bananas for a wholesome meal.
",6150
100,Kerala Style Chicken Stew Recipe,Kerala,Kerala Recipes,4,"To begin making the Kerala Style Chicken Stew Recipe, wash the chicken pieces and cut them to small pieces. Keep all the vegetables prepped.Heat a pressure cooker with coconut oil, add cinnamon stick, cloves, and peppercorns and let them fry for few seconds.Add in the onions, garlic and ginger. Saute until they soften. Add vegetables- carrots, beans, potatoes and saute for 10 minutes.Add chicken, cashew nut paste, turmeric powder and salt. Saute well until it is evenly coated. Add half of the coconut milk and some water. Pressure cook for 1 whistle.Allow the pressure to release naturally and pour in the reaming coconut milk and give it a stir.Heat a sauce pan with oil, add curry leaves and allow it to splutter. Add onions and garlic and saute until they turn brown.Sprinkle the browned onions over the curry and serve.Serve the Kerala Style Chicken Stew Recipe along with Appam or How To Make Homemade Idiyappam Recipe - Rice Sevai Recipe and Kerala Style Egg Roast Curry Recipe by the side for a complete meal.
",6432
101, Baked Chinese Potato Recipe,Kerala,Kerala Recipes,4,"To make Baked Chinese Potato Recipe, first wash the potato and cut it straight and thick. Preheat the oven to 150 degrees Celsius. Till then add turmeric powder, onion, garlic, red chilli flax, salt, curry leaves, coconut in a pressure cooker and turn off the cooker. Close after coming to 1 city. Let the pressure drain automatically. Now grease a baking tray. Spread the potato mixture in it. Pour some coconut oil on top. Cook for 8 to 10 minutes. Serve hot and hot. Serve the Baked Chinese Potato Recipe with Punchmel Dal and Cumin Rice for dinner.",6696
102,Kerala Style Chakkakuru Mezhukkupuratti Recipe-Jackfruit Seed Poriyal,Kerala,Kerala Recipes,4,"To begin making the Kerala Style Chakkakuru Mezhukkupuratti  Recipe we will first boil the jackfruit seeds. In a pressure cooker, add the jackfruit seeds, water and pressure cook for about 3 whistles. Turn off the flame, and allow the pressure to release naturally.Drain the water and peel of  the skin of the jack fruit skin carefully. Now slice them into thin slivers.Heat a kadai on medium flame, add mustard seeds and curry leaves, let them splutter. Next, add in the onions and add the red chilli powder and black pepper powder.Finally add in the jackfruit seeds and saute them till it is coated well. At the end add grated coconut and give the Chakkakuru Mezhukkupuratti  a stir.Serve the Kerala Style Chakkakuru Mezhukkupuratti  Recipe along with Kerala Style Kanji Payar Recipe.",6701
103,Raw Papaya Thoran Recipe,Kerala,Kerala Recipes,4,"To begin making the Raw Papaya Thoran Recipe, we will first pressure cook the raw papaya with enough water and salt in a pressure cooker.Pressure cook for about 1 whistle and switch off, allow the pressure to release naturally and drain the water and keep it aside.Heat a skillet with oil, add mustard seeds, urad dal and allow them to crackle for few seconds.Add a pinch of hing and curry leaves and wait till you hear the sputtering sound. Reduce the heat and add green chilli along with the cooked raw papaya.Sprinkle salt and give it a toss. Switch off the heat and finally add grated coconut and mix well and serve hot.Serve the Raw Papaya Thoran Recipe along with Tomato Jeera And Paruppu Rasam, Steamed Rice, or with Phulka and Smoked Dal Makhani Dhaba Style Recipe for a weekday lunch or dinner.",6852
104, Kerala Avial (Recipe In Hindi),Kerala,Kerala Recipes,4,"केरला अवियल बनाने के लिए सबसे पहले सारी सब्ज़िओ को नमक के साथ भाप ले. सारी सब्ज़िओ को प्रेशर कुकर में डाल दे. इसमें नमक, 1/4 कप पानी डाले और 2 सिटी आने तक पका ले. 2 सिटी आने के बाद आंच धीमी करें और 3 से 4 मिनट तक पकने दे. ठंडा पानी के निचे रखे और प्रेशर निकलने दे. अलग से रख दे. अब एक मिक्सर ग्राइंडर में नारियल, हरी मिर्च, जीरा, कढ़ी पत्ता डाले। इसमें थोड़ा गरम पानी डाले और पेस्ट बना ले.इस नारियल के मिश्रण को भापि हुई सब्ज़िओ में डाले। 1 चमच्च नारियल का तेल, नमक डाले और मिला ले. परोसे। केरला अवियल को कीरई सांबर और चावल के साथ दिन के खाने के लिए परोसे। 
",7123
105,Whole Wheat Flour Puttu Recipe,Kerala,Kerala Recipes,3,"To begin making Whole Wheat Flour Puttu Recipe, dry roast atta on low flame until the flour releases a pleasant aroma. Take off the heat before the flour starts browning.Drain all the water from steamed rice and grind it in a mixer grinder into a crumby mixture. Then add roasted whole wheat flour and pulse for less than half a minute. Do not over blend it. The end result of this grinding should be a crumbly well-mixed mixture of soaked rice and whole wheat flour.Put the crumbly flour to a wide mixing bowl. Add little salt, sugar, and a tablespoon of grated coconut to the flour mix.Boil enough water in a pressure cooker (without the weight). In a puttu maker, add a thin layer of freshly grated coconut, top it with wheat-rice flour mix. If you are using the long cylindrical puttu maker, add 2 to 3 layers of grated coconut and flour mix. Cover the puttu maker with lid.Place the puttu maker on top of the cooker (sits on the hole where you put the weight). Steam for about 5 to 10 minutes until cooked. Once cooked, carefully slide Whole Wheat Flour Puttu from the puttu maker and serve hot.Serve Whole Wheat Flour Puttu with Kerala Kadala Curry Recipe (Spicy Chickpeas in Coconut Curry) or bananas and a dollop of ghee for a yummy breakfast.
",7207
106,Kerala Style Mutton Pepper Fry Recipe,Kerala,Kerala Recipes,3,"To begin making the Kerala Style Mutton Pepper Fry recipe, wash mutton pieces well and marinate it with all the spices mentioned in the list.Heat coconut oil in a pan. Add garlic and ginger pieces. Fry for 1 minute.Add finely chopped onions and curry leaves. Cook till onions turn soft.Add marinated mutton and 3/4 teaspoon salt.Add pepper powder, coconut pieces, mix well. Continue to cook for 4 minutes.Add 2 cups water and mix well. Cover and let it cook until mutton gets cooked well and water is fully evaporated. Kerala style mutton sukka/fry is ready.Kerala Style Mutton Pepper Fry as a side dish along with Kerala Varutharacha Mutton Curry and Steamed Rice for a weekday dinner with family.
",7225
107,Oats Unni Appam/ Nei Appam Recipe,Kerala,Kerala Recipes,4,"To prepare 10 Minutes Oats Unni Appam/ Nei Appam Recipe, grind the oats to powder it.Blend the powdered oats, jaggery, rice flour, wheat flour, baking soda and chopped banana together.Add water and blend again to make the appam batter.The consistency of the appam batter should be similar to that of idly batter.Add ghee in the paniyaram pan and heat over medium flame.Add about 1/4 teaspoon of ghee in each appam-cup.Drop a spoonful of batter in the hot ghee. Similarly, fill the rest of the pan with the batter to fry the appams.Once the edges start to turn golden brown, flip the appams using a greased spoon to cook the other side.Fry for another minute or so until the appam turns crispy golden all over. Repeat frying in batches.Repeat the same with the remaining batter. You may add lesser ghee while frying the second batch of appams as the pan will be well greased.10 Minutes Oats Unni Appam/ Nei Appam Recipe are ready to be served as a snack on a weekend or along with a nice Kerala meal.
",7419
108,Calicut Payyoli Chicken Fry Recipe,Kerala,Kerala Recipes,4,"To begin making the Calicut Payyoli Chicken Fry recipe, in a mixing bowl, marinate the chicken pieces with minced ginger, minced garlic, 1 tablespoon vinegar, turmeric powder and salt. Keep it aside for 15 minutes.For the second marination, to the already marinated chicken, add half the kashmiri red chilli powder, meat masala powder, remaining vinegar and mix well. Keep aside for 1 hour.Take grated coconut in a small bowl, add remaining kashmiri red chilli powder and mix well. Keep aside.Heat coconut oil in a pan, add the marinated chicken pieces in oil along with slit green chilly. Fry well on low flame.Once the chicken pieces are half cooked, add the grated coconut mix, and curry leaves to it. Add 100 ml water to allow the chicken to cook well. Fry until the water is fully absorbed, and the chicken is well cooked.Serve Calicut Payyoli Chicken Fry as a starter for your house parties. You can serve it as part of a meal that includes,  South Indian Style Fish Curry Recipe and Steamed Rice ",7493
109,Matta Rice/ Chemba Rice Recipe-Pressure Cooker Method,Kerala,Kerala Recipes,4,"To begin making the Matta Rice first wash the rice in a saucepan three times and soak the rice in water for half an hour.Drain the soaked rice and transfer it to a pressure cooker. Add 3 cups of water in the pan of the pressure cooker, cover and place the weight on.Cook the matta rice in the pressure cooker on medium high heat for 3 to 4 whistles; after the 3 to 4 whistles turn the heat to low. Pressure cook the rice for another 5 to 8 minutes and turn off the heat.Allow the pressure to release naturally. Wait for the pressure to release completely and then open the cooker.The Matta rice takes a little longer to cook than the traditional rice and hence the cooking time is much longer. Serve Matta rice with Mixed Vegetable Sambar, Cabbage Thoran/Poriyal and Spicy Lime Pickle for a vegetarian option or you can serve it with Kerala style Fish Curry for a non vegetarian option.",7709
110,Baked Chinese Potato Recipe (Koorka Mezhukuperatti),Kerala,Kerala Recipes,4,"Baked Chinese Potato Recipe also called Koorka Mezhukuperatti in Malayalam is an easy recipe. Firstly, clean the koorka/ Chinese potatoes and cut them into medium sized pieces.Pre-heat oven to 150 degree Celsius.Meanwhile, pressure cook the Chinese potato/ koorka with turmeric powder, shallots/ onions, garlic, chili flakes, salt, curry leaves and coconut pieces (if using). Since these koorkas should be firm yet cooked, switch off flame just before the whistle and let the pressure cooker cool by itself.Grease a baking tray. Spread the cooked koorka on the baking tray.Drizzle a little coconut oil over the vegetable in the tray (or brush the oil to the potatoes with the help of a cooking brush).Bake in the oven at 150 degree Celsius for 8 to 10 minutes until lightly browned and crisp. I don't like mine too crisp, so didn't keep in oven for too long. But if you prefer it nice and crisp, bake for extra 4-5 minutes in the oven.Serve hot with rice plain rice and Avial or a curry of your choice, to make a Kerala style dinner at home.",7743
111,Kerala Style Puttu Upma Recipe With Scrambled Eggs,Kerala,Kerala Recipes,2,"To prepare Kerala Style Puttu Upma Recipe With Scrambled Eggs, heat oil in a kadai on medium heat, add the mustard seeds and allow them to crackle, next add the cumin seeds and allow them to sizzle. To this add urad dal and saute till it turns into a light brown colour. Now add green chilli, curry leaves, turmeric powder and crack open the egg and scramble it for about half a minute.Once the eggs are nicely scrambled, add the crumbled puttu.Add salt and mix well. Sprinkle some water and mix well. Close with a lid and cook on low flame for a minute. This will make the puttu softer.Serve Kerala Style Puttu Upma Recipe With Scrambled Eggs along with a Cocoa Banana Almond Date Smoothie Recipe for a wholesome breakfast.",7931
112,Sprouted Horse Gram Thoran Recipe - No Onion No Garlic,Kerala,Kerala Recipes,4,"To begin making Sprouted Horse Gram Thoran Recipe first sprout the horsegram if you are not buying store bought sprouts.Follow How to make SproutsAdd the horse gram sprouts into the pressure cooker, sprinkle some salt, and 3 tablespoons of water. Pressure cook it for 3 to 4 whistles and turn off the heat. Allow the pressure to release naturally. Grind coconut, green chilli, cumin seeds, ginger to a course paste with little water in a mixer grinder. Heat oil in pan, add the tomato and add the ground paste and mix. Stir in the turmeric powder and red chilli powder and saute for a minute.Add the sprouted horse gram dal and salt to taste and stir fry for a about a minute. Check the salt and adjust to taste accordingly.Transfer the Sprouted Horse Gram Thoran to a serving bowl and serve hot.Serve Sprouted Horse gram Thoran along with a Kerala Avial, Rasam, Rice and Homemade Yogurt for a nice sattvik meal. ",7951
113,Kaya Tholi Thoran Recipe (Raw Banana Thoran),Kerala,Kerala Recipes,2,"To begin with, the Kaya Tholi Thoran Recipe, Remove the peel from raw plantain. Wash the peel thoroughly with water. Chop the plantain peel finely into pieces.Add turmeric powder and cook chopped plantain peel with 2 cups of water. Cook until they become tender. Drain the excess water from the peel.Meanwhile, grind coarsely all the ingredients mentioned under To Grind.In a small pan, heat oil over medium heat and add mustard seeds once the oil is hot.Add curry leaves, followed by red chilies once the seeds splutter.Add the grounded paste and cook until the raw smell goes off.Now, to the fried coconut mixture, add chopped plantain peel to the mixture and cook until moisture is completely absorbed.Serve the Kaya Tholi Thoran Recipe with cooked rice and puliserry for a yummy lunch.",8005
114,Andi Unda (Kerala Special Cashew & Rice Balls) Recipe,Kerala,Kerala Recipes,2,"To begin making the Andi Unda recipe, roast the red matta rice in a wide pan without oil. The rice will become crispy and starts crackling. Once you start hearing the sound of crackle, take it off the stove and let it cool on a flat plate.In the same wide pan, add the cashew-nuts and dry roast them until they turn brown. Take care not to burn or black them. Once roasted, spread them on a flat plate to cool down.In a mixer grinder, first, grind the rice to a fine powder. Next grind the cashew-nuts. Do not run the mixer continuously, it will result in cashew butter, we don't need cashew paste, we need powdered cashews, so just pulse it 4-5 times.Mix powdered cashews, powdered rice, powdered jaggery and coconut together. Transfer the mixture to a mixer grinder and pulse them together 4-5 times to mix it well. This will help to bind them easily into balls.Transfer the contents to a clean bowl, take fist pull of powder and start making balls by pressing it tightly in your palms, shaping them like laddus. Keep the balls in a clean flat plate. Follow the same process with the remaining mixture.Andi Unda tastes best within 2-3 days. If you are planning to store for more days, then keep them in an air-tight container in the refrigerator. But then too, it is best to consume them within a week or 10 days.Serve them as a snack during hunger-pangs or even as a regular addition to your kids lunch box to improve their nutrient intake.",8191
115,Chemmeen Muringakka Curry Recipe -Prawn Drumstick Curry,Kerala,Kerala Recipes,4,"To begin making the Chemmeen Muringakka Curry Recipe/ Prawn & Drumstick Curry, we will first pressure cook the drumstick in a pressure cooker, with 2 tablespoons of water and  a pinch of salt for just 2 whistles. After 2 whistles turn off the heat and release the pressure immediately. Releasing the pressure immediately, will retain the fresh green color of the drumstick. To make the ground masala for the Chemmeen Muringakka CurryHeat a pan along with a teaspoon of oil over medium heat; add the cumin seeds, coriander seeds, dry red chillies and saute for 2 minutes till you get a roasted aroma and the seeds get crackling.Add in chopped garlic and onions into the pan. Saute until the onions turn translucent and soft.Stir in the grated coconut and turmeric powder and saute until the coconut changes the colour slightly. This will take about 2 to 3 minutes.Once it has sautéed well, turn off the heat and allow the masala to cool.Once the above ingredients are cooled, add it into a grinder along with a little water to make a smooth paste. Keep this aside.To make the curryHeat a kadai with coconut oil, add mustard seeds and allow it to crackle for few seconds. Add in curry leaves and allow it to crackle for few seconds.Add in sliced onions and sauté till they turn translucent, add in chopped green chillies and sauté for another 2 minutes.Add the ground coconut onion paste and mix. Stir in 1 cup of water and bring the mixture to a brisk boil.At this stage, drop in the washed and cleaned prawns, cooked drumstick, sprinkle red chilli powder and salt to taste. Simmer the Chemmeen Muringakka Curry for at least 10 minutes until the prawns are well done.Check the salt and spices and adjust to taste accordingly. Turn off the heat and transfer the Chemmeen Muringakka Curry to a serving bowl and serve hot.Serve the Chemmeen Muringakka Curry/ Prawn & Drumstick Curry along with steamed or ghee rice, or with some flaky Kerala parotta and Meen Varuthathu to make your Sunday lunch special.",8413
116,Mambhazam Pulissery Recipe,Kerala,Kerala Recipes,4,"To begin with Mambazha Pulissery, in a kadai, add, coconut oil, turmeric powder, salt, mangoes and a cup of water. Cook them over medium flame until the mango pieces become soft.Stir them often to avoid sticking at the bottom of the pan. The gravy becomes thickened once cooled down. Hence, adjust water level as per your required consistency.Once mango pieces are cooked, gently mash them with the back of the ladle.In a mixer, combine coconut, yogurt, cumin seeds, curry leaves add all of them and ground them to fine smooth pasteAdd the grounded paste to the mango gravy and cook over medium flame until the raw smell of the paste leaves, about 8-10 minutes.Switch off the flame and keep the gravy aside.In a small pan, add coconut oil and add mustard seeds, urad dal, curry leaves and wait till the mustard seeds splutter.Add seasoning to the Pulissery. Allow the gravy to settle down for about 20 minutesSeason the gravy with the roasted fenugreek powder at the time of servingServe your Mambazha Pulissery with Steamed Rice, Cabbage And Carrot Thoran Recipe, and Elai Vadam Recipe (A Traditional South Indian Rice Papad) for a complete South Indian meal. 
",8615
117,Kerala Style Varutharacha Mutton Curry Recipe,Kerala,Kerala Recipes,3,"To prepare Kerala Varutharacha Mutton Curry Recipe, mash mutton pieces well. Add the mutton pieces into pressure cooker along with cumin seeds and little shallot slices, turmeric powder and salt. Add ½ cup water and pressure cook for 1 whistle.Now in a wok add 1 teaspoon coconut oil. Add shallots, ginger and garlic pieces and sauté for 2 minutes.  Remove it from the pan and keep aside. Add dried red chilies, coriander seeds, cumin seeds, fennel seeds, cinnamon, cloves, cardamom seeds, and roast.After add grated coconut and sauté till spices are roasted well and coconut turns golden brown. Make sure not to burn the spices. Remove from the pan.Transfer shallots, ginger garlic mix, roasted spice-coconut mix into a blender. Add little water and grind into smooth paste.In a wok add coconut oil. Saute sliced shallots until translucent. Add the coconut slices.Add the cooked mutton pieces and roast for 5 minutes.Next add tomato slices and continue to cook.After some time add red chili powder, salt to taste and mix.Add the ground masala paste and cook until oil separates from the sides of the pan.Add the water in which mutton was cooked into the wok and bring it to boil.Sprinkle curry leaves. Check for seasoning.Once fully cooked turn off flame and serve Kerala Varutharacha Mutton Curry Recipe hot with steamed rice.Serve Kerala Varutharacha Mutton Curry along with appam, idiyappam or rice for a weekend lunch or dinner.
",8671
118,Chena Kaya Erissery Recipe,Kerala,Kerala Recipes,4,"To begin the preparation of Chana Kaya Erissery, first soft boil the yam and raw banana, mash and keep them aside.Grind the coconut and jeera to a fine paste by adding water, little at a time. Heat a pan/kadai with oil and add the boiled and mashed vegetables. Add salt, turmeric powder, peppercorns, chilli powder and the ground coconut paste.Let it simmer for 3-4 minutes only ( adjust water levels) and switch off.In a small pan, heat the coconut oil and temper with cumin, mustard seeds and red chillies.When the mustard seeds splutter add the grated coconut.Add curry leaves, turmeric powder, chilli powder and fry the coconut till they turn crunchy and light brown. Switch off and pour this tempering over the erissery.Your delicious Chena Kaya Erissery is ready to be relished!
",8718
119,Meen Peera (Kerala Style Fish Recipe With Shredded Coconut),Kerala,Kerala Recipes,4,"To prepare Meen Peera (Kerala Style Fish Recipe with shredded coconut), wash and clean the sardines and marinate it with 1 small piece of kudampuli and salt. Keep aside for 10 minutes.Throw away the kudampuli and wash the fish under running water till cleaned well. Drain all the water. Cut each fish into 3 pieces for better incorporation of flavor.Add the cleaned sardines into a meen chatti (earthenware) or a pan. Keep aside.Crush or coarsely grind (if you are using a mixer grinder for this process, just pulse it 1 or 2 times till you get a coarsely crushed mixture) together coconut, ginger, garlic, green chilies, shallots, 2 to 3 curry leaves and crushed dry red chili.Add the coconut mix and 2 big pieces of kudampuli into the sardines and mix well. (I used my hands, but you could always use a wooden spoon to do this)Add salt, coconut oil, fenugreek powder, turmeric powder and the rest of the curry leaves and mix well.Now add a little water, just enough to cover the fish.Bring the mixture together with a wooden spoon and press down firmly.Cover with a lid and cook on a high flame. When the mixture is boiling, lower the flame and cook for about 5-6 minutes.Now continue to cook the fish with the lid slightly open. Sauté occasionally and cook till water has reduced.Open the lid completely and continue to cook the fish a medium high flame until most of the liquid has dried up. (Take care not to burn the dish).Serve Meen Peera (Kerala Style Fish Recipe with shredded coconut) with steamed rice and Whole wheat lachha paratha for a wholesome lunch.
",8720
120,Chenakayi Erissery Recipe - Yam Erissery,Kerala,Kerala Recipes,4,"To begin making the Chenakayi Erissery Recipe, prepare all the ingredients required to make this dish.Take a heavy bottomed pan, add yam along with little water, turmeric and salt. Cover the pan and cook till it becomes soft.Meanwhile, prepare the masala. Take half of the coconut mentioned along with cumin, pepper, green chilli and grind to a coarse paste adding 2-3 tablespoon of water. Keep it aside.When the yam pieces are cooked well, mash them lightly using the back of the ladle.To the semi-mashed yam pieces, add the ground masala, salt and sprinkle a little water (if the water added initially has dried out). Mix everything well. Keep the flame on low and cover and cook for 4-5 minutes so that all the flavors are infused. Meanwhile, heat another pan and toast the coconut on low flame until golden brown. Keep aside. Next, Prepare the tempering. Add coconut oil. When it is hot, add mustard seeds. Once they splutter, add curry leaves and switch off. Finally, mix both the roasted coconut and tempering to the Yam erissery and gently give a stir. Reserve a little amount of roasted coconut for garnish.Garnish with roasted coconut and serve Chenakayi Erissery Recipe along with Steamed Rice, Malabari Parotta and Kerala Kadala Curry Recipe.
",8759
121,Kerala Style Karamani Thoran Recipe - Yard Beans Stir Fry With Coconut,Kerala,Kerala Recipes,4,"To begin making the Kerala Style Karamani Thoran Recipe, blend all the ingredients ""to be ground"" including coconut, green chillies, curry leaves, salt in a mixer grinder and make a coarse paste. Keep it aside.In a heavy bottom pan, add mustard seeds, cumin seeds, and allow it to crackle. When they crackle, add curry leaves.Add chopped yard beans, the ground coconut mixture and give it a stir.Add salt to taste and stir fry for about 3 to 4 minutes until the Karamani is well incorporated. Once done, serve warm.Serve the Kerala Style Karamani Thoran Recipe along withMixed Vegetable Sambar, Steamed Rice and South Indian Papad to enjoy your everyday meal.
",9016
122,Nadan Tomato Curry Recipe (Kerala Style Tomato Curry),Kerala,Kerala Recipes,4,"To begin making the Nadan Tomato Curry recipe, heat a pan with oil and temper with mustard seeds and curry leaves.Add the green chillies, tomatoes, turmeric powder, chilli powder and salt.Let the tomatoes cook over low flame, till they become soft and mushy.While the tomatoes cook, grind the ingredients given under 'ground mixture' along with 1/2 cup water .Once the tomatoes are soft, add the ground mixture and cook over low flame for another 3 to 4 minutes and switch off.Serve Nadan Tomato Curry along with Steamed Rice for light dinner or Mangalorean Neer Dosa for breakfast.
",9349
123,Kerala Special Vegetable Stew Recipe,Kerala,Kerala Recipes,4,"To begin making the Kerala Special Vegetable Stew recipe, firstly wash and steam the vegetables (including onion) till they are fork tender.Heat a heavy bottomed pan with coconut oil and temper with the whole spices and curry leaves.Now add the grated ginger and garlic and saute' for 20 seconds only.Add the steamed vegetables and the thin coconut milk. Cook covered over low flame for 5 to 7 minutes.After 5 to 7 minutes, add the thick coconut milk, stir to mix and switch off.Add salt and it is ready to be served. Using fresh whole spices and fresh coconut gives the stew it's authentic taste.Serve Kerala Special Vegetable Stew with Appam or Idiyappam for a perfect South Indian meal.",9398
124,Varutharacha Mutta Curry Recipe,Kerala,Kerala Recipes,2,"To begin making Varutharacha Mutta Curry Recipe, hard boil eggs in a saucepan. Once they cool down a bit, peel the outer shell and keep the eggs aside. Get ready with all the other ingredients as well.In a shallow frying pan, dry roast dry red chilli, cinnamon, cardamom, cloves, coriander seeds, peppercorns, shallots, grated coconut, fennel seeds, on a low flame till all the ingredients get roasted well and become golden color.  Keep aside till cooled.Once they are cooled, wet grind the spices to a smooth paste by adding a little water.  Heat oil in a shallow frying pan.  Splutter mustard seeds when the oil is hot. Add finely chopped onion, ginger garlic paste, curry leaves and saute well on a low-medium heat till onion turns translucent and the raw smell completely vanishes.Add chopped tomato and saute till they turn mushy and sort of comes together in the pan. Add ground coconut masala with salt, and enough water.  Bring it to a boil.  Once the gravy starts boiling, make slits on the surface of hard boiled eggs such that the masala of the curry seeps into it and add one after one, carefully to the boiling gravy. Allow the gravy to boil for 2-3 minutes.  Add few curry leaves and then turn off the heat.Serve Varutharacha Mutta Curry Recipe as a side dish along with No Yeast Kerala Style Appam Recipe, as traditionally served for breakfast in Kerala, or pair it up with Kerala parotta for simple dinner.",9610
125,Cabbage Thoran Recipe,Kerala,Kerala Recipes,4,"To make Pattagobi Thoran, first make a paste. Put the paste making ingredients in a mixer grinder and grind it well. Keep it aside. Now heat oil in a pan. Add urad dal to it and cook till it becomes light brown. Now add mustard seeds and let it cook for 15 seconds. After 15 seconds, add dry red chilli and cook it for 10 seconds. After 10 seconds, add the cabbage, mix and let it cook until it gets soft. After this add grounded coconut paste, salt, turmeric powder and curry leaves. Mix and let it cook for 3 to 5 minutes. Turn off the gas and serve hot. Serve Pattagobi Thoran along with mixed vegetable sambar and rice for dinner.",9639
126,Calamari Roast Recipe (Kerala Style Squid),Kerala,Kerala Recipes,4,"To begin making Calamari Roast Recipe (Kerala Style Squid), in a pressure cooker, take cleaned squid rings with turmeric, salt and ¼ cup water.Pressure cook for 1 whistle. Lower the flame and cook for 10 minutes.In a pan, dry roast fennel and black pepper for a minute. Move it to the blender.Add meat masala along with fennel and black pepper and make a fine powder.In a blender, coarsely blend together shallots, ginger and garlic.Heat oil in a pan. (Preferably cook in an earthenware for that extra flavour and aroma) Add mustard seeds and allow them to splutter.Once they splutter, add the shallot-ginger-garlic mix in and stir well.Tear the curry leaves and add them in the pan. You can add in the whole sprig too. Stir and cook well on medium heat till the onions turn translucent.Now add chopped tomatoes. Cook till the tomatoes have softened.Mash the tomatoes nicely.Now add chilli powder, coriander powder and mix well for 30 seconds.Add the cooked squid from the pressure cooker. If there is any water add that in too. Do not discard this since a unique taste is delectable in the stock.Mix well. Keep mixing at intervals till the water has evaporated a little. You neither want a gravy consistency nor should it be very dry.Now add fennel, black pepper, meat masala in. Mix properly. Adjust the salt.Serve Calamari Roast Recipe (Kerala Style Squid) as a side dish along with Malabari Parotta Without Egg Recipe, Steamed Rice and Kerala Style Vegetable Stew Recipe with Coconut Milk and Meen Varuthathu Recipe | Kerala Style Fish Fry for a complete spicy treat on a weekend with family.",9712
127,Carrot Beans Thoran Recipe - Kerala Thoran For Onam Sadya,Kerala,Kerala Recipes,4,"To prepare Carrot And Beans Thoran (Sabzi Recipe), wash carrot and beans thoroughly with water and chop all them finely.Into a pressure cooker, add the carrot and beans, along with a little salt and 3 tablespoons water and pressure cooker for 2 whistles and turn off the heat. Release the pressure immediately, to avoid discoloration of the vegetables. Keep the vegetables for the thoran aside.Into a mixer grinder, add the fresh coconut, green chillies and cumin seeds and blend without any water to make a coarse mixture. Keep this thoran masala aside.Heat oil in a kadai over medium heat; add the mustard seeds and urad dal and allow it to crackle.Once the urad dal turns light golden brown, add the chopped pearl onions and curry leaves.Saute the onions, until they turn soft and translucent over medium heat. Once done, add the turmeric powder and the ground thoran masala. Saute for a few seconds.Stir in the steamed carrot and beans into the above thoran mixture. Check the salt and add more if required.Stir the Carrot And Beans Thoran for about minute and turn off the heat. Transfer to a serving bowl and serve hot. Try our Carrot Beans Thoran Recipe, it's the best!  Serve the Carrot Beans Thoran Recipe along with Arachuvitta Sambar and Steamed Rice for a traditional south indian lunch. Thoran can be packed into kids lunch box as well, along with Phulka and Dahi.",9998
128,Kerala Style Konju Curry With Thengakothu Recipe (Kerala Style Prawn Curry),Kerala,Kerala Recipes,4,"To begin making the Kerala Style Konju Curry With Thengakothu recipe, wash, clean and devein the prawns.Marinate it with 1 small piece of kudampuli and salt. Keep aside for 10 minutes.Throw away the kudampuli and wash the prawns under running water till cleaned well. Drain away all the water.Take a heavy bottomed pan and add the cleaned prawns into it.Into the prawns, add all the ingredients except the coconut oil.Mix well with hands (or with a wooden spoon) till masala has coated the prawns completely. [add just enough water to cover the prawns or a little lesser, because prawns releases it's own juices while cooking]Cover and cook the prawns for 10 to 12 minutes approximately or till its done. The cooking time depends on the prawns.Do not over cook the prawns. Over cooked prawns turns rubbery and under cooked prawns can make you sick. So be careful while cooking it.If there is too much gravy, reduce it a little. Switch off the flame.Heat coconut oil in a small pan. Add the mustard and allow it to splutter. Now add the curry leaves and fenugreek powder. (optional) Switch off flame.Pour the seasoning into the curry, mix well and serve hot. Kerala Style Konju Curry With Thengakothu is best served with hot rice, appams or neer dosa.",10120
129,Mint Vegetables Moilee Recipe (Mixed Vegetables Cooked In Minty Coconut Milk),Kerala,Kerala Recipes,4,"To begin making the Mint Vegetables Moilee recipe, scrape the coconut and extract the thick and thin coconut milk and keep aside.Heat oil in a wok/kadhai, once heated add the mustard seeds and let it splutter.Add the curry leaves and the thinly sliced onions and sauté till it gets translucent.Add the ginger and the sliced garlic pods and cook until the raw smell evaporates.Add the cubes vegetables, pepper powder and turmeric powder, and sauté for a minute.Add the thin coconut milk and let the vegetables cook with the lid on. This will take 5 to 6 minutes.Add the chopped tomatoes and let it cook for a minute.Once the vegetables are cooked, add the thick coconut milk and the mint paste and heat it for 2 minutes.Make sure you don't bring this mix to a boil at this stage else the coconut milk the curdle.Switch off the flame, season with salt and add the lemon juice.Serve the Mint Vegetables Moilee Recipe with Appams or Idiyappams or Steamed Rice for Sunday brunch.
",10125
130,Mushroom Thoran Recipe-Kerala Style Mushroom Sabzi,Kerala,Kerala Recipes,4,"To prepare this easy Mushroom thoran Recipe-Kerala Style Mushroom Sabzi, prep up with all the ingredients first.Grind all the ingredients meant for spice paste into a thick coarse paste by adding 1/3 cup water.Heat a kadai and add oil. Add mustard seeds and after they splutter, one by one add the other ingredients meant for tempering and mix well.Add the finely chopped mushrooms and turmeric powder and mix well. After some time water will be released from the mushrooms. Cook it for 10 to 15 minutes till the mushrooms appear tender.Now add the ground coconut paste to the mushrooms and cook uncovered for 10 minutes.Add salt to taste and give it a stir. Serve Kerala Style Mushroom thoran Recipe-Kerala Style Mushroom Sabzi with Steamed rice and Cheriya Ulli Sambar.
",10180
131,Murungai Keerai Puttu - Drumstick Leaves Puttu Recipe,Kerala,Kerala Recipes,2,"To begin making the Murungai Keerai Puttu recipe, heat ghee in a heavy bottomed pan.Add the drumstick leaves to it and saute for a minute until it shrinks. Keep aside.Add ragi flour, bajra flour and rice flour in a mixing bowl. Add salt to it and mix well. Sprinkle water little by little and rub into flour to make it crumbly.It has to be in puttu consistency. That is, if small amount of flour is taken and pressed in palm it has to hold shape and crumble if pressed further tightly.Add water to the base vessel of puttu maker until 3/4th and place it on stove. Now place the disc with holes at bottom of top cylindrical vessel.Add 3 teaspoons of coconut to the cylindrical vessel, followed by 2 teaspoons of sauteed drumstick leaves and half of the prepared puttu flour.Layer it again with coconut, drumstick leaves and remaining puttu flour until it reaches top. Close with lid and place the cylindrical vessel on top of base vessel on stove.Steam the Murungai Keerai Puttu for 10 minutes on medium flame or until the top starts releasing steam.Once done, allow Murungai Keerai Puttu to cool and remove the puttu from cylindrical vessel using the stick that accompanied the puttu maker.The healthy drumstick leaves puttu is ready to serve. Serve Murungai Keerai Puttu along with Kerala Kadala Curry for a healthy breakfast meal or you can also relish it for lunch.",10291
132,Kerala Style Whole Wheat Parotta Recipe,Kerala,Kerala Recipes,4,"To begin making the Kerala Style Whole Wheat Parotta Recipe , in a mixing bowl add the flour, 1 tablespoon ghee, milk, sugar, salt and sufficient lukewarm water and make a hard dough.Cover it and keep it aside for 15-20 minutes.Divide the dough into equal portions and roll them into balls.Apply some oil on the balls and cover it. Keep it aside for another 5 to 10 minutes.Spread a little oil or ghee on the table top. Place ball on it and roll it with the help of a rolling pin into thin sheet.Now apply some ghee or oil on the rolled sheet and dust it with the little refined flour.Make small pleats and roll into a round ball. Do the same with the remaining balls. Cover it and leave it aside for 5 minutes.Now take the rested balls and roll like chapati.Heat non-sticky tawa and place the rolled chapati on it.Drizzle little ghee or oil and cook it from both sides until lightly brown and crisp.Serve the Kerala Style Whole Wheat Parotta Recipe with Kappa stew or Kerala Kadala Curry Recipe (Spicy Chickpeas in Coconut Curry) to enjoy your meal.
",10322
133,Kerala Style Prawns & Shrimp Biryani  -Chemmeen Biryani Recipe,Kerala,Kerala Recipes,4,"Start making Kerala Style Prawns & Shrimp Biryani (Chemmeen Biryani Recipe) by mixing prawns with ingredients mentioned under marinating prawns, and refrigerate for 2-3 hours. Meanwhile you can prepare basmati rice for biryani.Meanwhile, grind grated coconut and coriander leaves into a smooth paste.Also grind soaked cashews and keep aside.Heat oil in a Stir-fry pan and shallow fry marinated prawns and keep aside.In the same pan, heat oil and add onions, 1 tablespoon ginger-garlic paste and green chillies, sauté till done.Once the onions are soft, add chopped tomatoes and sauté till cooked.Now add curd, ground paste of coconut-coriander and stir well.Once it comes to boil and the raw smell disappears, add shallow fried prawns and cook on low flame and sauté for 5-6 minutes till the prawns are well-coated with masala.Add the cashew paste and garam masala. Combine well and cook for another 2 to 3 minutes till the mixture thickens slightly. Switch off flame and allow the pan to cool.Instruction for RiceWhile the prawn is getting marinated, drain all water from soaked basmati rice.Meanwhile, heat ghee/oil in a pressure cooker and splutter cardamom, cloves and cinnamon till aromatic and add rice to fry for 5 minutes or until rice starts cracking.Add the water, lemon juice, salt and leaves. Stir well. Cover the pressure cooker with lid without weight.Cook on a high flame till a strong steam comes through. Turn the flame to a complete sim and cook for 5 minutes.Switch off flame and leave to cook on residual heat of the stove for 30 minutes.Once the rice is ready, fluff the rice with a fork or spread the rice on a tray & keep aside.Instruction For GarnishHeat ghee/oil in a pan and fry the cashews and raisins. Remove them from the pan and fry the onions till golden brown.Drain any excess ghee on a paper towel.Layering The Biryani - Stove Top MethodGrease a thick bottomed Biryani pot/Stew pot with ghee.Add a layer of the prawns masala as the bottom layer. Next add a layer of rice as the second layer. Repeat layers till the masala and rice is used up completely. The top most layer of the biriyani must be the rice. Drizzle a little ghee between each layer. Sprinkle coriander and mint leaves on top.Cover with lid and cook for 15 to 20 minutes on lowest flame.Once the biriyani is done, spread the garnish all over and cover again and keep closed for at least 15 minutes to cook in residual heat.Layering The Biryani – Oven MethodPreheat Oven at 180 degree Celsius for 10 minutes.Grease a baking dish with ghee and add layers and garnishing like mentioned above under stove top method.Cover dish with aluminium foil or wet cloth and bake for 25-30 minutes.Serve Chemmeen Biryani hot with papad and Burani Raita or Lauki Raita.
",10910
134,Kerala Style Vettu Cake Recipe (Eggless Wholewheat Tea Shop Cake),Kerala,Kerala Recipes,10,"To prepare Kerala Style Vettu Cake Recipe (Eggless Wholewheat Tea Shop Cake), sift in wheat flour into a mixing bowl. Add salt, cooking soda, sugar, cardamom powder and butter to the flour.Mix everything well and add milk to it. Mix to form crumbs. You can also powder sugar before adding.Then add water little by little and knead into smooth dough. The dough has to be non sticky. Add little flour if needed.Keep the dough covered for 45 minutes. After resting time, roll the dough into a log and cut into 2 inch square pieces.Make a small cut in ""X"" or ""+"" mark in the center with a knife. See the picture for reference.Heat oil for deep frying, check the temperature by dropping a small piece of dough. It has to rise to top immediately.Reduce the flame and drop the pieces slowly and fry for 4-5 minutes in batches keeping in low flame. It has to turn golden brown on all sides.Drain the oil using kitchen tissues. Serve Kerala Style Vettu Cake Recipe (Eggless Wholewheat Tea Shop Cake) with Coconut Kewra Drink or Ginger Cardamom Chai.",11123
135,Kerala Style Varutharacha Sambar Recipe - Tangy Coconut Sambar Recipe,Kerala,Kerala Recipes,3,"To begin making the Kerala Style Varutharacha Sambar recipe, we will first prepare the Homemade Roasted Coconut Sambar Powder.Heat oil in a heavy bottomed pan and add fenugreek seeds. Roast till lightly browned. Add in the split urad dal and chana dal. Roast until they turn golden brown.Once the dals turn brown add the asafoetida and fry for a few seconds till aroma comes through. Transfer this to a bowl and leave to cool.In the same pan, roast the coriander seeds and dry red chillies. Roast until till they give out a nice aroma and  and the red chillies are lightly browned and roasted. Now add in the curry leaves and grated coconut and fry till the coconut turns brown (take care not to burn the coconut). Keep aside to cool.Once cooled grind all the ingredients in a spice grinder until all the dals and spices are ground into a coarse powder like texture. You can optionally add some water to grind to a fine paste. Once the powder is ready, the next step is to prepare the Varutharacha Sambar.In a pressure cooker add in the tamarind water, turmeric powder, salt and all the vegetables. Add a cup of water and cook until you hear two whistles. Turn off the heat and allow the pressure to release naturally.In a large sauce pan, combine the lentils, the cooked vegetables in tamarind water and the sambar powder. Stir to combine all the ingredients well. Check for the salt and spice levels and adjust according to taste. You can also adjust the consistency of the sambar by adding water if you like it thinner. Turn the heat on medium and begin to simmer the Varutharacha Sambar for about 5 to 6 minutes. While the sambar is simmering, we will now get the seasoning ready. Heat coconut oil in a small pan; add in the mustard seeds and allow it to crackle.Add finely sliced pearl onions and saute until they turn soft and light brown in colour.Add the dry red chillies and curry leaves and fry for a few seconds until the red chillies are roasted. This will take about 20 seconds.Pour the seasoning over the simmering Varutharacha Sambar and garnish with chopped coriander leaves.Turn off the heat and keep the sambar covered for about 10 to 15 minutes before you serve.Serve Varutharacha Sambar along with Carrot and Beans Thoran, Steamed Rice and Elai Vadam for a weekday meal.Note:1. Coconut oil enhances the flavour of the curry and lifts it to a whole new level. For health benefits, I tend to use a lesser quantity of coconut oil in my cooking. I avoided using coconut oil while frying the spices and grated coconut for the ground mixture. I only added it while preparing the seasoning/tempering. Please feel free to add more if you like the flavor.2. Don’t limit your use of veggies to those I have mentioned in the recipe. You can add whichever vegetables are available in your refrigerator.",11171
136,Kerala Kadala Curry Recipe - Spicy Chickpeas in Coconut Curry,Kerala,Kerala Recipes,5,"To begin making the Kerala Kadala Curry Recipe, soak chickpeas overnight or for at least 8 hours.Place the soaked chickpeas in the pressure cooker along with a little salt and 2-1/2 cups of water and cook until for 4 to 5 whistles. After 5 whistles, turn the heat to low and simmer for 20 minutes and turn the off the heat.Allow the pressure to release naturally. Ensure the kadal is completely cooked and has a soft bite. If not cook it for a longer time. Next to make the coconut paste, into a mixer grinder jar, add the coconut, fennel seeds and coriander seeds. Add 1/2 cup of warm water and blend to make a smooth paste. Heat oil in a heavy bottomed pan over medium heat.Add the mustard seeds and allow it to crackle. Once it crackles, add the onion, garlic, ginger and green chillies and saute until the onion is soft and translucent. Add the curry leaves and saute for a few seconds. Stir in the tomato puree, turmeric powder, red chilli powder and the coconut puree and give the curry mixture a stir.Finally add the cooked chickpeas, a little salt to taste and bring the Kadala Curry to a boil.Add a cup of water, give the Kadala Curry a stir and turn the heat to low. Simmer the Kadala Curry for a good 15 minutes until all the masala is well absorbed to make a delicious taste Kadala Curry.Give it a taste and adjust the salt and chilli accordingly. Turn off the heat and transfer the Kerala Kadala Curry to a serving bowl and serve hot.Serve the Kerala Kadala Curry along with Puttu for a delicious breakfast, lunch or dinner or even make it for the festival of Onam.",11222
137,Pulikuthi Upperi Recipe - Spicy & Tangy Palakkad Poriyal Recipe,Kerala,Kerala Recipes,4,"To begin making Pulikuthi Upperi Recipe, soak the tamarind in 1/2 cup of hot water for 5 minutes, squeeze out the pulp and keep aside.Dry roast the raw rice, fenugreek seeds and dried red chilies in a small pan on low heat until it turns golden and aromatic. Grind it into a fine powder using a mixer grinder and keep aside.Since all the vegetables have different cooking times, we will cook each of them separately.Into a kadai, heat 1 teaspoon of oil add the raw banana, sprinkle some salt and stir fry until the raw banana is tender and cooked. You can can cover the pan and cook the raw banana until done. Keep this aside.Into the same kadai, add 1/2 teaspoon oil; add the pumpkin, sprinkle salt, the tamarind pulp, jaggery, turmeric powder and stir fry until the pumpkin is tender and cooked. You can can cover the pan and cook the pumpkin until done. Keep this aside.Lastly for the Pulikuthi Upperi, into a new kadai, add 1/2 teaspoon oil; add the mustard seeds and allow them to crackle. Add the hing and curry leaves and saute for a few seconds.Add the bhindi, sprinkle salt and stir fry until the bhindi is tender and cooked. You can can cover the pan and cook the bhindi until done. Add the cooked pumpkin, the raw banana and the ground spiced into the cooked bhindi and stir until well combined. Check the salt and chillies and adjust to suit your taste. Once done, turn off the heat and serve the Pulikuthi Upperi hot.Serve the Pulikuthi Upperi Recipe along with Steamed Rice, Thakkali Vengaya Sambar, Curd and Appalam for a delectable weeknight dinner.",11442
138,Kaya Tholi Thoran Recipe - Raw Banana Thoran (Recipe In Hindi),Kerala,Kerala Recipes,2,"To make Kaya Tholi Thoran, first take out the peel of raw banana and cut it into small pieces. Pour it in a saucepan with turmeric powder and 2 cups of water and cook till it becomes soft. Now put the grinding ingredients in a mixer grinder and grind it. Heat oil in a small pan. Add mustard seeds and cook for 10 seconds. Add curry leaves, dry red chillies and cook for 10 seconds. Now add ground spices and cook for 2 to 3 minutes. After 3 minutes add raw banana and mix it. Cook and serve for 1 to 2 minutes. Serve Kaya Tholi Thoran with kirai sambar and rice for dinner.",11579
139,Idichakka Thoran Recipe (Young Jack Fruit With Spiced Coconut),Kerala,Kerala Recipes,4,"To begin making the Idichakka Thoran Recipe (Young Jack Fruit With Spiced Coconut), we will first shave off the skin of the Idichakka (Jackfruit). To do that, apply oil in your knife and palms. Using the oiled knife scrape the skin off the Jackfruit.Next step is to cut the Idichakka (Jackfruit), into half and remove the middle portion of the fruit from both the halves. Oil and grease your hands and knife once again and cut the Idichakka (Jackfruit) into chunks.We will now cook the Idichakka (Jackfruit) until it is soft and tender. I like using the pressure cooker to cook the jackfruit. Grease the pressure cooker with oil on all sides. Place the Idichakka (Jackfruit), along with salt and a teaspoon of turmeric powder. Add 1/4 cup of water and cover the pressure cooker with its weight on. Allow it to cook under pressure until you hear two whistles. After couple of whistles, turn off the heat. Allow the pressure to release naturally, as the Idichakka (Jackfruit) will continue to cook under the pressure. Once the pressure is released, open the pressure cooker. Using a fork or the back of the knife mash the Idichakka (Jackfruit) into crumbled. You will notice it splitting into think lengthy strips like shredded cabbage. That's the texture we are looking to get. Keep the crumbled Idichakka (Jackfruit) aside.In our next step, grind the coconut and red chillies, adding water little at a time to make a coarse paste. Keep this aside.In our final step; heat a tablespoon of oil in a work or a kadai; add the mustard seeds, cumin seeds and halved urad dal. Allow them to crackle and roast well. Next add the onion, green chillies and saute until the onions are tender. Finally add the curry leaves, asafoetida powder, coconut mixture and the cooked Idichakka (Jackfruit). Stir well until all the ingredients are well combined. Check the salt and spice levels and adjust to suit your taste. Cover the pan, and allow the Idichakka (Jackfruit) Thoran to simmer and absorb the flavors. Turn off the heat.Serve Idichakka Thoran Recipe along with Mixed Vegetable Sambar and Steamed Rice for a weeknight dinner.  ",11612
140,Kerala style drumstick spinach pose recipe,Kerala,Kerala Recipes,4,"To begin making the Kerala Style Murungai Keerai Thoran Recipe, firstly clean the leaves first, try removing twigs and use only the leaves and wash it thoroughly.Then in a mixer grinder, add all the ingredients that are mentioned in the list (fresh coconut, cumin, turmeric powder and chilli powder). Keep it aside.Heat a kadai, add oil, splutter mustard seeds and curry leaves. Add in ginger and onions and fry till it becomes translucent.Then add in the ground masala and fry them for 2 minutes and then add in the washed drumstick leaves. Sauté and combine the masala with the leaves.Sprinkle some water, cover it and cook for about 10 minutes. Then check for seasonings by adding some salt, give it one last stir and serve.Serve the Kerala Style Murungai Keerai Thoran Recipe along with some Steamed Rice and Kerala Style Ulli Theeyal Recipe (Small Onions Roasted in Spicy Tamarind Recipe) for your lunch.
",11771
141,Fish Molee Recipe - Kerala Style Fish Curry,Kerala,Kerala Recipes,6,"To begin making the Fish Molee Recipe, firstly wash the fish cutlet pieces and season with salt. In a heavy bottomed pan, heat some oil on medium flame. Add cumin seeds and let it crackle. Add chopped onion and saute until the onions are translucent. Add garlic, ginger paste and saute until the raw smell of garlic and ginger goes away.Add in the chopped tomatoes and saute until the tomatoes are mushy and oil starts to leave from the sides. This will take 3 to 4 minutes.After 3 to4 minutes add in turmeric powder and red chili powder, mix well and pour a cup of water into the pan. Once the water reaches the boiling point, lower the flame, add coconut milk and the fish pieces.When the fish is fully cooked, add lime juice and vinegar. Add appropriate amount of salt and give the curry a good stir. Turn off the flame.Serve Fish Molee along with Appams or Steamed Rice for a simple weekday Lunch. You can also make it for your weekend Lunch with other Kerala recipes.",12250
142,Beans Mezhukkupuratti Recipe - Kerala Style Stir Fried Beans,Kerala,Kerala Recipes,4,"To begin making the Beans Mezhukkupuratti Recipe (Kerala Poriyal), wash and discard the ends of the french beans. Cut them into inch long pieces and keep aside.Place the beans in a pressure cooker, add two tablespoon of water and sprinkle some salt. Pressure cook the beans for just one whistle and turn off the heat.Release the pressure immediately from the pressure cooker by running it under cold water, to prevent the beans from getting over cooked and losing its green color.Heat oil in a heavy bottomed pan, add the mustard seeds and let it crackle. Add the curry leaves and let it splutter. Once the curry leaves have spluttered, add the onions and saute the onions until they are tender.Add the steamed beans, turmeric powder, pepper powder, season with salt, mix well and stir fry the Beans Mezhukkupuratti for a couple of minutes. Check the salt to taste and adjust accordingly. Once done, turn off the heat and transfer the Beans Mezhukkupuratti to a serving bowl. Serve the Beans Mezhukkupuratti Recipe (Kerala Beans Poriyal) along with Kerala Red or White Rice, Arachuvitta Sambar Recipe, and Elai Vadam for a simple yet delicious Kerala inspired weeknight dinner.",12305
143,Chena Mezhukkupuratti Recipe ( Eggplant Foot Yam Stir Fry),Kerala,Kerala Recipes,4,"To begin with the Chena Mezhukuparrati Recipe ( Eggplant Foot Yam Stir Fry) first, in a medium sized pot, add water and salt; Bring it to a boil. Add the chopped Elephant foot yam in the boiling water and cook them until they are half cooked. Do not cook the yam pieces completely.Drain the excess water from the cooked yam pieces and set them aside on a paper towel; allow them to dry until we prepare the other spicy mixture.In a nonstick Kadai, add oil and heat on a medium flame.Once the oil is hot, add mustard seeds followed by curry leaves. Let the seeds splutter.While keeping the Kadai in medium flame, add garlic, onion and let them fry. Now add turmeric powder, red chili powder, fennel powder, and pepper powder. Give them a stir so that they blended together. Do not burn the spices.Add the cooked yam pieces to the spicy mixture in the Kadai.Cook yam with the lid covered. If it sticks at the bottom of the pan, add 2- 3 tablespoons of hot water.Once the yam pieces are completely cooked and the raw smell of spice powders goes off, switch off the flame.Serve the Chena Mezhukuparrati Recipe ( Eggplant Foot Yam Stir Fry) as a  side for white rice . To make it more authentic, use coconut oil for the recipe.",12433
144,Cabbage And Carrot Thoran Recipe,Kerala,Kerala Recipes,4,"To prepare this easy Cabbage And Carrot Thoran Recipe, wash and prepare carrots and cabbage first.In a bowl, add grated carrots and chopped cabbage. Add onions, green chilies, cumin powder, turmeric powder and required salt to the vegetable mixture.Toss them well so that they are mixed well together.In a kadai, add oil and heat over a medium flame.Add mustard seeds once the oil is hot.Once the mustards splutter, add curry leaves and the vegetable mixture.Cook the mixture over the medium flame with the lid covered. This may take 10-12 minutes.Once the vegetables become tender and cooked, add grated coconut to the mixture.Combine them well and cook with the lid open for about 3 minutes till the dish is cooked.Switch off the flame. Serve the carrot and cabbage thoran with hot boiled rice, Cheriya ulli sambar and fried papad for a perfect meal.",12788
145,Perum Payaru Theeyal Recipe (Kerala Style Black Eyed Bean Curry),Kerala,Kerala Recipes,4,"To begin the preparation of Perum Payaru Theeyal, dry roast the cow peas in a wok in medium heat till fragrant. This will take around 10 minutes.Now, cook the dry roasted red cow peas with 2 cups of water using a pressure cooker for 3 whistles and keep aside.Heat oil in small pan, add the dry chillies and coriander seeds and roast till fragrant.Add the grated coconut and roast until it turns light brown.Once the roasted mixture is cooled, grind it to a smooth paste with little water using a mixer grinder.Now bring the pressure cooker back on heat in which the red cow peas were cooked.Add the ground coconut paste, tamarind paste and mix well. Season with salt, simmer for 5 minutes and switch off the flame.Garnish with chopped coriander on top and serve the Perum Payaru Theeyal along with steamed rice and beetroot thoran for a weekday lunch.
",13221
