recipe_id,line_no,raw_line,regex_qty,regex_unit,regex_name,ip_name,ip_qty,ip_unit,ip_state,ip_comment,ip_purpose,patch_dry_fresh,ip_patched_name,modifier_text,flag_name,flag_qty,flag_unit,flag_state,review_flags
1,1,1 cup Ada,1,cup,Ada,Ada,1,cup,,,,,Ada,,False,False,False,False,
1,2,2 liter Milk - full cream,2,liter,Milk,Milk; full cream,2,liter,,,,,Milk; full cream,full cream,True,False,False,True,name;state
1,3,3/4 cup Sugar,3/4,cup,Sugar,Sugar,3/4,cup,,,,,Sugar,,False,False,False,False,
1,4,1 tablespoon Ghee,1,tablespoon,Ghee,Ghee,1,tablespoon,,,,,Ghee,,False,False,False,False,
1,5,1/2 teaspoon Cardamom Powder (Elaichi),1/2,teaspoon,Cardamom Powder (Elaichi),Cardamom Powder (Elaichi),1/2,teaspoon,,,,,Cardamom Powder (Elaichi),,False,False,False,False,
2,1,1-1/2 cups Curd (Dahi / Yogurt) - thick,1-1/2,cups,Curd (Dahi / Yogurt),Curd Yogurt,1/2,cup,thick,Dahi,,,Curd (Dahi / Yogurt),thick,False,True,False,False,qty
2,2,1/2 cup Fresh coconut,1/2,cup,Fresh coconut,Fresh coconut,1/2,cup,,,,Fresh,Fresh coconut,,False,False,False,False,
2,3,1 cup Vellai Poosanikai (Ash gourd/White Pumpkin) - cubed,1,cup,Vellai Poosanikai (Ash gourd/White Pumpkin),Vellai Poosanikai,1,cup,cubed,(Ash gourd/White Pumpkin),,,Vellai Poosanikai (Ash gourd/White Pumpkin),cubed,False,False,False,False,
2,4,4 Green Chillies,4,,Green Chillies,Green Chillies,4,,,,,,Green Chillies,,False,False,False,False,
2,5,1/4 teaspoon Black pepper powder,1/4,teaspoon,Black pepper powder,Black pepper powder,1/4,teaspoon,,,,,Black pepper powder,,False,False,False,False,
2,6,1/3 cup Water,1/3,cup,Water,Water,1/3,cup,,,,,Water,,False,False,False,False,
2,7,1/4 teaspoon Turmeric powder (Haldi),1/4,teaspoon,Turmeric powder (Haldi),Turmeric powder (Haldi),1/4,teaspoon,,,,,Turmeric powder (Haldi),,False,False,False,False,
2,8,Salt - as per your taste,,,Salt,Salt,,,,as per your taste,,,Salt,as per your taste,False,False,False,True,state
2,9,1 teaspoon Coconut Oil,1,teaspoon,Coconut Oil,Coconut Oil,1,teaspoon,,,,,Coconut Oil,,False,False,False,False,
2,10,1/4 teaspoon Mustard seeds,1/4,teaspoon,Mustard seeds,Mustard seeds,1/4,teaspoon,,,,,Mustard seeds,,False,False,False,False,
2,11,1/4 teaspoon Methi Seeds (Fenugreek Seeds),1/4,teaspoon,Methi Seeds (Fenugreek Seeds),Methi Seeds (Fenugreek Seeds),1/4,teaspoon,,,,,Methi Seeds (Fenugreek Seeds),,False,False,False,False,
2,12,1 sprig Curry leaves,1,sprig,Curry leaves,Curry leaves,1,sprig,,,,,Curry leaves,,False,False,False,False,
2,13,1 Dry Red Chilli,1,,Dry Red Chilli,Dry Red Chilli,1,,,,,Dry,Dry Red Chilli,,False,False,False,False,
3,1,1/2 cup raw banana - chopped,1/2,cup,raw banana,raw banana,1/2,cup,chopped,,,,raw banana,chopped,False,False,False,False,
3,2,1/2 cup suran - chopped,1/2,cup,suran,suran,1/2,cup,chopped,,,,suran,chopped,False,False,False,False,
3,3,1/2 cup black gram,1/2,cup,black gram,black grams,1/2,cup,,,,,black grams,,True,False,False,False,name
3,4,1/2 teaspoon turmeric powder,1/2,teaspoon,turmeric powder,turmeric powder,1/2,teaspoon,,,,,turmeric powder,,False,False,False,False,
3,5,1/2 teaspoon red chili powder,1/2,teaspoon,red chili powder,red chili powder,1/2,teaspoon,,,,,red chili powder,,False,False,False,False,
3,6,salt - as per taste,,,salt,salt,,,,as per taste,,,salt,as per taste,False,False,False,True,state
3,7,1/2 2 tsp cumin seeds,1/2,,2 tsp cumin seeds,cumin seeds,1/2,,,,,,2 tsp cumin seeds,,True,False,False,False,name
3,8,1 cup coconut - grated,1,cup,coconut,coconut,1,cup,grated,,,,coconut,grated,False,False,False,False,
3,9,1/4 tsp whole black pepper,1/4,tsp,whole black pepper,whole black pepper,1/4,teaspoon,,,,,whole black pepper,,False,False,False,False,
3,10,3 cloves garlic,3,cloves,garlic,garlic,3,cloves,,,,,garlic,,False,False,False,False,
3,11,1 green chili,1,,green chili,green chili,1,,,,,,green chili,,False,False,False,False,
3,12,1 tsp oil,1,tsp,oil,oil,1,teaspoon,,,,,oil,,False,False,False,False,
3,13,1/2 tsp mustard,1/2,tsp,mustard,mustard,1/2,teaspoon,,,,,mustard,,False,False,False,False,
4,1,2 Sweet Potatoes - medium size,2,,Sweet Potatoes,Sweet Potatoes,2,,,,,,Sweet Potatoes,medium size,False,False,False,True,state
4,2,1 Onion,1,,Onion,Onion,1,,,,,,Onion,,False,False,False,False,
4,3,1/2 teaspoon Rasam Powder,1/2,teaspoon,Rasam Powder,Rasam Powder,1/2,teaspoon,,,,,Rasam Powder,,False,False,False,False,
4,4,Turmeric powder (Haldi) - a pinch,,,Turmeric powder (Haldi),Turmeric powder (Haldi),1,pinch,,,,,Turmeric powder (Haldi),a pinch,False,True,True,True,qty;unit;state
4,5,Asafoetida (hing) - a pinch,,,Asafoetida (hing),Asafoetida (hing),1,pinch,,,,,Asafoetida (hing),a pinch,False,True,True,True,qty;unit;state
4,6,Salt - to taste,,,Salt,Salt,,,,to taste,,,Salt,to taste,False,False,False,True,state
4,7,2 teaspoons Sunflower Oil,2,teaspoons,Sunflower Oil,Sunflower Oil,2,teaspoon,,,,,Sunflower Oil,,False,False,False,False,
4,8,1 teaspoon Mustard seeds,1,teaspoon,Mustard seeds,Mustard seeds,1,teaspoon,,,,,Mustard seeds,,False,False,False,False,
4,9,1 teaspoon White Urad Dal (Split),1,teaspoon,White Urad Dal (Split),White Urad Dal (Split),1,teaspoon,,,,,White Urad Dal (Split),,False,False,False,False,
4,10,1 sprig Curry leaves,1,sprig,Curry leaves,Curry leaves,1,sprig,,,,,Curry leaves,,False,False,False,False,
5,1,2 Banana flower (Vazhaipoo) - ripe,2,,Banana flower (Vazhaipoo),Banana flower (Vazhaipoo) - ripe,2,,,,,,Banana flower (Vazhaipoo) - ripe,ripe,True,False,False,True,name;state
5,2,1 cup Coconut milk - thick,1,cup,Coconut milk,Coconut milk,1,cup,,,,,Coconut milk,thick,False,False,False,True,state
5,3,3 cups Coconut milk - thin,3,cups,Coconut milk,Coconut milk,3,cup,,thin,,,Coconut milk,thin,False,False,False,True,state
5,4,1/2 cup Rice - raw,1/2,cup,Rice,Rice,1/2,cup,raw,,,,Rice,raw,False,False,False,False,
5,5,1/2 cup Chana dal (Bengal Gram Dal),1/2,cup,Chana dal (Bengal Gram Dal),Chana dal,1/2,cup,,(Bengal Grams Dal),,,Chana dal (Bengal Gram Dal),,False,False,False,False,
5,6,1/4 Onion,1/4,,Onion,Onion,1/4,,,,,,Onion,,False,False,False,False,
5,7,2 Cardamom (Elaichi) Pods/Seeds,2,,Cardamom (Elaichi) Pods/Seeds,Cardamom (Elaichi) Seeds,2,Pods,,,,,Cardamom (Elaichi) Pods/Seeds,,False,False,True,False,unit
5,8,1 cup Sugar,1,cup,Sugar,Sugar,1,cup,,,,,Sugar,,False,False,False,False,
5,9,3/4 teaspoon Salt - and some more for cooking the chana dal,3/4,teaspoon,Salt,Salt,3/4,teaspoon,,and some more,for cooking the chana dal,,Salt,and some more for cooking the chana dal,False,False,False,True,state
5,10,Water - as required,,,Water,Water,,,,as required,,,Water,as required,False,False,False,True,state
6,1,500 grams Bhindi (Lady Finger/Okra) - slit into half and cut into 1 inch pieces,500,grams,Bhindi (Lady Finger/Okra),Bhindi,500,gram,slit into half and cut into 1 inch pieces,(Lady Finger/Okra),,,Bhindi (Lady Finger/Okra),slit into half and cut into 1 inch pieces,False,False,False,False,
6,2,10 Pearl onions (Sambar Onions) - finely chopped,10,,Pearl onions (Sambar Onions),Pearl onions (Sambar Onions),10,,finely chopped,,,,Pearl onions (Sambar Onions),finely chopped,False,False,False,False,
6,3,1/4 cup Fresh coconut - grated,1/4,cup,Fresh coconut,Fresh coconut,1/4,cup,grated,,,Fresh,Fresh coconut,grated,False,False,False,False,
6,4,2 Green Chillies - finely chopped,2,,Green Chillies,Green Chillies,2,,finely chopped,,,,Green Chillies,finely chopped,False,False,False,False,
6,5,1 sprig Curry leaves,1,sprig,Curry leaves,Curry leaves,1,sprig,,,,,Curry leaves,,False,False,False,False,
6,6,1/2 teaspoon Mustard seeds,1/2,teaspoon,Mustard seeds,Mustard seeds,1/2,teaspoon,,,,,Mustard seeds,,False,False,False,False,
6,7,1/2 teaspoon Turmeric powder (Haldi),1/2,teaspoon,Turmeric powder (Haldi),Turmeric powder (Haldi),1/2,teaspoon,,,,,Turmeric powder (Haldi),,False,False,False,False,
6,8,Salt - to taste,,,Salt,Salt,,,,to taste,,,Salt,to taste,False,False,False,True,state
6,9,Sunflower Oil - for cooking,,,Sunflower Oil,Sunflower Oil,,,,,for cooking,,Sunflower Oil,for cooking,False,False,False,True,state
7,1,500 grams Bhindi (Lady Finger/Okra) - cut into 1 inch pieces,500,grams,Bhindi (Lady Finger/Okra),Bhindi Okra,500,gram,cut into 1 inch pieces,Lady Finger,,,Bhindi (Lady Finger/Okra),cut into 1 inch pieces,False,False,False,False,
7,2,1 Onion - big,1,,Onion,Onion,1,,,big,,,Onion,big,False,False,False,True,state
7,3,1 Green Chilli - slit,1,,Green Chilli,Green Chilli,1,,slit,,,,Green Chilli,slit,False,False,False,False,
7,4,1 cup Coconut milk - thick,1,cup,Coconut milk,Coconut milk,1,cup,,,,,Coconut milk,thick,False,False,False,True,state
7,5,2 teaspoons Ginger - grated,2,teaspoons,Ginger,Ginger,2,teaspoon,grated,,,,Ginger,grated,False,False,False,False,
7,6,1 teaspoon Mustard seeds,1,teaspoon,Mustard seeds,Mustard seeds,1,teaspoon,,,,,Mustard seeds,,False,False,False,False,
7,7,1 sprig Curry leaves,1,sprig,Curry leaves,Curry leaves,1,sprig,,,,,Curry leaves,,False,False,False,False,
7,8,1 tablespoon Coconut Oil,1,tablespoon,Coconut Oil,Coconut Oil,1,tablespoon,,,,,Coconut Oil,,False,False,False,False,
7,9,Salt - to taste,,,Salt,Salt,,,,to taste,,,Salt,to taste,False,False,False,True,state
8,1,1 Carrot (Gajjar) - finely chopped,1,,Carrot (Gajjar),Carrot (Gajjar),1,,finely chopped,,,,Carrot (Gajjar),finely chopped,False,False,False,False,
8,2,1 Brinjal (Baingan / Eggplant) - finely chopped,1,,Brinjal (Baingan / Eggplant),Brinjal Eggplant,1,,finely chopped,Baingan,,,Brinjal (Baingan / Eggplant),finely chopped,False,False,False,False,
8,3,1 Potato (Aloo) - finely diced,1,,Potato (Aloo),Potato (Aloo),1,,finely diced,,,,Potato (Aloo),finely diced,False,False,False,False,
8,4,1 Elephant yam (Suran/Senai/Ratalu) - finely diced,1,,Elephant yam (Suran/Senai/Ratalu),Elephant yam Ratalu,1,,finely diced,Suran/Senai,,,Elephant yam (Suran/Senai/Ratalu),finely diced,False,False,False,False,
8,5,6 Green beans (French Beans) - cut into 1 inch pieces,6,,Green beans (French Beans),Green beans,6,,cut into 1 inch pieces,(French Beans),,,Green beans (French Beans),cut into 1 inch pieces,False,False,False,False,
8,6,1 Mango (Raw) - cut into 1 inch lengthwise,1,,Mango (Raw),Mango (Raw),1,,cut into 1 inch lengthwise,,,,Mango (Raw),cut into 1 inch lengthwise,False,False,False,False,
8,7,1/4 teaspoon Turmeric powder (Haldi),1/4,teaspoon,Turmeric powder (Haldi),Turmeric powder (Haldi),1/4,teaspoon,,,,,Turmeric powder (Haldi),,False,False,False,False,
8,8,1 cup Fresh coconut - grated,1,cup,Fresh coconut,Fresh coconut,1,cup,grated,,,Fresh,Fresh coconut,grated,False,False,False,False,
8,9,1 tablespoon Ginger - juliennes,1,tablespoon,Ginger,Ginger - juliennes,1,tablespoon,,,,,Ginger - juliennes,juliennes,True,False,False,True,name;state
8,10,6 Green Chillies,6,,Green Chillies,Green Chillies,6,,,,,,Green Chillies,,False,False,False,False,
8,11,1/2 teaspoon Cumin seeds (Jeera),1/2,teaspoon,Cumin seeds (Jeera),Cumin seeds (Jeera),1/2,teaspoon,,,,,Cumin seeds (Jeera),,False,False,False,False,
8,12,1 cup Pearl onions (Sambar Onions),1,cup,Pearl onions (Sambar Onions),Pearl onions (Sambar Onions),1,cup,,,,,Pearl onions (Sambar Onions),,False,False,False,False,
8,13,2 sprig Curry leaves,2,sprig,Curry leaves,Curry leaves,2,sprigs,,,,,Curry leaves,,False,False,False,False,
8,14,1 tablespoon Coconut Oil,1,tablespoon,Coconut Oil,Coconut Oil,1,tablespoon,,,,,Coconut Oil,,False,False,False,False,
8,15,Salt - to taste,,,Salt,Salt,,,,to taste,,,Salt,to taste,False,False,False,True,state
9,1,2 Seer fish - slices,2,,Seer fish,Seer fish,2,slices,,,,,Seer fish,slices,False,False,True,True,unit;state
9,2,1/2 teaspoon Turmeric powder (Haldi),1/2,teaspoon,Turmeric powder (Haldi),Turmeric powder (Haldi),1/2,teaspoon,,,,,Turmeric powder (Haldi),,False,False,False,False,
9,3,Salt - to taste,,,Salt,Salt,,,,to taste,,,Salt,to taste,False,False,False,True,state
9,4,2 teaspoons Aachi Fish Masala,2,teaspoons,Aachi Fish Masala,Aachi Fish Masala,2,teaspoon,,,,,Aachi Fish Masala,,False,False,False,False,
9,5,1/3 cup Fresh coconut,1/3,cup,Fresh coconut,Fresh coconut,1/3,cup,,,,Fresh,Fresh coconut,,False,False,False,False,
9,6,6 cloves Garlic,6,cloves,Garlic,Garlic,6,cloves,,,,,Garlic,,False,False,False,False,
9,7,1 inch Ginger,1,inch,Ginger,Ginger,,,,,,,Ginger,,False,True,True,False,qty;unit
9,8,2 sprig Coriander (Dhania) Leaves - washed and finely chopped,2,sprig,Coriander (Dhania) Leaves,Coriander (Dhania),2,sprigs,washed and finely chopped,Leaves,,,Coriander (Dhania) Leaves,washed and finely chopped,False,False,False,False,
9,9,1 Tomato - finely chopped,1,,Tomato,Tomato,1,,finely chopped,,,,Tomato,finely chopped,False,False,False,False,
9,10,1 inch Cinnamon Stick (Dalchini),1,inch,Cinnamon Stick (Dalchini),Cinnamon Sticks (Dalchini),,,,,,,Cinnamon Sticks (Dalchini),,True,True,True,False,name;qty;unit
9,11,2 Cloves (Laung),2,Cloves,(Laung),Cloves,2,,,(Laung),,,Cloves,,True,False,True,False,name;unit
9,12,1 Kokum (Malabar Tamarind),1,,Kokum (Malabar Tamarind),Kokum (Malabar Tamarind),1,,,,,,Kokum (Malabar Tamarind),,False,False,False,False,
9,13,2 tablespoons Coconut Oil,2,tablespoons,Coconut Oil,Coconut Oil,2,tablespoon,,,,,Coconut Oil,,False,False,False,False,
9,14,3 sprig Curry leaves,3,sprig,Curry leaves,Curry leaves,3,sprigs,,,,,Curry leaves,,False,False,False,False,
9,15,8 Pearl onions (Sambar Onions) - sliced,8,,Pearl onions (Sambar Onions),Pearl onions (Sambar Onions),8,,sliced,,,,Pearl onions (Sambar Onions),sliced,False,False,False,False,
9,16,2 tablespoons Sambar Powder,2,tablespoons,Sambar Powder,Sambar Powder,2,tablespoon,,,,,Sambar Powder,,False,False,False,False,
10,1,1 kg Tapioca root,1,kg,Tapioca root,Tapioca root,1,kilogram,,,,,Tapioca root,,False,False,False,False,
10,2,1 cup Fresh coconut - grated,1,cup,Fresh coconut,Fresh coconut,1,cup,grated,,,Fresh,Fresh coconut,grated,False,False,False,False,
10,3,4 to 5 Shallots,4to5,,Shallots,Shallots,4,,,,,,Shallots,,False,True,False,False,qty
10,4,2 Green Chillies - chopped,2,,Green Chillies,Green Chillies,2,,chopped,,,,Green Chillies,chopped,False,False,False,False,
10,5,1-1/2 cups Hung Curd (Greek Yogurt),1-1/2,cups,Hung Curd (Greek Yogurt),Hung Curd (Greek Yogurt),1/2,cup,,,,,Hung Curd (Greek Yogurt),,False,True,False,False,qty
10,6,Salt - to taste,,,Salt,Salt,,,,to taste,,,Salt,to taste,False,False,False,True,state
11,1,2 cups rice - soaked for 3 hours,2,cups,rice,rice,2,cup,soaked for 3 hours,,,,rice,soaked for 3 hours,False,False,False,False,
11,2,1 cup rice - cooked,1,cup,rice,rice,1,cup,cooked,,,,rice,cooked,False,False,False,False,
11,3,1 cup coconut - tighten,1,cup,coconut,coconut - tighten,1,cup,,,,,coconut - tighten,tighten,True,False,False,True,name;state
11,4,1 tsp active dry yeast - + 1/2 cup lukewarm water,1,tsp,active dry yeast,active dry yeast; water,1,teaspoon,lukewarm,,,Dry,active dry yeast; water,+ 1/2 cup lukewarm water,True,False,False,False,name
11,5,2 tbsp sugar,2,tbsp,sugar,sugar,2,tablespoon,,,,,sugar,,False,False,False,False,
11,6,salt - as per taste,,,salt,salt,,,,as per taste,,,salt,as per taste,False,False,False,True,state
12,1,1-1/2 cups Milk,1-1/2,cups,Milk,Milk,1/2,cup,,,,,Milk,,False,True,False,False,qty
12,2,1 cup Coconut milk,1,cup,Coconut milk,Coconut milk,1,cup,,,,,Coconut milk,,False,False,False,False,
12,3,1/4 cup Yellow Moong Dal (Split) - washed and soaked,1/4,cup,Yellow Moong Dal (Split),Yellow Moong Dal (Split),1/4,cup,washed and soaked,,,,Yellow Moong Dal (Split),washed and soaked,False,False,False,False,
12,4,2 tablespoons Chana dal (Bengal Gram Dal) - washed and soaked,2,tablespoons,Chana dal (Bengal Gram Dal),Chana dal,2,tablespoon,washed and soaked,(Bengal Grams Dal),,,Chana dal (Bengal Gram Dal),washed and soaked,False,False,False,False,
12,5,2 tablespoons Fresh coconut - grated,2,tablespoons,Fresh coconut,Fresh coconut,2,tablespoon,grated,,,Fresh,Fresh coconut,grated,False,False,False,False,
12,6,1/2 cup Jaggery,1/2,cup,Jaggery,Jaggery,1/2,cup,,,,,Jaggery,,False,False,False,False,
12,7,10 Cashew nuts - halved,10,,Cashew nuts,Cashew nuts,10,,halved,,,,Cashew nuts,halved,False,False,False,False,
12,8,1 teaspoon Cardamom Powder (Elaichi),1,teaspoon,Cardamom Powder (Elaichi),Cardamom Powder (Elaichi),1,teaspoon,,,,,Cardamom Powder (Elaichi),,False,False,False,False,
12,9,2 tablespoons Ghee,2,tablespoons,Ghee,Ghee,2,tablespoon,,,,,Ghee,,False,False,False,False,
13,1,2 Nendra Pazham Banana (Ripe) - sliced into rounds,2,,Nendra Pazham Banana (Ripe),Nendra Pazham Banana (Ripe),2,,sliced into rounds,,,,Nendra Pazham Banana (Ripe),sliced into rounds,False,False,False,False,
13,2,1/4 teaspoon Turmeric powder (Haldi),1/4,teaspoon,Turmeric powder (Haldi),Turmeric powder (Haldi),1/4,teaspoon,,,,,Turmeric powder (Haldi),,False,False,False,False,
13,3,Salt - to taste,,,Salt,Salt,,,,to taste,,,Salt,to taste,False,False,False,True,state
13,4,1 cup Curd (Dahi / Yogurt),1,cup,Curd (Dahi / Yogurt),Curd,1,cup,,(Dahi/Yogurt),,,Curd (Dahi / Yogurt),,False,False,False,False,
13,5,Coconut Oil - for cooking,,,Coconut Oil,Coconut Oil,,,,,for cooking,,Coconut Oil,for cooking,False,False,False,True,state
13,6,1/2 cup Fresh coconut,1/2,cup,Fresh coconut,Fresh coconut,1/2,cup,,,,Fresh,Fresh coconut,,False,False,False,False,
13,7,2 Green Chilli,2,,Green Chilli,Green Chilli,2,,,,,,Green Chilli,,False,False,False,False,
13,8,1 sprig Curry leaves,1,sprig,Curry leaves,Curry leaves,1,sprig,,,,,Curry leaves,,False,False,False,False,
13,9,1 teaspoon Cumin seeds (Jeera),1,teaspoon,Cumin seeds (Jeera),Cumin seeds (Jeera),1,teaspoon,,,,,Cumin seeds (Jeera),,False,False,False,False,
13,10,1 teaspoon Mustard seeds,1,teaspoon,Mustard seeds,Mustard seeds,1,teaspoon,,,,,Mustard seeds,,False,False,False,False,
13,11,1 sprig Curry leaves,1,sprig,Curry leaves,Curry leaves,1,sprig,,,,,Curry leaves,,False,False,False,False,
13,12,1 teaspoon White Urad Dal (Split),1,teaspoon,White Urad Dal (Split),White Urad Dal (Split),1,teaspoon,,,,,White Urad Dal (Split),,False,False,False,False,
13,13,Sunflower Oil - for tempering,,,Sunflower Oil,Sunflower Oil,,,,,for tempering,,Sunflower Oil,for tempering,False,False,False,True,state
14,1,500 Chicken - medium sized pieces,500,,Chicken,Chicken; sized pieces,500,,,,,,Chicken; sized pieces,medium sized pieces,True,False,False,True,name;state
14,2,1 Onion - roughly chopped,1,,Onion,Onion,1,,roughly chopped,,,,Onion,roughly chopped,False,False,False,False,
14,3,1 inch Ginger - grated,1,inch,Ginger,Ginger,,,grated,,,,Ginger,grated,False,True,True,False,qty;unit
14,4,6 cloves Garlic - finely chopped,6,cloves,Garlic,Garlic,6,cloves,finely chopped,,,,Garlic,finely chopped,False,False,False,False,
14,5,1 teaspoon Mustard seeds,1,teaspoon,Mustard seeds,Mustard seeds,1,teaspoon,,,,,Mustard seeds,,False,False,False,False,
14,6,8 Curry leaves,8,,Curry leaves,Curry leaves,8,,,,,,Curry leaves,,False,False,False,False,
14,7,Coconut Oil,,,Coconut Oil,Coconut Oil,,,,,,,Coconut Oil,,False,False,False,False,
14,8,Salt - as per taste,,,Salt,Salt,,,,as per taste,,,Salt,as per taste,False,False,False,True,state
14,9,1/2 cup Coconut milk - or grated fresh coconut,1/2,cup,Coconut milk,Coconut milk; fresh coconut,1/2,cup,grated,,,Fresh,Coconut milk; fresh coconut,or grated fresh coconut,True,False,False,False,name
14,10,1 tablespoon Whole Black Peppercorns,1,tablespoon,Whole Black Peppercorns,Whole Black Peppercorns,1,tablespoon,,,,,Whole Black Peppercorns,,False,False,False,False,
14,11,1 teaspoon Coriander (Dhania) Seeds,1,teaspoon,Coriander (Dhania) Seeds,Coriander (Dhania) Seeds,1,teaspoon,,,,,Coriander (Dhania) Seeds,,False,False,False,False,
14,12,1 inch Cinnamon Stick (Dalchini),1,inch,Cinnamon Stick (Dalchini),Cinnamon Sticks (Dalchini),,,,,,,Cinnamon Sticks (Dalchini),,True,True,True,False,name;qty;unit
14,13,1 teaspoon Fennel seeds (Saunf),1,teaspoon,Fennel seeds (Saunf),Fennel seeds (Saunf),1,teaspoon,,,,,Fennel seeds (Saunf),,False,False,False,False,
14,14,2 Dry Red Chillies,2,,Dry Red Chillies,Dry Red Chillies,2,,,,,Dry,Dry Red Chillies,,False,False,False,False,
15,1,1 cup Mixed vegetables - (french beans,1,cup,Mixed vegetables,Mixed vegetables - french beans,1,cup,,,,,Mixed vegetables - french beans,(french beans,True,False,False,True,name;state
15,2,1/4 cup Raw Peanuts (Moongphali),1/4,cup,Raw Peanuts (Moongphali),Raw Peanuts (Moongphali),1/4,cup,,,,,Raw Peanuts (Moongphali),,False,False,False,False,
15,3,1/2 cup Arhar dal (Split Toor Dal),1/2,cup,Arhar dal (Split Toor Dal),Arhar dal (Split Toor Dal),1/2,cup,,,,,Arhar dal (Split Toor Dal),,False,False,False,False,
15,4,Salt - to taste,,,Salt,Salt,,,,to taste,,,Salt,to taste,False,False,False,True,state
15,5,1 tablespoon Jaggery,1,tablespoon,Jaggery,Jaggery,1,tablespoon,,,,,Jaggery,,False,False,False,False,
15,6,1/4 cup Fresh coconut - grated,1/4,cup,Fresh coconut,Fresh coconut,1/4,cup,grated,,,Fresh,Fresh coconut,grated,False,False,False,False,
15,7,6 Dry Red Chillies,6,,Dry Red Chillies,Dry Red Chillies,6,,,,,Dry,Dry Red Chillies,,False,False,False,False,
15,8,1 tablespoon Chana dal (Bengal Gram Dal),1,tablespoon,Chana dal (Bengal Gram Dal),Chana dal,1,tablespoon,,(Bengal Grams Dal),,,Chana dal (Bengal Gram Dal),,False,False,False,False,
15,9,1 tablespoon White Urad Dal (Split),1,tablespoon,White Urad Dal (Split),White Urad Dal (Split),1,tablespoon,,,,,White Urad Dal (Split),,False,False,False,False,
15,10,1 inch Cinnamon Stick (Dalchini),1,inch,Cinnamon Stick (Dalchini),Cinnamon Sticks (Dalchini),,,,,,,Cinnamon Sticks (Dalchini),,True,True,True,False,name;qty;unit
15,11,1 tablespoon Sunflower Oil,1,tablespoon,Sunflower Oil,Sunflower Oil,1,tablespoon,,,,,Sunflower Oil,,False,False,False,False,
15,12,1 teaspoon Mustard seeds,1,teaspoon,Mustard seeds,Mustard seeds,1,teaspoon,,,,,Mustard seeds,,False,False,False,False,
15,13,Asafoetida (hing) - A pinch,,,Asafoetida (hing),Asafoetida (hing),1,pinch,,,,,Asafoetida (hing),A pinch,False,True,True,True,qty;unit;state
15,14,Curry leaves - as required,,,Curry leaves,Curry leaves,,,,as required,,,Curry leaves,as required,False,False,False,True,state
16,1,250 gm arabic - wash now,250,gm,arabic,arabic,250,gm,,wash now,,,arabic,wash now,False,False,False,True,state
16,2,peel,,,peel,peel,,,,,,,peel,,False,False,False,False,
16,3,1 tamarind - Malabar,1,,tamarind,tamarind - Malabar,1,,,,,,tamarind - Malabar,Malabar,True,False,False,True,name;state
16,4,salt - as per taste,,,salt,salt,,,,as per taste,,,salt,as per taste,False,False,False,True,state
16,5,1/4 cup coconut - scrape,1/4,cup,coconut,coconut - scrape,1/4,cup,,,,,coconut - scrape,scrape,True,False,False,True,name;state
16,6,1 teaspoon red chilli powder,1,teaspoon,red chilli powder,red chilli powder,1,teaspoon,,,,,red chilli powder,,False,False,False,False,
16,7,2 onions - peeled,2,,onions,onions,2,,peeled,,,,onions,peeled,False,False,False,False,
16,8,1 tablespoon coconut oil,1,tablespoon,coconut oil,coconut oil,1,tablespoon,,,,,coconut oil,,False,False,False,False,
16,9,2 onions - peel and chop,2,,onions,onions,2,,,peel and chop,,,onions,peel and chop,False,False,False,True,state
16,10,1 teaspoon mustard,1,teaspoon,mustard,mustard,1,teaspoon,,,,,mustard,,False,False,False,False,
16,11,1 teaspoon cumin seeds,1,teaspoon,cumin seeds,cumin seeds,1,teaspoon,,,,,cumin seeds,,False,False,False,False,
16,12,2 dry red chillies - break,2,,dry red chillies,dry red chillies - break,2,,,,,Dry,dry red chillies - break,break,True,False,False,True,name;state
16,13,7 curry leaves,7,,curry leaves,curry leaves,7,,,,,,curry leaves,,False,False,False,False,
17,1,300 grams Chicken - minced,300,grams,Chicken,Chicken,300,gram,minced,,,,Chicken,minced,False,False,False,False,
17,2,1 Onion - sliced,1,,Onion,Onion,1,,sliced,,,,Onion,sliced,False,False,False,False,
17,3,1 sprig Curry leaves,1,sprig,Curry leaves,Curry leaves,1,sprig,,,,,Curry leaves,,False,False,False,False,
17,4,4 cloves Garlic - chopped,4,cloves,Garlic,Garlic,4,cloves,chopped,,,,Garlic,chopped,False,False,False,False,
17,5,1 inch Ginger - chopped,1,inch,Ginger,Ginger,,,chopped,,,,Ginger,chopped,False,True,True,False,qty;unit
17,6,1 teaspoon Turmeric powder (Haldi),1,teaspoon,Turmeric powder (Haldi),Turmeric powder (Haldi),1,teaspoon,,,,,Turmeric powder (Haldi),,False,False,False,False,
17,7,2 teaspoons Red Chilli powder,2,teaspoons,Red Chilli powder,Red Chilli powder,2,teaspoon,,,,,Red Chilli powder,,False,False,False,False,
17,8,2 teaspoons Garam masala powder,2,teaspoons,Garam masala powder,Garam masala powder,2,teaspoon,,,,,Garam masala powder,,False,False,False,False,
17,9,1 teaspoon Black pepper powder,1,teaspoon,Black pepper powder,Black pepper powder,1,teaspoon,,,,,Black pepper powder,,False,False,False,False,
17,10,Coconut Oil - for cooking,,,Coconut Oil,Coconut Oil,,,,,for cooking,,Coconut Oil,for cooking,False,False,False,True,state
17,11,Salt - to taste,,,Salt,Salt,,,,to taste,,,Salt,to taste,False,False,False,True,state
17,12,1/2 cup Whole Wheat Flour,1/2,cup,Whole Wheat Flour,Whole Wheat Flour,1/2,cup,,,,,Whole Wheat Flour,,False,False,False,False,
17,13,1/2 cup All Purpose Flour (Maida),1/2,cup,All Purpose Flour (Maida),All Purpose Flour (Maida),1/2,cup,,,,,All Purpose Flour (Maida),,False,False,False,False,
17,14,Salt - to taste,,,Salt,Salt,,,,to taste,,,Salt,to taste,False,False,False,True,state
18,1,2 Nendra Pazham Banana (Ripe),2,,Nendra Pazham Banana (Ripe),Nendra Pazham Banana (Ripe),2,,,,,,Nendra Pazham Banana (Ripe),,False,False,False,False,
18,2,1 cup All Purpose Flour (Maida),1,cup,All Purpose Flour (Maida),All Purpose Flour (Maida),1,cup,,,,,All Purpose Flour (Maida),,False,False,False,False,
18,3,1/4 cup Rice flour,1/4,cup,Rice flour,Rice flour,1/4,cup,,,,,Rice flour,,False,False,False,False,
18,4,1/8 teaspoon Baking soda,1/8,teaspoon,Baking soda,Baking soda,1/8,teaspoon,,,,,Baking soda,,False,False,False,False,
18,5,1/8 teaspoon Salt,1/8,teaspoon,Salt,Salt,1/8,teaspoon,,,,,Salt,,False,False,False,False,
18,6,1/8 teaspoon Turmeric powder (Haldi),1/8,teaspoon,Turmeric powder (Haldi),Turmeric powder (Haldi),1/8,teaspoon,,,,,Turmeric powder (Haldi),,False,False,False,False,
18,7,2 Cardamom Powder (Elaichi) - powdered,2,,Cardamom Powder (Elaichi),Cardamom Powder (Elaichi),2,,powdered,,,,Cardamom Powder (Elaichi),powdered,False,False,False,False,
18,8,3 tablespoons Sugar,3,tablespoons,Sugar,Sugar,3,tablespoon,,,,,Sugar,,False,False,False,False,
18,9,Sunflower Oil - for deep frying,,,Sunflower Oil,Sunflower Oil,,,,,for deep frying,,Sunflower Oil,for deep frying,False,False,False,True,state
19,1,1/2 kg Fish - (I have used sardine cleaned and cut),1/2,kg,Fish,Fish,1/2,kilogram,,(I have used sardine cleaned and cut),,,Fish,(I have used sardine cleaned and cut),False,False,False,True,state
19,2,Tamarind Water - extract from a big lemon sized tamarind,,,Tamarind Water,Tamarind Water,,,,extract from a big lemon sized tamarind,,,Tamarind Water,extract from a big lemon sized tamarind,False,False,False,True,state
19,3,2 Shallots - finely chopped,2,,Shallots,Shallots,2,,finely chopped,,,,Shallots,finely chopped,False,False,False,False,
19,4,2 tablespoons Coconut Oil,2,tablespoons,Coconut Oil,Coconut Oil,2,tablespoon,,,,,Coconut Oil,,False,False,False,False,
19,5,1 teaspoon Mustard seeds,1,teaspoon,Mustard seeds,Mustard seeds,1,teaspoon,,,,,Mustard seeds,,False,False,False,False,
19,6,2 sprig Curry leaves,2,sprig,Curry leaves,Curry leaves,2,sprigs,,,,,Curry leaves,,False,False,False,False,
19,7,Salt - to taste,,,Salt,Salt,,,,to taste,,,Salt,to taste,False,False,False,True,state
19,8,10 cloves Garlic - split length-wise,10,cloves,Garlic,Garlic,10,cloves,split lengths-wise,,,,Garlic,split length-wise,False,False,False,False,
19,9,1 tablespoon Ginger Garlic Paste,1,tablespoon,Ginger Garlic Paste,Ginger Garlic Paste,1,tablespoon,,,,,Ginger Garlic Paste,,False,False,False,False,
19,10,2 tablespoons Kashmiri Red Chilli Powder,2,tablespoons,Kashmiri Red Chilli Powder,Kashmiri Red Chilli Powder,2,tablespoon,,,,,Kashmiri Red Chilli Powder,,False,False,False,False,
19,11,1 tablespoon Coriander Powder (Dhania),1,tablespoon,Coriander Powder (Dhania),Coriander Powder (Dhania),1,tablespoon,,,,,Coriander Powder (Dhania),,False,False,False,False,
19,12,1/2 teaspoon Methi Powder (Fenugreek Powder),1/2,teaspoon,Methi Powder (Fenugreek Powder),Methi Powder,1/2,teaspoon,,(Fenugreek Powder),,,Methi Powder (Fenugreek Powder),,False,False,False,False,
20,1,1 cup Jackfruit Ripe (Kathal) - chopped finely,1,cup,Jackfruit Ripe (Kathal),Jackfruit Ripe (Kathal),1,cup,chopped finely,,,,Jackfruit Ripe (Kathal),chopped finely,False,False,False,False,
20,2,1/2 cup Rice flour,1/2,cup,Rice flour,Rice flour,1/2,cup,,,,,Rice flour,,False,False,False,False,
20,3,1 tablespoon Sunflower Oil,1,tablespoon,Sunflower Oil,Sunflower Oil,1,tablespoon,,,,,Sunflower Oil,,False,False,False,False,
20,4,1 teaspoon Salt,1,teaspoon,Salt,Salt,1,teaspoon,,,,,Salt,,False,False,False,False,
20,5,Lukewarm Water - to knead,,,Lukewarm Water,Water,,,Lukewarm,,to knead,,Lukewarm Water,to knead,False,False,False,False,
20,6,1 cup Fresh coconut - grated,1,cup,Fresh coconut,Fresh coconut,1,cup,grated,,,Fresh,Fresh coconut,grated,False,False,False,False,
20,7,1 Cardamom (Elaichi) Pods/Seeds,1,,Cardamom (Elaichi) Pods/Seeds,Cardamom (Elaichi) Seeds,1,Pod,,,,,Cardamom (Elaichi) Pods/Seeds,,False,False,True,False,unit
21,1,1 cup Green Moong Dal (Whole) - soaked for 2 hours,1,cup,Green Moong Dal (Whole),Green Moong Dal (Whole),1,cup,soaked for 2 hours,,,,Green Moong Dal (Whole),soaked for 2 hours,False,False,False,False,
21,2,1/2 cup Jaggery,1/2,cup,Jaggery,Jaggery,1/2,cup,,,,,Jaggery,,False,False,False,False,
21,3,1 Cardamom Powder (Elaichi),1,,Cardamom Powder (Elaichi),Cardamom Powder (Elaichi),1,,,,,,Cardamom Powder (Elaichi),,False,False,False,False,
21,4,1/2 cup Fresh coconut,1/2,cup,Fresh coconut,Fresh coconut,1/2,cup,,,,Fresh,Fresh coconut,,False,False,False,False,
21,5,1/4 cup Gram flour (besan),1/4,cup,Gram flour (besan),Grams flour (besan),1/4,cup,,,,,Grams flour (besan),,True,False,False,False,name
21,6,1/2 cup Rice flour,1/2,cup,Rice flour,Rice flour,1/2,cup,,,,,Rice flour,,False,False,False,False,
21,7,1 teaspoon Turmeric powder (Haldi),1,teaspoon,Turmeric powder (Haldi),Turmeric powder (Haldi),1,teaspoon,,,,,Turmeric powder (Haldi),,False,False,False,False,
21,8,Salt - Pinch,,,Salt,Salt,1,Pinch,,,,,Salt,Pinch,False,True,True,True,qty;unit;state
22,1,1 cup Green Moong Dal (Whole),1,cup,Green Moong Dal (Whole),Green Moong Dal (Whole),1,cup,,,,,Green Moong Dal (Whole),,False,False,False,False,
22,2,1/2 cup Yellow Moong Dal (Split),1/2,cup,Yellow Moong Dal (Split),Yellow Moong Dal (Split),1/2,cup,,,,,Yellow Moong Dal (Split),,False,False,False,False,
22,3,10 Pearl onions (Sambar Onions),10,,Pearl onions (Sambar Onions),Pearl onions (Sambar Onions),10,,,,,,Pearl onions (Sambar Onions),,False,False,False,False,
22,4,1 teaspoon Mustard seeds,1,teaspoon,Mustard seeds,Mustard seeds,1,teaspoon,,,,,Mustard seeds,,False,False,False,False,
22,5,1 sprig Curry leaves,1,sprig,Curry leaves,Curry leaves,1,sprig,,,,,Curry leaves,,False,False,False,False,
22,6,2 Dry Red Chilli,2,,Dry Red Chilli,Dry Red Chilli,2,,,,,Dry,Dry Red Chilli,,False,False,False,False,
22,7,1 teaspoon Turmeric powder (Haldi),1,teaspoon,Turmeric powder (Haldi),Turmeric powder (Haldi),1,teaspoon,,,,,Turmeric powder (Haldi),,False,False,False,False,
22,8,Salt - to taste,,,Salt,Salt,,,,to taste,,,Salt,to taste,False,False,False,True,state
22,9,Coconut Oil - for cooking,,,Coconut Oil,Coconut Oil,,,,,for cooking,,Coconut Oil,for cooking,False,False,False,True,state
22,10,1/2 cup Fresh coconut,1/2,cup,Fresh coconut,Fresh coconut,1/2,cup,,,,Fresh,Fresh coconut,,False,False,False,False,
22,11,2 Green Chilli,2,,Green Chilli,Green Chilli,2,,,,,,Green Chilli,,False,False,False,False,
22,12,1 teaspoon Cumin seeds (Jeera),1,teaspoon,Cumin seeds (Jeera),Cumin seeds (Jeera),1,teaspoon,,,,,Cumin seeds (Jeera),,False,False,False,False,
23,1,1 cup Rice,1,cup,Rice,Rice,1,cup,,,,,Rice,,False,False,False,False,
23,2,3/4 cup Jaggery - powdered,3/4,cup,Jaggery,Jaggery,3/4,cup,powdered,,,,Jaggery,powdered,False,False,False,False,
23,3,1 cup Ripe Bananas - mashed,1,cup,Ripe Bananas,Ripe Bananas,1,cup,mashed,,,,Ripe Bananas,mashed,False,False,False,False,
23,4,1/2 cup Fresh coconut - grated,1/2,cup,Fresh coconut,Fresh coconut,1/2,cup,grated,,,Fresh,Fresh coconut,grated,False,False,False,False,
23,5,2 teaspoons Cardamom Powder (Elaichi),2,teaspoons,Cardamom Powder (Elaichi),Cardamom Powder (Elaichi),2,teaspoon,,,,,Cardamom Powder (Elaichi),,False,False,False,False,
23,6,1/4 teaspoon Enos fruit salt - optional,1/4,teaspoon,Enos fruit salt,Enos fruit salt,1/4,teaspoon,,optional,,,Enos fruit salt,optional,False,False,False,True,state
23,7,Ghee - for cooking,,,Ghee,Ghee,,,,,for cooking,,Ghee,for cooking,False,False,False,True,state
23,8,Salt - a pinch,,,Salt,Salt,,,,a pinches,,,Salt,a pinch,False,False,False,True,state
24,1,200 grams Bhindi (Lady Finger/Okra) - cut into 1 inch pieces,200,grams,Bhindi (Lady Finger/Okra),Bhindi Okra,200,gram,cut into 1 inch pieces,Lady Finger,,,Bhindi (Lady Finger/Okra),cut into 1 inch pieces,False,False,False,False,
24,2,Tamarind - small lemon sized,,,Tamarind,Tamarind; lemon sized,,,,,,,Tamarind; lemon sized,small lemon sized,True,False,False,True,name;state
24,3,1/4 teaspoon Turmeric powder (Haldi),1/4,teaspoon,Turmeric powder (Haldi),Turmeric powder (Haldi),1/4,teaspoon,,,,,Turmeric powder (Haldi),,False,False,False,False,
24,4,1 tablespoon Coconut Oil,1,tablespoon,Coconut Oil,Coconut Oil,1,tablespoon,,,,,Coconut Oil,,False,False,False,False,
24,5,1 teaspoon Mustard seeds,1,teaspoon,Mustard seeds,Mustard seeds,1,teaspoon,,,,,Mustard seeds,,False,False,False,False,
24,6,1/4 teaspoon Asafoetida (hing) - powder,1/4,teaspoon,Asafoetida (hing),Asafoetida (hing) - powder,1/4,teaspoon,,,,,Asafoetida (hing) - powder,powder,True,False,False,True,name;state
24,7,1 sprig Curry leaves,1,sprig,Curry leaves,Curry leaves,1,sprig,,,,,Curry leaves,,False,False,False,False,
24,8,Salt - to taste,,,Salt,Salt,,,,to taste,,,Salt,to taste,False,False,False,True,state
24,9,1 teaspoon Methi Seeds (Fenugreek Seeds),1,teaspoon,Methi Seeds (Fenugreek Seeds),Methi Seeds (Fenugreek Seeds),1,teaspoon,,,,,Methi Seeds (Fenugreek Seeds),,False,False,False,False,
24,10,2 tablespoons Rice - raw,2,tablespoons,Rice,Rice,2,tablespoon,raw,,,,Rice,raw,False,False,False,False,
24,11,2-3 Dry Red Chillies,2-3,,Dry Red Chillies,Dry Red Chillies,2,,,,,Dry,Dry Red Chillies,,False,True,False,False,qty
25,1,500 grams Chicken,500,grams,Chicken,Chicken,500,gram,,,,,Chicken,,False,False,False,False,
25,2,1/4 teaspoon Turmeric powder (Haldi),1/4,teaspoon,Turmeric powder (Haldi),Turmeric powder (Haldi),1/4,teaspoon,,,,,Turmeric powder (Haldi),,False,False,False,False,
25,3,1 teaspoon Kashmiri Red Chilli Powder,1,teaspoon,Kashmiri Red Chilli Powder,Kashmiri Red Chilli Powder,1,teaspoon,,,,,Kashmiri Red Chilli Powder,,False,False,False,False,
25,4,1 teaspoon Lemon juice,1,teaspoon,Lemon juice,Lemon juice,1,teaspoon,,,,,Lemon juice,,False,False,False,False,
25,5,Salt - to taste,,,Salt,Salt,,,,to taste,,,Salt,to taste,False,False,False,True,state
25,6,3 Onions - thinly sliced,3,,Onions,Onions,3,,thinly sliced,,,,Onions,thinly sliced,False,False,False,False,
25,7,1 tablespoon Ginger - finely chopped,1,tablespoon,Ginger,Ginger,1,tablespoon,finely chopped,,,,Ginger,finely chopped,False,False,False,False,
25,8,1 tablespoon Garlic - finely chopped,1,tablespoon,Garlic,Garlic,1,tablespoon,finely chopped,,,,Garlic,finely chopped,False,False,False,False,
25,9,2-1/2 teaspoons Coriander Powder (Dhania),2-1/2,teaspoons,Coriander Powder (Dhania),Coriander Powder (Dhania),1/2,teaspoon,,,,,Coriander Powder (Dhania),,False,True,False,False,qty
25,10,1-1/2 teaspoons Kashmiri Red Chilli Powder,1-1/2,teaspoons,Kashmiri Red Chilli Powder,Kashmiri Red Chilli Powder,1/2,teaspoon,,,,,Kashmiri Red Chilli Powder,,False,True,False,False,qty
25,11,1 teaspoon Garam masala powder,1,teaspoon,Garam masala powder,Garam masala powder,1,teaspoon,,,,,Garam masala powder,,False,False,False,False,
25,12,1/2 teaspoon Fennel Powder,1/2,teaspoon,Fennel Powder,Fennel Powder,1/2,teaspoon,,,,,Fennel Powder,,False,False,False,False,
25,13,3 Tomatoes - thinly sliced,3,,Tomatoes,Tomatoes,3,,thinly sliced,,,,Tomatoes,thinly sliced,False,False,False,False,
25,14,2 sprig Curry leaves,2,sprig,Curry leaves,Curry leaves,2,sprigs,,,,,Curry leaves,,False,False,False,False,
25,15,Salt - to taste,,,Salt,Salt,,,,to taste,,,Salt,to taste,False,False,False,True,state
25,16,2 tablespoons Coconut Oil - as required,2,tablespoons,Coconut Oil,Coconut Oil,2,tablespoon,,as required,,,Coconut Oil,as required,False,False,False,True,state
26,1,250 grams Colocasia root (Arbi) - washed thoroughly and peeled,250,grams,Colocasia root (Arbi),Colocasia root (Arbi),250,gram,washed thoroughly and peeled,,,,Colocasia root (Arbi),washed thoroughly and peeled,False,False,False,False,
26,2,1 Tamarind - malabar,1,,Tamarind,Tamarind - malabar,1,,,,,,Tamarind - malabar,malabar,True,False,False,True,name;state
26,3,Salt - to taste,,,Salt,Salt,,,,to taste,,,Salt,to taste,False,False,False,True,state
26,4,1/4 cup Fresh coconut - scrapped,1/4,cup,Fresh coconut,Fresh coconut,1/4,cup,scrapped,,,Fresh,Fresh coconut,scrapped,False,False,False,False,
26,5,1 teaspoon Red Chilli powder,1,teaspoon,Red Chilli powder,Red Chilli powder,1,teaspoon,,,,,Red Chilli powder,,False,False,False,False,
26,6,2 Onions - peeled,2,,Onions,Onions,2,,peeled,,,,Onions,peeled,False,False,False,False,
26,7,1 tablespoon Coconut Oil,1,tablespoon,Coconut Oil,Coconut Oil,1,tablespoon,,,,,Coconut Oil,,False,False,False,False,
26,8,2 Onions - peeled and chopped,2,,Onions,Onions,2,,peeled and chopped,,,,Onions,peeled and chopped,False,False,False,False,
26,9,1 teaspoon Mustard seeds,1,teaspoon,Mustard seeds,Mustard seeds,1,teaspoon,,,,,Mustard seeds,,False,False,False,False,
26,10,1 teaspoon Cumin seeds (Jeera),1,teaspoon,Cumin seeds (Jeera),Cumin seeds (Jeera),1,teaspoon,,,,,Cumin seeds (Jeera),,False,False,False,False,
26,11,2 Dry Red Chilli - broken,2,,Dry Red Chilli,Dry Red Chilli,2,,broken,,,Dry,Dry Red Chilli,broken,False,False,False,False,
26,12,7 Curry leaves,7,,Curry leaves,Curry leaves,7,,,,,,Curry leaves,,False,False,False,False,
27,1,3 Karela (Bitter Gourd/ Pavakkai),3,,Karela (Bitter Gourd/ Pavakkai),Karela,3,,,(Bitter Gourd/Pavakkai),,,Karela (Bitter Gourd/ Pavakkai),,False,False,False,False,
27,2,1 Onion - chopped,1,,Onion,Onion,1,,chopped,,,,Onion,chopped,False,False,False,False,
27,3,1 cup Curd (Dahi / Yogurt) - or buttermilk,1,cup,Curd (Dahi / Yogurt),Curd Yogurt; buttermilk,1,cup,,Dahi,,,Curd Yogurt; buttermilk,or buttermilk,True,False,False,True,name;state
27,4,pinch Turmeric powder (Haldi) - to reduce bitter from bitter gourd,,pinch,Turmeric powder (Haldi),Turmeric powder (Haldi),1,pinch,,to reduce bitter from bitter gourd,,,Turmeric powder (Haldi),to reduce bitter from bitter gourd,False,True,False,True,qty;state
27,5,Salt - to taste,,,Salt,Salt,,,,to taste,,,Salt,to taste,False,False,False,True,state
27,6,1/4 cup Fresh coconut - grated,1/4,cup,Fresh coconut,Fresh coconut,1/4,cup,grated,,,Fresh,Fresh coconut,grated,False,False,False,False,
27,7,1/2 teaspoon Mustard seeds,1/2,teaspoon,Mustard seeds,Mustard seeds,1/2,teaspoon,,,,,Mustard seeds,,False,False,False,False,
27,8,2 Green Chilli,2,,Green Chilli,Green Chilli,2,,,,,,Green Chilli,,False,False,False,False,
27,9,2 teaspoon Coconut Oil,2,teaspoon,Coconut Oil,Coconut Oil,2,teaspoon,,,,,Coconut Oil,,False,False,False,False,
27,10,1 teaspoon Mustard seeds,1,teaspoon,Mustard seeds,Mustard seeds,1,teaspoon,,,,,Mustard seeds,,False,False,False,False,
27,11,1 Dry Red Chilli,1,,Dry Red Chilli,Dry Red Chilli,1,,,,,Dry,Dry Red Chilli,,False,False,False,False,
27,12,Curry leaves - few,,,Curry leaves,Curry leaves,,,,,,,Curry leaves,few,False,False,False,True,state
28,1,1 cup Fresh coconut,1,cup,Fresh coconut,Fresh coconut,1,cup,,,,Fresh,Fresh coconut,,False,False,False,False,
28,2,6 sprig Coriander (Dhania) Leaves,6,sprig,Coriander (Dhania) Leaves,Coriander (Dhania),6,sprigs,,Leaves,,,Coriander (Dhania) Leaves,,False,False,False,False,
28,3,10 Mint Leaves (Pudina),10,,Mint Leaves (Pudina),Mint Leaves (Pudina),10,,,,,,Mint Leaves (Pudina),,False,False,False,False,
28,4,2 Green Chillies,2,,Green Chillies,Green Chillies,2,,,,,,Green Chillies,,False,False,False,False,
28,5,4 cloves Garlic,4,cloves,Garlic,Garlic,4,cloves,,,,,Garlic,,False,False,False,False,
28,6,1 inch Ginger,1,inch,Ginger,Ginger,,,,,,,Ginger,,False,True,True,False,qty;unit
28,7,1 teaspoon Cumin seeds (Jeera),1,teaspoon,Cumin seeds (Jeera),Cumin seeds (Jeera),1,teaspoon,,,,,Cumin seeds (Jeera),,False,False,False,False,
28,8,1 Lemon juice,1,,Lemon juice,Lemon juice,1,,,,,,Lemon juice,,False,False,False,False,
28,9,Salt - to taste,,,Salt,Salt,,,,to taste,,,Salt,to taste,False,False,False,True,state
29,1,1/2 Raw papaya,1/2,,Raw papaya,Raw papaya,1/2,,,,,,Raw papaya,,False,False,False,False,
29,2,1 Green Chilli - adjustable,1,,Green Chilli,Green Chilli,1,,,adjustable,,,Green Chilli,adjustable,False,False,False,True,state
29,3,1 cup Fresh coconut - grated,1,cup,Fresh coconut,Fresh coconut,1,cup,grated,,,Fresh,Fresh coconut,grated,False,False,False,False,
29,4,3 Pearl onions (Sambar Onions) - thinly sliced,3,,Pearl onions (Sambar Onions),Pearl onions (Sambar Onions),3,,thinly sliced,,,,Pearl onions (Sambar Onions),thinly sliced,False,False,False,False,
29,5,2 sprig Curry leaves,2,sprig,Curry leaves,Curry leaves,2,sprigs,,,,,Curry leaves,,False,False,False,False,
29,6,2 teaspoons Red Chilli powder,2,teaspoons,Red Chilli powder,Red Chilli powder,2,teaspoon,,,,,Red Chilli powder,,False,False,False,False,
29,7,1 teaspoon Turmeric powder (Haldi),1,teaspoon,Turmeric powder (Haldi),Turmeric powder (Haldi),1,teaspoon,,,,,Turmeric powder (Haldi),,False,False,False,False,
29,8,1/2 teaspoon Cumin seeds (Jeera),1/2,teaspoon,Cumin seeds (Jeera),Cumin seeds (Jeera),1/2,teaspoon,,,,,Cumin seeds (Jeera),,False,False,False,False,
29,9,1/4 teaspoon Mustard seeds,1/4,teaspoon,Mustard seeds,Mustard seeds,1/4,teaspoon,,,,,Mustard seeds,,False,False,False,False,
29,10,2 Dry Red Chillies,2,,Dry Red Chillies,Dry Red Chillies,2,,,,,Dry,Dry Red Chillies,,False,False,False,False,
29,11,Tamarind - Gooseberry Sized,,,Tamarind,Tamarind; Gooseberry Sized,,,,,,,Tamarind; Gooseberry Sized,Gooseberry Sized,True,False,False,True,name;state
29,12,Sunflower Oil - as required,,,Sunflower Oil,Sunflower Oil,,,,as required,,,Sunflower Oil,as required,False,False,False,True,state
29,13,Salt - to taste,,,Salt,Salt,,,,to taste,,,Salt,to taste,False,False,False,True,state
30,1,4 Mango (Ripe),4,,Mango (Ripe),Mango (Ripe),4,,,,,,Mango (Ripe),,False,False,False,False,
30,2,2 Green Chillies - sliced lengthwise,2,,Green Chillies,Green Chillies,2,,sliced lengthwise,,,,Green Chillies,sliced lengthwise,False,False,False,False,
30,3,1 cup Curd (Dahi / Yogurt) - whisked,1,cup,Curd (Dahi / Yogurt),Curd Yogurt,1,cup,whisked,Dahi,,,Curd (Dahi / Yogurt),whisked,False,False,False,False,
30,4,Salt - to taste,,,Salt,Salt,,,,to taste,,,Salt,to taste,False,False,False,True,state
30,5,1 cup Fresh coconut - grated,1,cup,Fresh coconut,Fresh coconut,1,cup,grated,,,Fresh,Fresh coconut,grated,False,False,False,False,
30,6,1 teaspoon Cumin seeds (Jeera),1,teaspoon,Cumin seeds (Jeera),Cumin seeds (Jeera),1,teaspoon,,,,,Cumin seeds (Jeera),,False,False,False,False,
30,7,1/4 teaspoon Turmeric powder (Haldi),1/4,teaspoon,Turmeric powder (Haldi),Turmeric powder (Haldi),1/4,teaspoon,,,,,Turmeric powder (Haldi),,False,False,False,False,
30,8,1 teaspoon Red Chilli powder,1,teaspoon,Red Chilli powder,Red Chilli powder,1,teaspoon,,,,,Red Chilli powder,,False,False,False,False,
30,9,2 teaspoon Coconut Oil,2,teaspoon,Coconut Oil,Coconut Oil,2,teaspoon,,,,,Coconut Oil,,False,False,False,False,
30,10,1/2 teaspoon Mustard seeds,1/2,teaspoon,Mustard seeds,Mustard seeds,1/2,teaspoon,,,,,Mustard seeds,,False,False,False,False,
30,11,1/4 teaspoon Methi Seeds (Fenugreek Seeds),1/4,teaspoon,Methi Seeds (Fenugreek Seeds),Methi Seeds (Fenugreek Seeds),1/4,teaspoon,,,,,Methi Seeds (Fenugreek Seeds),,False,False,False,False,
30,12,2 Dry Red Chilli - cut into halves,2,,Dry Red Chilli,Dry Red Chilli,2,,cut into halves,,,Dry,Dry Red Chilli,cut into halves,False,False,False,False,
30,13,1 sprig Curry leaves,1,sprig,Curry leaves,Curry leaves,1,sprig,,,,,Curry leaves,,False,False,False,False,
31,1,25 okra,25,,okra,okra,25,,,,,,okra,,False,False,False,False,
31,2,5 green chillies - finely chopped,5,,green chillies,green chillies,5,,finely chopped,,,,green chillies,finely chopped,False,False,False,False,
31,3,1/4 cup curd,1/4,cup,curd,curd,1/4,cup,,,,,curd,,False,False,False,False,
31,4,1 sprig curry leaves,1,sprig,curry leaves,curry leaves,1,sprig,,,,,curry leaves,,False,False,False,False,
31,5,1/2 cup coconut - grated,1/2,cup,coconut,coconut,1/2,cup,grated,,,,coconut,grated,False,False,False,False,
31,6,1/2 teaspoon cumin seeds,1/2,teaspoon,cumin seeds,cumin seeds,1/2,teaspoon,,,,,cumin seeds,,False,False,False,False,
31,7,1/2 teaspoon mustard,1/2,teaspoon,mustard,mustard,1/2,teaspoon,,,,,mustard,,False,False,False,False,
31,8,1 dry red chili - Break it,1,,dry red chili,dry red chili,1,,,Break it,,Dry,dry red chili,Break it,False,False,False,True,state
31,9,2 teaspoons oil,2,teaspoons,oil,oil,2,teaspoon,,,,,oil,,False,False,False,False,
31,10,salt - as per taste,,,salt,salt,,,,as per taste,,,salt,as per taste,False,False,False,True,state
32,1,1-1/2 cups Mixed dry fruits - I used apricot,1-1/2,cups,Mixed dry fruits,Mixed dry fruits,1/2,cup,,I used apricot,,Dry,Mixed dry fruits,I used apricot,False,True,False,True,qty;state
32,2,3/4 cup Rum - or Double with orange juice,3/4,cup,Rum,Rum,3/4,cup,,or Double with orange juice,,,Rum,or Double with orange juice,False,False,False,True,state
32,3,1/2 cup Sugar,1/2,cup,Sugar,Sugar,1/2,cup,,,,,Sugar,,False,False,False,False,
32,4,1/2 cup Hot water,1/2,cup,Hot water,Hot water,1/2,cup,,,,,Hot water,,False,False,False,False,
32,5,1 cup Vivatta Maida,1,cup,Vivatta Maida,Vivatta Maida,1,cup,,,,,Vivatta Maida,,False,False,False,False,
32,6,1/2 teaspoon Baking powder,1/2,teaspoon,Baking powder,Baking powder,1/2,teaspoon,,,,,Baking powder,,False,False,False,False,
32,7,1/2 teaspoon Baking soda,1/2,teaspoon,Baking soda,Baking soda,1/2,teaspoon,,,,,Baking soda,,False,False,False,False,
32,8,3 Cloves (Laung),3,Cloves,(Laung),Cloves,3,,,(Laung),,,Cloves,,True,False,True,False,name;unit
32,9,3 Cardamom (Elaichi) Pods/Seeds,3,,Cardamom (Elaichi) Pods/Seeds,Cardamom (Elaichi) Seeds,3,Pods,,,,,Cardamom (Elaichi) Pods/Seeds,,False,False,True,False,unit
32,10,1 pinch Cinnamon Powder (Dalchini),1,pinch,Cinnamon Powder (Dalchini),Cinnamon Powder (Dalchini),1,pinch,,,,,Cinnamon Powder (Dalchini),,False,False,False,False,
32,11,1 pinch Nutmeg powder,1,pinch,Nutmeg powder,Nutmeg powder,1,pinch,,,,,Nutmeg powder,,False,False,False,False,
32,12,5 tablespoons Butter (unsalted),5,tablespoons,Butter (unsalted),Butter (unsalted),5,tablespoon,,,,,Butter (unsalted),,False,False,False,False,
32,13,1/2 cup Sugar,1/2,cup,Sugar,Sugar,1/2,cup,,,,,Sugar,,False,False,False,False,
32,14,2 Whole Eggs,2,,Whole Eggs,Whole Eggs,2,,,,,,Whole Eggs,,False,False,False,False,
32,15,1-1/2 cups Mixed nuts - I used almond,1-1/2,cups,Mixed nuts,Mixed nuts,1/2,cup,,I used almond,,,Mixed nuts,I used almond,False,True,False,True,qty;state
32,16,1/2 cup Tutti frutti,1/2,cup,Tutti frutti,Tutti frutti,1/2,cup,,,,,Tutti frutti,,False,False,False,False,
32,17,1 pinch Salt,1,pinch,Salt,Salt,1,pinch,,,,,Salt,,False,False,False,False,
33,1,1 Mango (Ripe) - peel & slice,1,,Mango (Ripe),Mango (Ripe) - peel,1,slice,,,,,Mango (Ripe) - peel,peel & slice,True,False,True,True,name;unit;state
33,2,3 Green Chillies - slit,3,,Green Chillies,Green Chillies,3,,slit,,,,Green Chillies,slit,False,False,False,False,
33,3,1/4 cup Fresh coconut - grated,1/4,cup,Fresh coconut,Fresh coconut,1/4,cup,grated,,,Fresh,Fresh coconut,grated,False,False,False,False,
33,4,1 teaspoon Cumin seeds (Jeera),1,teaspoon,Cumin seeds (Jeera),Cumin seeds (Jeera),1,teaspoon,,,,,Cumin seeds (Jeera),,False,False,False,False,
33,5,1 tablespoon Jaggery,1,tablespoon,Jaggery,Jaggery,1,tablespoon,,,,,Jaggery,,False,False,False,False,
33,6,1/2 teaspoon Turmeric powder (Haldi),1/2,teaspoon,Turmeric powder (Haldi),Turmeric powder (Haldi),1/2,teaspoon,,,,,Turmeric powder (Haldi),,False,False,False,False,
33,7,1/4 cup Curd (Dahi / Yogurt),1/4,cup,Curd (Dahi / Yogurt),Curd,1/4,cup,,(Dahi/Yogurt),,,Curd (Dahi / Yogurt),,False,False,False,False,
33,8,1 tablespoons Coconut Oil,1,tablespoons,Coconut Oil,Coconut Oil,1,tablespoon,,,,,Coconut Oil,,False,False,False,False,
33,9,2 to 3 Dry Red Chilli,2to3,,Dry Red Chilli,Dry Red Chilli,2,,,,,Dry,Dry Red Chilli,,False,True,False,False,qty
33,10,1 sprig Curry leaves,1,sprig,Curry leaves,Curry leaves,1,sprig,,,,,Curry leaves,,False,False,False,False,
33,11,1/2 teaspoon Mustard seeds,1/2,teaspoon,Mustard seeds,Mustard seeds,1/2,teaspoon,,,,,Mustard seeds,,False,False,False,False,
33,12,Salt - to taste,,,Salt,Salt,,,,to taste,,,Salt,to taste,False,False,False,True,state
34,1,2 Seer fish - cleaned and cut,2,,Seer fish,Seer fish,2,,cleaned and cut,,,,Seer fish,cleaned and cut,False,False,False,False,
34,2,2 sprig Curry leaves,2,sprig,Curry leaves,Curry leaves,2,sprigs,,,,,Curry leaves,,False,False,False,False,
34,3,1 cup Tamarind Water,1,cup,Tamarind Water,Tamarind Water,1,cup,,,,,Tamarind Water,,False,False,False,False,
34,4,1 teaspoon Turmeric powder (Haldi),1,teaspoon,Turmeric powder (Haldi),Turmeric powder (Haldi),1,teaspoon,,,,,Turmeric powder (Haldi),,False,False,False,False,
34,5,1 cup Coconut milk,1,cup,Coconut milk,Coconut milk,1,cup,,,,,Coconut milk,,False,False,False,False,
34,6,1 Lemon juice,1,,Lemon juice,Lemon juice,1,,,,,,Lemon juice,,False,False,False,False,
34,7,Salt - to taste,,,Salt,Salt,,,,to taste,,,Salt,to taste,False,False,False,True,state
34,8,Coconut Oil - as required,,,Coconut Oil,Coconut Oil,,,,as required,,,Coconut Oil,as required,False,False,False,True,state
34,9,1 Onion - sliced,1,,Onion,Onion,1,,sliced,,,,Onion,sliced,False,False,False,False,
34,10,2 Dry Red Chillies,2,,Dry Red Chillies,Dry Red Chillies,2,,,,,Dry,Dry Red Chillies,,False,False,False,False,
34,11,4 cloves Garlic,4,cloves,Garlic,Garlic,4,cloves,,,,,Garlic,,False,False,False,False,
34,12,1 inch Ginger - chopped,1,inch,Ginger,Ginger,,,chopped,,,,Ginger,chopped,False,True,True,False,qty;unit
34,13,1 Green Chilli - chopped,1,,Green Chilli,Green Chilli,1,,chopped,,,,Green Chilli,chopped,False,False,False,False,
35,1,2 Mango (Ripe),2,,Mango (Ripe),Mango (Ripe),2,,,,,,Mango (Ripe),,False,False,False,False,
35,2,1 cup Coconut milk,1,cup,Coconut milk,Coconut milk,1,cup,,,,,Coconut milk,,False,False,False,False,
35,3,1/4 cup Palm sugar,1/4,cup,Palm sugar,Palm sugar,1/4,cup,,,,,Palm sugar,,False,False,False,False,
35,4,1 teaspoons Cardamom Powder (Elaichi),1,teaspoons,Cardamom Powder (Elaichi),Cardamom Powder (Elaichi),1,teaspoon,,,,,Cardamom Powder (Elaichi),,False,False,False,False,
35,5,3 tablespoons Fresh coconut - or dessicated coconut (grated),3,tablespoons,Fresh coconut,Fresh coconut; dessicated coconut,3,tablespoon,(grated),,,Fresh,Fresh coconut; dessicated coconut,or dessicated coconut (grated),True,False,False,False,name
35,6,2 tablespoons Badam (Almond) - sliced or chopped,2,tablespoons,Badam (Almond),Badam (Almond),2,tablespoon,sliced or chopped,,,,Badam (Almond),sliced or chopped,False,False,False,False,
35,7,1 teaspoon Ghee,1,teaspoon,Ghee,Ghee,1,teaspoon,,,,,Ghee,,False,False,False,False,
36,1,1 cup Guava juice - chilled,1,cup,Guava juice,Guava juice,1,cup,chilled,,,,Guava juice,chilled,False,False,False,False,
36,2,1 cup Papaya juice - chilled,1,cup,Papaya juice,Papaya juice,1,cup,chilled,,,,Papaya juice,chilled,False,False,False,False,
36,3,500 ml Champagne - or Sparkling wine,500,ml,Champagne,Champagne; Sparkling wine,500,milliliter,,,,,Champagne; Sparkling wine,or Sparkling wine,True,False,False,True,name;state
36,4,1 Lemon - juiced,1,,Lemon,Lemon,1,,juiced,,,,Lemon,juiced,False,False,False,False,
36,5,1/4 cup Guava - cubes (optional),1/4,cup,Guava,Guava - cubes,1/4,cup,,(optional),,,Guava - cubes,cubes (optional),True,False,False,True,name;state
36,6,1/4 cup Papaya - cubes (optional),1/4,cup,Papaya,Papaya - cubes,1/4,cup,,(optional),,,Papaya - cubes,cubes (optional),True,False,False,True,name;state
37,1,100 grams Raisins,100,grams,Raisins,Raisins,100,gram,,,,,Raisins,,False,False,False,False,
37,2,100 grams Glazed Cherries,100,grams,Glazed Cherries,Glazed Cherries,100,gram,,,,,Glazed Cherries,,False,False,False,False,
37,3,100 grams Dried Figs,100,grams,Dried Figs,Dried Figs,100,gram,,,,Dried,Dried Figs,,False,False,False,False,
37,4,100 grams Tutti frutti,100,grams,Tutti frutti,Tutti frutti,100,gram,,,,,Tutti frutti,,False,False,False,False,
37,5,50 grams Badam (Almond),50,grams,Badam (Almond),Badam (Almond),50,gram,,,,,Badam (Almond),,False,False,False,False,
37,6,50 grams Cashew nuts,50,grams,Cashew nuts,Cashew nuts,50,gram,,,,,Cashew nuts,,False,False,False,False,
37,7,100 ml Rum - or orange juice (adjust),100,ml,Rum,Rum; orange juice (adjust),100,milliliter,,,,,Rum; orange juice (adjust),or orange juice (adjust),True,False,False,True,name;state
37,8,100 grams Butter (unsalted),100,grams,Butter (unsalted),Butter (unsalted),100,gram,,,,,Butter (unsalted),,False,False,False,False,
37,9,125 grams Ghee,125,grams,Ghee,Ghee,125,gram,,,,,Ghee,,False,False,False,False,
37,10,300 grams Caster Sugar,300,grams,Caster Sugar,Caster Sugar,300,gram,,,,,Caster Sugar,,False,False,False,False,
37,11,4 Egg yolks,4,,Egg yolks,Egg yolks,4,,,,,,Egg yolks,,False,False,False,False,
37,12,1 teaspoon Vanilla Extract,1,teaspoon,Vanilla Extract,Vanilla Extract,1,teaspoon,,,,,Vanilla Extract,,False,False,False,False,
37,13,3 tablespoons Candied orange peel,3,tablespoons,Candied orange peel,Candied orange peel,3,tablespoon,,,,,Candied orange peel,,False,False,False,False,
37,14,1/4 cup Caramel Sauce,1/4,cup,Caramel Sauce,Caramel Sauce,1/4,cup,,,,,Caramel Sauce,,False,False,False,False,
37,15,1 Orange,1,,Orange,Orange,1,,,,,,Orange,,False,False,False,False,
37,16,250 grams All Purpose Flour (Maida),250,grams,All Purpose Flour (Maida),All Purpose Flour (Maida),250,gram,,,,,All Purpose Flour (Maida),,False,False,False,False,
37,17,1/2 teaspoon Baking powder,1/2,teaspoon,Baking powder,Baking powder,1/2,teaspoon,,,,,Baking powder,,False,False,False,False,
37,18,1/4 teaspoon Baking soda,1/4,teaspoon,Baking soda,Baking soda,1/4,teaspoon,,,,,Baking soda,,False,False,False,False,
37,19,1 teaspoon Cinnamon Powder (Dalchini),1,teaspoon,Cinnamon Powder (Dalchini),Cinnamon Powder (Dalchini),1,teaspoon,,,,,Cinnamon Powder (Dalchini),,False,False,False,False,
37,20,1/4 teaspoon Nutmeg powder,1/4,teaspoon,Nutmeg powder,Nutmeg powder,1/4,teaspoon,,,,,Nutmeg powder,,False,False,False,False,
37,21,1/2 teaspoon Cloves (Laung) - powdered,1/2,teaspoon,Cloves (Laung),Cloves (Laung),1/2,teaspoon,powdered,,,,Cloves (Laung),powdered,False,False,False,False,
37,22,1/2 teaspoon Dry ginger powder,1/2,teaspoon,Dry ginger powder,Dry ginger powder,1/2,teaspoon,,,,Dry,Dry ginger powder,,False,False,False,False,
37,23,1/4 cup Milk,1/4,cup,Milk,Milk,1/4,cup,,,,,Milk,,False,False,False,False,
37,24,4 Egg whites,4,,Egg whites,Egg whites,4,,,,,,Egg whites,,False,False,False,False,
37,25,3 tablespoons Lemon juice,3,tablespoons,Lemon juice,Lemon juice,3,tablespoon,,,,,Lemon juice,,False,False,False,False,
37,26,4 tablespoons Sugar,4,tablespoons,Sugar,Sugar,4,tablespoon,,,,,Sugar,,False,False,False,False,
38,1,500 grams Shrimps - cleaned and deveined,500,grams,Shrimps,Shrimps,500,gram,cleaned and deveined,,,,Shrimps,cleaned and deveined,False,False,False,False,
38,2,1/2 cup Pearl onions (Sambar Onions),1/2,cup,Pearl onions (Sambar Onions),Pearl onions (Sambar Onions),1/2,cup,,,,,Pearl onions (Sambar Onions),,False,False,False,False,
38,3,1 Tomato - chopped,1,,Tomato,Tomato,1,,chopped,,,,Tomato,chopped,False,False,False,False,
38,4,1 Green Chilli - slit,1,,Green Chilli,Green Chilli,1,,slit,,,,Green Chilli,slit,False,False,False,False,
38,5,1 inch Ginger,1,inch,Ginger,Ginger,,,,,,,Ginger,,False,True,True,False,qty;unit
38,6,4 cloves Garlic,4,cloves,Garlic,Garlic,4,cloves,,,,,Garlic,,False,False,False,False,
38,7,1 inch Cinnamon Stick (Dalchini),1,inch,Cinnamon Stick (Dalchini),Cinnamon Sticks (Dalchini),,,,,,,Cinnamon Sticks (Dalchini),,True,True,True,False,name;qty;unit
38,8,1 Cardamom (Elaichi) Pods/Seeds,1,,Cardamom (Elaichi) Pods/Seeds,Cardamom (Elaichi) Seeds,1,Pod,,,,,Cardamom (Elaichi) Pods/Seeds,,False,False,True,False,unit
38,9,1 teaspoon Whole Black Peppercorns,1,teaspoon,Whole Black Peppercorns,Whole Black Peppercorns,1,teaspoon,,,,,Whole Black Peppercorns,,False,False,False,False,
38,10,1 sprig Curry leaves,1,sprig,Curry leaves,Curry leaves,1,sprig,,,,,Curry leaves,,False,False,False,False,
38,11,1 cup Coconut milk,1,cup,Coconut milk,Coconut milk,1,cup,,,,,Coconut milk,,False,False,False,False,
38,12,1 teaspoon Turmeric powder (Haldi),1,teaspoon,Turmeric powder (Haldi),Turmeric powder (Haldi),1,teaspoon,,,,,Turmeric powder (Haldi),,False,False,False,False,
38,13,1 Lemon juice,1,,Lemon juice,Lemon juice,1,,,,,,Lemon juice,,False,False,False,False,
38,14,1 teaspoon Sugar,1,teaspoon,Sugar,Sugar,1,teaspoon,,,,,Sugar,,False,False,False,False,
38,15,Salt - to taste,,,Salt,Salt,,,,to taste,,,Salt,to taste,False,False,False,True,state
38,16,Coconut Oil - for cooking,,,Coconut Oil,Coconut Oil,,,,,for cooking,,Coconut Oil,for cooking,False,False,False,True,state
39,1,2 cups suran - chopped,2,cups,suran,suran,2,cup,chopped,,,,suran,chopped,False,False,False,False,
39,2,2-1 / 2 cups water,2-1/2,cups,water,water,1,,,,,,water,,False,True,True,False,qty;unit
39,3,8 cloves garlic,8,cloves,garlic,garlic,8,cloves,,,,,garlic,,False,False,False,False,
39,4,1 onion - finely chopped,1,,onion,onion,1,,finely chopped,,,,onion,finely chopped,False,False,False,False,
39,5,1/2 teaspoon turmeric powder,1/2,teaspoon,turmeric powder,turmeric powder,1/2,teaspoon,,,,,turmeric powder,,False,False,False,False,
39,6,1-1 / 2 teaspoon red chilli powder,1-1/2,teaspoon,red chilli powder,red chilli powder,1,,,,,,red chilli powder,,False,True,True,False,qty;unit
39,7,1/2 teaspoon Black pepper powder,1/2,teaspoon,Black pepper powder,Black pepper powder,1/2,teaspoon,,,,,Black pepper powder,,False,False,False,False,
39,8,1/2 teaspoon fennel powder,1/2,teaspoon,fennel powder,fennel powder,1/2,teaspoon,,,,,fennel powder,,False,False,False,False,
39,9,1 tablespoon oil,1,tablespoon,oil,oil,1,tablespoon,,,,,oil,,False,False,False,False,
39,10,1 teaspoon mustard,1,teaspoon,mustard,mustard,1,teaspoon,,,,,mustard,,False,False,False,False,
39,11,6 curry leaves,6,,curry leaves,curry leaves,6,,,,,,curry leaves,,False,False,False,False,
40,1,500 grams Prawns - tiger,500,grams,Prawns,Prawns - tiger,500,gram,,,,,Prawns - tiger,tiger,True,False,False,True,name;state
40,2,1 cup Fresh coconut - grated,1,cup,Fresh coconut,Fresh coconut,1,cup,grated,,,Fresh,Fresh coconut,grated,False,False,False,False,
40,3,2 tablespoons Coriander (Dhania) Seeds,2,tablespoons,Coriander (Dhania) Seeds,Coriander (Dhania) Seeds,2,tablespoon,,,,,Coriander (Dhania) Seeds,,False,False,False,False,
40,4,4 Dry Red Chillies,4,,Dry Red Chillies,Dry Red Chillies,4,,,,,Dry,Dry Red Chillies,,False,False,False,False,
40,5,8 Shallots,8,,Shallots,Shallots,8,,,,,,Shallots,,False,False,False,False,
40,6,8 cloves Garlic - split lengthwise,8,cloves,Garlic,Garlic,8,cloves,split lengthwise,,,,Garlic,split lengthwise,False,False,False,False,
40,7,1 teaspoon Methi Seeds (Fenugreek Seeds),1,teaspoon,Methi Seeds (Fenugreek Seeds),Methi Seeds (Fenugreek Seeds),1,teaspoon,,,,,Methi Seeds (Fenugreek Seeds),,False,False,False,False,
40,8,1-1/2 teaspoon Cumin seeds (Jeera),1-1/2,teaspoon,Cumin seeds (Jeera),Cumin seeds (Jeera),1/2,teaspoon,,,,,Cumin seeds (Jeera),,False,True,False,False,qty
40,9,Turmeric powder (Haldi) - a pinch (optional),,,Turmeric powder (Haldi),Turmeric powder (Haldi),1,pinch,,(optional),,,Turmeric powder (Haldi),a pinch (optional),False,True,True,True,qty;unit;state
40,10,1 teaspoon Mustard seeds,1,teaspoon,Mustard seeds,Mustard seeds,1,teaspoon,,,,,Mustard seeds,,False,False,False,False,
40,11,Curry leaves - Few,,,Curry leaves,Curry leaves,,,,,,,Curry leaves,Few,False,False,False,True,state
40,12,30 grams Tamarind,30,grams,Tamarind,Tamarind,30,gram,,,,,Tamarind,,False,False,False,False,
40,13,Salt - to taste,,,Salt,Salt,,,,to taste,,,Salt,to taste,False,False,False,True,state
41,1,2 Brinjal (Baingan / Eggplant) - finely chopped (use the regular small eggplant and not the ones used for baingan bhartha),2,,Brinjal (Baingan / Eggplant),Brinjal Eggplant,2,,finely chopped,"Baingan, (use the regular small eggplant and not the ones used for baingan bhartha)",,,Brinjal (Baingan / Eggplant),finely chopped (use the regular small eggplant and not the ones used for baingan bhartha),False,False,False,False,
41,2,1/4 teaspoon Mustard seeds,1/4,teaspoon,Mustard seeds,Mustard seeds,1/4,teaspoon,,,,,Mustard seeds,,False,False,False,False,
41,3,1 Onion - finely chopped,1,,Onion,Onion,1,,finely chopped,,,,Onion,finely chopped,False,False,False,False,
41,4,1 to 2 Green Chillies - slit lengthwise (use as per spice tolerance) 1/2 tablespoon kashmiri chili powder (use as per spice tolerance),1to2,,Green Chillies,Green Chillies; kashmiri chili powder,1,,slit lengthwise,(use as per spice tolerance),,,Green Chillies; kashmiri chili powder,slit lengthwise (use as per spice tolerance) 1/2 tablespoon kashmiri chili powder (use as per spice tolerance),True,True,False,False,name;qty
41,5,1 pinch Turmeric powder (Haldi),1,pinch,Turmeric powder (Haldi),Turmeric powder (Haldi),1,pinch,,,,,Turmeric powder (Haldi),,False,False,False,False,
41,6,1/2 tablespoon Coriander Powder (Dhania),1/2,tablespoon,Coriander Powder (Dhania),Coriander Powder (Dhania),1/2,tablespoon,,,,,Coriander Powder (Dhania),,False,False,False,False,
41,7,1/2 teaspoon Fennel seeds (Saunf) - in case you don't have fennel seeds you could use cumin seeds,1/2,teaspoon,Fennel seeds (Saunf),Fennel seeds (Saunf),1/2,teaspoon,,in case you don't have fennel seeds you could use cumin seeds,,,Fennel seeds (Saunf),in case you don't have fennel seeds you could use cumin seeds,False,False,False,True,state
41,8,1/2 teaspoon Methi Seeds (Fenugreek Seeds) - grounded,1/2,teaspoon,Methi Seeds (Fenugreek Seeds),Methi Seeds (Fenugreek Seeds),1/2,teaspoon,grounded,,,,Methi Seeds (Fenugreek Seeds),grounded,False,False,False,False,
41,9,1 Tomatoes - finely chopped,1,,Tomatoes,Tomatoes,1,,finely chopped,,,,Tomatoes,finely chopped,False,False,False,False,
41,10,1/2 cup Coconut milk - thick,1/2,cup,Coconut milk,Coconut milk,1/2,cup,,,,,Coconut milk,thick,False,False,False,True,state
41,11,Coconut Oil - or vegetable oil as required,,,Coconut Oil,Coconut Oil; vegetable oil,,,,as required,,,Coconut Oil; vegetable oil,or vegetable oil as required,True,False,False,True,name;state
41,12,2 sprig Curry leaves,2,sprig,Curry leaves,Curry leaves,2,sprigs,,,,,Curry leaves,,False,False,False,False,
41,13,3 sprig Coriander (Dhania) Leaves - finely chopped (optional),3,sprig,Coriander (Dhania) Leaves,Coriander (Dhania),3,sprigs,finely chopped,"Leaves, (optional)",,,Coriander (Dhania) Leaves,finely chopped (optional),False,False,False,False,
42,1,1/2 cup Yellow Moong Dal (Split),1/2,cup,Yellow Moong Dal (Split),Yellow Moong Dal (Split),1/2,cup,,,,,Yellow Moong Dal (Split),,False,False,False,False,
42,2,1 Chayote - peeled and diced,1,,Chayote,Chayote,1,,peeled and diced,,,,Chayote,peeled and diced,False,False,False,False,
42,3,1 Potato (Aloo) - peeled and diced,1,,Potato (Aloo),Potato (Aloo),1,,peeled and diced,,,,Potato (Aloo),peeled and diced,False,False,False,False,
42,4,2 Carrot (Gajjar) - peeled and diced,2,,Carrot (Gajjar),Carrot (Gajjar),2,,peeled and diced,,,,Carrot (Gajjar),peeled and diced,False,False,False,False,
42,5,1/4 cup Green peas (Matar),1/4,cup,Green peas (Matar),Green peas (Matar),1/4,cup,,,,,Green peas (Matar),,False,False,False,False,
42,6,2 Green Chillies - slit,2,,Green Chillies,Green Chillies,2,,slit,,,,Green Chillies,slit,False,False,False,False,
42,7,1 teaspoon Turmeric powder (Haldi),1,teaspoon,Turmeric powder (Haldi),Turmeric powder (Haldi),1,teaspoon,,,,,Turmeric powder (Haldi),,False,False,False,False,
42,8,Salt - to taste,,,Salt,Salt,,,,to taste,,,Salt,to taste,False,False,False,True,state
42,9,Curry leaves - a sprig,,,Curry leaves,Curry leaves,1,sprig,,,,,Curry leaves,a sprig,False,True,True,True,qty;unit;state
42,10,1/4 teaspoon Black pepper powder,1/4,teaspoon,Black pepper powder,Black pepper powder,1/4,teaspoon,,,,,Black pepper powder,,False,False,False,False,
42,11,1 tablespoon Coconut Oil,1,tablespoon,Coconut Oil,Coconut Oil,1,tablespoon,,,,,Coconut Oil,,False,False,False,False,
43,1,1 cabbage - finely chopped,1,,cabbage,cabbage,1,,finely chopped,,,,cabbage,finely chopped,False,False,False,False,
43,2,1/2 cup green peas - optional,1/2,cup,green peas,green peas,1/2,cup,,optional,,,green peas,optional,False,False,False,True,state
43,3,1 sprig curry leaf,1,sprig,curry leaf,curry leaves,1,sprig,,,,,curry leaves,,True,False,False,False,name
43,4,1/4 tsp rye,1/4,tsp,rye,rye,1/4,teaspoon,,,,,rye,,False,False,False,False,
43,5,1 red chili,1,,red chili,red chili,1,,,,,,red chili,,False,False,False,False,
43,6,1 tsp white urad dal,1,tsp,white urad dal,white urad dal,1,teaspoon,,,,,white urad dal,,False,False,False,False,
43,7,1/4 tsp turmeric powder,1/4,tsp,turmeric powder,turmeric powder,1/4,teaspoon,,,,,turmeric powder,,False,False,False,False,
43,8,Salt - as per taste,,,Salt,Salt,,,,as per taste,,,Salt,as per taste,False,False,False,True,state
43,9,1 tsp oil - as per use,1,tsp,oil,oil,1,teaspoon,,as per use,,,oil,as per use,False,False,False,True,state
43,10,5 tbsp coconut - grated,5,tbsp,coconut,coconut,5,tablespoon,grated,,,,coconut,grated,False,False,False,False,
43,11,6 small onions - chopped,6,,small onions,onions,6,,chopped,,,,small onions,chopped,False,False,False,False,
43,12,3 cloves garlic - chopped,3,cloves,garlic,garlic,3,cloves,chopped,,,,garlic,chopped,False,False,False,False,
43,13,green chili - chopped,,,green chili,green chili,,,chopped,,,,green chili,chopped,False,False,False,False,
43,14,3 sprig curry leaves,3,sprig,curry leaves,curry leaves,3,sprigs,,,,,curry leaves,,False,False,False,False,
44,1,3 carrots - chop,3,,carrots,carrots,3,,chop,,,,carrots,chop,False,False,False,False,
44,2,20 green beans - chop,20,,green beans,green beans,20,,,chop,,,green beans,chop,False,False,False,True,state
44,3,1 onion - chop,1,,onion,onion,1,,chop,,,,onion,chop,False,False,False,False,
44,4,3 green chillies - cut straight,3,,green chillies,green chillies,3,,cut straight,,,,green chillies,cut straight,False,False,False,False,
44,5,1 teaspoon cumin powder,1,teaspoon,cumin powder,cumin powder,1,teaspoon,,,,,cumin powder,,False,False,False,False,
44,6,1/2 teaspoon turmeric powder,1/2,teaspoon,turmeric powder,turmeric powder,1/2,teaspoon,,,,,turmeric powder,,False,False,False,False,
44,7,1 teaspoon salt - as per taste,1,teaspoon,salt,salt,1,teaspoon,,as per taste,,,salt,as per taste,False,False,False,True,state
44,8,1 Tablespoon oil,1,Tablespoon,oil,oil,1,Tablespoon,,,,,oil,,False,False,False,False,
44,9,1/4 teaspoon mustard,1/4,teaspoon,mustard,mustard,1/4,teaspoon,,,,,mustard,,False,False,False,False,
44,10,10 curry leaves,10,,curry leaves,curry leaves,10,,,,,,curry leaves,,False,False,False,False,
45,1,3 Raw Banana - peeled and thinly sliced,3,,Raw Banana,Raw Banana,3,,peeled and thinly sliced,,,,Raw Banana,peeled and thinly sliced,False,False,False,False,
45,2,1/2 tablespoon Paprika powder,1/2,tablespoon,Paprika powder,Paprika powder,1/2,tablespoon,,,,,Paprika powder,,False,False,False,False,
45,3,1/4 tablespoon Black pepper powder,1/4,tablespoon,Black pepper powder,Black pepper powder,1/4,tablespoon,,,,,Black pepper powder,,False,False,False,False,
45,4,Salt - to taste,,,Salt,Salt,,,,to taste,,,Salt,to taste,False,False,False,True,state
45,5,1 tablespoon Extra Virgin Olive Oil - to toss,1,tablespoon,Extra Virgin Olive Oil,Extra Virgin Olive Oil,1,tablespoon,,to toss,,,Extra Virgin Olive Oil,to toss,False,False,False,True,state
46,1,3 cups Rice flour,3,cups,Rice flour,Rice flour,3,cup,,,,,Rice flour,,False,False,False,False,
46,2,1 cup Icing Sugar - powdered,1,cup,Icing Sugar,Icing Sugar,1,cup,powdered,,,,Icing Sugar,powdered,False,False,False,False,
46,3,1 teaspoon Fennel seeds (Saunf),1,teaspoon,Fennel seeds (Saunf),Fennel seeds (Saunf),1,teaspoon,,,,,Fennel seeds (Saunf),,False,False,False,False,
46,4,1 pinch Salt,1,pinch,Salt,Salt,1,pinch,,,,,Salt,,False,False,False,False,
46,5,1 3/4 cup Coconut milk,1-3/4,cup,Coconut milk,Coconut milk,7/4,cup,,,,,Coconut milk,,False,True,False,False,qty
46,6,1 Whole Eggs,1,,Whole Eggs,Whole Eggs,1,,,,,,Whole Eggs,,False,False,False,False,
46,7,Sunflower Oil - for deep frying,,,Sunflower Oil,Sunflower Oil,,,,,for deep frying,,Sunflower Oil,for deep frying,False,False,False,True,state
47,1,250 grams Mutton,250,grams,Mutton,Mutton,250,gram,,,,,Mutton,,False,False,False,False,
47,2,2 tablespoon Fresh coconut - grated,2,tablespoon,Fresh coconut,Fresh coconut,2,tablespoon,grated,,,Fresh,Fresh coconut,grated,False,False,False,False,
47,3,2 Onions,2,,Onions,Onions,2,,,,,,Onions,,False,False,False,False,
47,4,2 Potatoes (Aloo),2,,Potatoes (Aloo),Potatoes (Aloo),2,,,,,,Potatoes (Aloo),,False,False,False,False,
47,5,3 Tomatoes,3,,Tomatoes,Tomatoes,3,,,,,,Tomatoes,,False,False,False,False,
47,6,6 Green Chillies,6,,Green Chillies,Green Chillies,6,,,,,,Green Chillies,,False,False,False,False,
47,7,8 cloves Garlic,8,cloves,Garlic,Garlic,8,cloves,,,,,Garlic,,False,False,False,False,
47,8,1 inch Ginger,1,inch,Ginger,Ginger,,,,,,,Ginger,,False,True,True,False,qty;unit
47,9,1 teaspoon Poppy seeds,1,teaspoon,Poppy seeds,Poppy seeds,1,teaspoon,,,,,Poppy seeds,,False,False,False,False,
47,10,1 inch Cinnamon Stick (Dalchini),1,inch,Cinnamon Stick (Dalchini),Cinnamon Sticks (Dalchini),,,,,,,Cinnamon Sticks (Dalchini),,True,True,True,False,name;qty;unit
47,11,4 Cloves (Laung),4,Cloves,(Laung),Cloves,4,,,(Laung),,,Cloves,,True,False,True,False,name;unit
47,12,1 teaspoon Coriander (Dhania) Seeds,1,teaspoon,Coriander (Dhania) Seeds,Coriander (Dhania) Seeds,1,teaspoon,,,,,Coriander (Dhania) Seeds,,False,False,False,False,
47,13,4 sprig Coriander (Dhania) Leaves - chopped,4,sprig,Coriander (Dhania) Leaves,Coriander (Dhania),4,sprigs,chopped,Leaves,,,Coriander (Dhania) Leaves,chopped,False,False,False,False,
47,14,Sunflower Oil - as required,,,Sunflower Oil,Sunflower Oil,,,,as required,,,Sunflower Oil,as required,False,False,False,True,state
48,1,1 cup Red matta rice,1,cup,Red matta rice,Red matta rice,1,cup,,,,,Red matta rice,,False,False,False,False,
48,2,3 1/2 cups Water,3-1/2,cups,Water,Water,7/2,cup,,,,,Water,,False,True,False,False,qty
48,3,1/2 cup Jaggery,1/2,cup,Jaggery,Jaggery,1/2,cup,,,,,Jaggery,,False,False,False,False,
48,4,1 teaspoon Cardamom (Elaichi) Pods/Seeds,1,teaspoon,Cardamom (Elaichi) Pods/Seeds,Cardamom (Elaichi) Seeds,1,teaspoon Pod,,,,,Cardamom (Elaichi) Pods/Seeds,,False,False,True,False,unit
48,5,1 cup Coconut milk,1,cup,Coconut milk,Coconut milk,1,cup,,,,,Coconut milk,,False,False,False,False,
48,6,1/4 cup Water,1/4,cup,Water,Water,1/4,cup,,,,,Water,,False,False,False,False,
48,7,1 tablespoon Ghee,1,tablespoon,Ghee,Ghee,1,tablespoon,,,,,Ghee,,False,False,False,False,
48,8,12 Cashew nuts,12,,Cashew nuts,Cashew nuts,12,,,,,,Cashew nuts,,False,False,False,False,
48,9,2 tablespoons Dry coconut (kopra) - cut into small pieces,2,tablespoons,Dry coconut (kopra),Dry coconut (kopra),2,tablespoon,cut into small pieces,,,Dry,Dry coconut (kopra),cut into small pieces,False,False,False,False,
49,1,2 Mooli/ Mullangi (Radish) - julienned and steamed,2,,Mooli/ Mullangi (Radish),Mooli/Mullangi (Radish),2,,julienned and steamed,,,,Mooli/Mullangi (Radish),julienned and steamed,True,False,False,False,name
49,2,1 teaspoon Coconut Oil,1,teaspoon,Coconut Oil,Coconut Oil,1,teaspoon,,,,,Coconut Oil,,False,False,False,False,
49,3,1 teaspoon Mustard seeds,1,teaspoon,Mustard seeds,Mustard seeds,1,teaspoon,,,,,Mustard seeds,,False,False,False,False,
49,4,1 teaspoon Cumin seeds (Jeera),1,teaspoon,Cumin seeds (Jeera),Cumin seeds (Jeera),1,teaspoon,,,,,Cumin seeds (Jeera),,False,False,False,False,
49,5,8 Curry leaves,8,,Curry leaves,Curry leaves,8,,,,,,Curry leaves,,False,False,False,False,
49,6,1/2 teaspoon Turmeric powder (Haldi),1/2,teaspoon,Turmeric powder (Haldi),Turmeric powder (Haldi),1/2,teaspoon,,,,,Turmeric powder (Haldi),,False,False,False,False,
49,7,1/4 cup Fresh coconut - grated,1/4,cup,Fresh coconut,Fresh coconut,1/4,cup,grated,,,Fresh,Fresh coconut,grated,False,False,False,False,
49,8,2 Green Chillies,2,,Green Chillies,Green Chillies,2,,,,,,Green Chillies,,False,False,False,False,
49,9,2 sprig Curry leaves,2,sprig,Curry leaves,Curry leaves,2,sprigs,,,,,Curry leaves,,False,False,False,False,
49,10,1 inch Ginger,1,inch,Ginger,Ginger,,,,,,,Ginger,,False,True,True,False,qty;unit
49,11,Salt - to taste,,,Salt,Salt,,,,to taste,,,Salt,to taste,False,False,False,True,state
49,12,Sunflower Oil,,,Sunflower Oil,Sunflower Oil,,,,,,,Sunflower Oil,,False,False,False,False,
50,1,500 grams Rice - raw,500,grams,Rice,Rice,500,gram,raw,,,,Rice,raw,False,False,False,False,
50,2,2 teaspoon Methi Seeds (Fenugreek Seeds),2,teaspoon,Methi Seeds (Fenugreek Seeds),Methi Seeds (Fenugreek Seeds),2,teaspoon,,,,,Methi Seeds (Fenugreek Seeds),,False,False,False,False,
50,3,1 cup Fresh coconut - grated,1,cup,Fresh coconut,Fresh coconut,1,cup,grated,,,Fresh,Fresh coconut,grated,False,False,False,False,
50,4,1 cup Cooked rice,1,cup,Cooked rice,rice,1,cup,Cooked,,,,Cooked rice,,False,False,False,False,
50,5,4 tablespoons Sugar,4,tablespoons,Sugar,Sugar,4,tablespoon,,,,,Sugar,,False,False,False,False,
50,6,1/4 teaspoon Baking soda,1/4,teaspoon,Baking soda,Baking soda,1/4,teaspoon,,,,,Baking soda,,False,False,False,False,
50,7,1 teaspoon Salt,1,teaspoon,Salt,Salt,1,teaspoon,,,,,Salt,,False,False,False,False,
51,1,2 cups Curd (Dahi / Yogurt),2,cups,Curd (Dahi / Yogurt),Curd,2,cup,,(Dahi/Yogurt),,,Curd (Dahi / Yogurt),,False,False,False,False,
51,2,1-1/2 cups Water,1-1/2,cups,Water,Water,1/2,cup,,,,,Water,,False,True,False,False,qty
51,3,5 Shallots - (pearl onions),5,,Shallots,Shallots,5,,,(pearl onions),,,Shallots,(pearl onions),False,False,False,True,state
51,4,1 inch Ginger - finely chopped,1,inch,Ginger,Ginger,,,finely chopped,,,,Ginger,finely chopped,False,True,True,False,qty;unit
51,5,3 Garlic - cloves,3,,Garlic,Garlic,3,cloves,,,,,Garlic,cloves,False,False,True,True,unit;state
51,6,1 Green Chilli - finely chopped,1,,Green Chilli,Green Chilli,1,,finely chopped,,,,Green Chilli,finely chopped,False,False,False,False,
51,7,1/2 teaspoon Turmeric powder (Haldi),1/2,teaspoon,Turmeric powder (Haldi),Turmeric powder (Haldi),1/2,teaspoon,,,,,Turmeric powder (Haldi),,False,False,False,False,
51,8,1 teaspoon Mustard seeds,1,teaspoon,Mustard seeds,Mustard seeds,1,teaspoon,,,,,Mustard seeds,,False,False,False,False,
51,9,1/2 teaspoon Methi Seeds (Fenugreek Seeds),1/2,teaspoon,Methi Seeds (Fenugreek Seeds),Methi Seeds (Fenugreek Seeds),1/2,teaspoon,,,,,Methi Seeds (Fenugreek Seeds),,False,False,False,False,
51,10,1 sprig Curry leaves,1,sprig,Curry leaves,Curry leaves,1,sprig,,,,,Curry leaves,,False,False,False,False,
51,11,2 Dry Red Chillies,2,,Dry Red Chillies,Dry Red Chillies,2,,,,,Dry,Dry Red Chillies,,False,False,False,False,
51,12,2 teaspoons Coconut Oil,2,teaspoons,Coconut Oil,Coconut Oil,2,teaspoon,,,,,Coconut Oil,,False,False,False,False,
51,13,Salt - to taste,,,Salt,Salt,,,,to taste,,,Salt,to taste,False,False,False,True,state
52,1,2 Raw Banana - boiled and diced,2,,Raw Banana,Raw Banana,2,,boiled and diced,,,,Raw Banana,boiled and diced,False,False,False,False,
52,2,1 teaspoon Coconut Oil,1,teaspoon,Coconut Oil,Coconut Oil,1,teaspoon,,,,,Coconut Oil,,False,False,False,False,
52,3,1 teaspoon Mustard seeds,1,teaspoon,Mustard seeds,Mustard seeds,1,teaspoon,,,,,Mustard seeds,,False,False,False,False,
52,4,2 Dry Red Chillies,2,,Dry Red Chillies,Dry Red Chillies,2,,,,,Dry,Dry Red Chillies,,False,False,False,False,
52,5,8 Curry leaves,8,,Curry leaves,Curry leaves,8,,,,,,Curry leaves,,False,False,False,False,
52,6,10 Pearl onions (Sambar Onions) - finely chopped,10,,Pearl onions (Sambar Onions),Pearl onions (Sambar Onions),10,,finely chopped,,,,Pearl onions (Sambar Onions),finely chopped,False,False,False,False,
52,7,2 cloves Garlic - finely chopped,2,cloves,Garlic,Garlic,2,cloves,finely chopped,,,,Garlic,finely chopped,False,False,False,False,
52,8,1/2 teaspoon Turmeric powder (Haldi),1/2,teaspoon,Turmeric powder (Haldi),Turmeric powder (Haldi),1/2,teaspoon,,,,,Turmeric powder (Haldi),,False,False,False,False,
52,9,1/4 cup Fresh coconut - grated,1/4,cup,Fresh coconut,Fresh coconut,1/4,cup,grated,,,Fresh,Fresh coconut,grated,False,False,False,False,
52,10,2 Green Chillies,2,,Green Chillies,Green Chillies,2,,,,,,Green Chillies,,False,False,False,False,
52,11,1/4 cup Coriander (Dhania) Leaves - roughly chopped,1/4,cup,Coriander (Dhania) Leaves,Coriander (Dhania),1/4,cup,roughly chopped,Leaves,,,Coriander (Dhania) Leaves,roughly chopped,False,False,False,False,
52,12,Salt - to taste,,,Salt,Salt,,,,to taste,,,Salt,to taste,False,False,False,True,state
53,1,1 cup Fresh coconut - grated,1,cup,Fresh coconut,Fresh coconut,1,cup,grated,,,Fresh,Fresh coconut,grated,False,False,False,False,
53,2,3 Shallots,3,,Shallots,Shallots,3,,,,,,Shallots,,False,False,False,False,
53,3,20 grams Tamarind,20,grams,Tamarind,Tamarind,20,gram,,,,,Tamarind,,False,False,False,False,
53,4,3 Dry Red Chilli,3,,Dry Red Chilli,Dry Red Chilli,3,,,,,Dry,Dry Red Chilli,,False,False,False,False,
53,5,1/2 inch Ginger,1/2,inch,Ginger,Ginger,,,,,,,Ginger,,False,True,True,False,qty;unit
53,6,3 Dry Red Chillies,3,,Dry Red Chillies,Dry Red Chillies,3,,,,,Dry,Dry Red Chillies,,False,False,False,False,
53,7,1 sprig Curry leaves,1,sprig,Curry leaves,Curry leaves,1,sprig,,,,,Curry leaves,,False,False,False,False,
53,8,Salt - to taste,,,Salt,Salt,,,,to taste,,,Salt,to taste,False,False,False,True,state
54,1,2 cups All Purpose Flour (Maida),2,cups,All Purpose Flour (Maida),All Purpose Flour (Maida),2,cup,,,,,All Purpose Flour (Maida),,False,False,False,False,
54,2,2 tablespoons Ghee,2,tablespoons,Ghee,Ghee,2,tablespoon,,,,,Ghee,,False,False,False,False,
54,3,1/2 cup Milk,1/2,cup,Milk,Milk,1/2,cup,,,,,Milk,,False,False,False,False,
54,4,1/2 teaspoon Sugar,1/2,teaspoon,Sugar,Sugar,1/2,teaspoon,,,,,Sugar,,False,False,False,False,
54,5,1 teaspoon Salt - to taste,1,teaspoon,Salt,Salt,1,teaspoon,,to taste,,,Salt,to taste,False,False,False,True,state
54,6,Lukewarm Water - as required,,,Lukewarm Water,Water,,,Lukewarm,as required,,,Lukewarm Water,as required,False,False,False,False,
55,1,4 Tomatoes - chopped (big pieces),4,,Tomatoes,Tomatoes,4,,chopped,(big pieces),,,Tomatoes,chopped (big pieces),False,False,False,False,
55,2,Sunflower Oil - as required,,,Sunflower Oil,Sunflower Oil,,,,as required,,,Sunflower Oil,as required,False,False,False,True,state
55,3,1 tablespoon Mustard seeds,1,tablespoon,Mustard seeds,Mustard seeds,1,tablespoon,,,,,Mustard seeds,,False,False,False,False,
55,4,3 Dry Red Chillies - torn into pieces,3,,Dry Red Chillies,Dry Red Chillies,3,,torn into pieces,,,Dry,Dry Red Chillies,torn into pieces,False,False,False,False,
55,5,5 Curry leaves,5,,Curry leaves,Curry leaves,5,,,,,,Curry leaves,,False,False,False,False,
55,6,2 Onions - thinly sliced,2,,Onions,Onions,2,,thinly sliced,,,,Onions,thinly sliced,False,False,False,False,
55,7,1 tablespoon Ginger Garlic Paste,1,tablespoon,Ginger Garlic Paste,Ginger Garlic Paste,1,tablespoon,,,,,Ginger Garlic Paste,,False,False,False,False,
55,8,2 Green Chillies - chopped,2,,Green Chillies,Green Chillies,2,,chopped,,,,Green Chillies,chopped,False,False,False,False,
55,9,1/2 tablespoon Kashmiri Red Chilli Powder,1/2,tablespoon,Kashmiri Red Chilli Powder,Kashmiri Red Chilli Powder,1/2,tablespoon,,,,,Kashmiri Red Chilli Powder,,False,False,False,False,
55,10,1/2 tablespoon Turmeric powder (Haldi),1/2,tablespoon,Turmeric powder (Haldi),Turmeric powder (Haldi),1/2,tablespoon,,,,,Turmeric powder (Haldi),,False,False,False,False,
55,11,Salt - to taste,,,Salt,Salt,,,,to taste,,,Salt,to taste,False,False,False,True,state
55,12,2 tablespoons Coriander (Dhania) Leaves - finely chopped,2,tablespoons,Coriander (Dhania) Leaves,Coriander (Dhania),2,tablespoon,finely chopped,Leaves,,,Coriander (Dhania) Leaves,finely chopped,False,False,False,False,
56,1,500 grams Chicken - curry-cut with bones,500,grams,Chicken,Chicken,500,gram,curry-cut with bones,,,,Chicken,curry-cut with bones,False,False,False,False,
56,2,2 teaspoons Red Chilli powder,2,teaspoons,Red Chilli powder,Red Chilli powder,2,teaspoon,,,,,Red Chilli powder,,False,False,False,False,
56,3,1 teaspoon Turmeric powder (Haldi),1,teaspoon,Turmeric powder (Haldi),Turmeric powder (Haldi),1,teaspoon,,,,,Turmeric powder (Haldi),,False,False,False,False,
56,4,1-1/2 teaspoons Salt,1-1/2,teaspoons,Salt,Salt,1/2,teaspoon,,,,,Salt,,False,True,False,False,qty
56,5,2 Onions - thinly sliced,2,,Onions,Onions,2,,thinly sliced,,,,Onions,thinly sliced,False,False,False,False,
56,6,1 sprig Curry leaves,1,sprig,Curry leaves,Curry leaves,1,sprig,,,,,Curry leaves,,False,False,False,False,
56,7,2 Green Chillies,2,,Green Chillies,Green Chillies,2,,,,,,Green Chillies,,False,False,False,False,
56,8,1 inch Ginger - crushed or a coarse paste,1,inch,Ginger,Ginger; crushed a coarse paste,,,,,,,Ginger; crushed a coarse paste,crushed or a coarse paste,True,True,True,True,name;qty;unit;state
56,9,6 cloves Garlic - crushed or a coarse paste,6,cloves,Garlic,Garlic; crushed a coarse paste,6,cloves,,,,,Garlic; crushed a coarse paste,crushed or a coarse paste,True,False,False,True,name;state
56,10,1 Tomato - chopped,1,,Tomato,Tomato,1,,chopped,,,,Tomato,chopped,False,False,False,False,
56,11,2 tablespoon Red Chilli powder,2,tablespoon,Red Chilli powder,Red Chilli powder,2,tablespoon,,,,,Red Chilli powder,,False,False,False,False,
56,12,1 tablespoon Coriander Powder (Dhania),1,tablespoon,Coriander Powder (Dhania),Coriander Powder (Dhania),1,tablespoon,,,,,Coriander Powder (Dhania),,False,False,False,False,
56,13,1 teaspoon Turmeric powder (Haldi),1,teaspoon,Turmeric powder (Haldi),Turmeric powder (Haldi),1,teaspoon,,,,,Turmeric powder (Haldi),,False,False,False,False,
56,14,1 tablespoon Fennel Powder,1,tablespoon,Fennel Powder,Fennel Powder,1,tablespoon,,,,,Fennel Powder,,False,False,False,False,
56,15,1 teaspoon Garam masala powder,1,teaspoon,Garam masala powder,Garam masala powder,1,teaspoon,,,,,Garam masala powder,,False,False,False,False,
56,16,1 cup Coconut milk - thick,1,cup,Coconut milk,Coconut milk,1,cup,,,,,Coconut milk,thick,False,False,False,True,state
56,17,Salt - as per your taste,,,Salt,Salt,,,,as per your taste,,,Salt,as per your taste,False,False,False,True,state
56,18,2 tablespoons Coconut Oil,2,tablespoons,Coconut Oil,Coconut Oil,2,tablespoon,,,,,Coconut Oil,,False,False,False,False,
57,1,2 cups Kaddu (Parangikai/ Pumpkin) - chopped,2,cups,Kaddu (Parangikai/ Pumpkin),Kaddu Pumpkin,2,cup,chopped,Parangikai,,,Kaddu (Parangikai/ Pumpkin),chopped,False,False,False,False,
57,2,1/2 cup Black Eyed Beans (Lobia),1/2,cup,Black Eyed Beans (Lobia),Black Eyed Beans (Lobia),1/2,cup,,,,,Black Eyed Beans (Lobia),,False,False,False,False,
57,3,1/2 teaspoon Red Chilli powder,1/2,teaspoon,Red Chilli powder,Red Chilli powder,1/2,teaspoon,,,,,Red Chilli powder,,False,False,False,False,
57,4,1/2 teaspoon Turmeric powder (Haldi),1/2,teaspoon,Turmeric powder (Haldi),Turmeric powder (Haldi),1/2,teaspoon,,,,,Turmeric powder (Haldi),,False,False,False,False,
57,5,Salt - to taste,,,Salt,Salt,,,,to taste,,,Salt,to taste,False,False,False,True,state
57,6,1/2 cup Fresh coconut - grated,1/2,cup,Fresh coconut,Fresh coconut,1/2,cup,grated,,,Fresh,Fresh coconut,grated,False,False,False,False,
57,7,1/2 teaspoon Cumin seeds (Jeera),1/2,teaspoon,Cumin seeds (Jeera),Cumin seeds (Jeera),1/2,teaspoon,,,,,Cumin seeds (Jeera),,False,False,False,False,
57,8,1 Green Chilli,1,,Green Chilli,Green Chilli,1,,,,,,Green Chilli,,False,False,False,False,
57,9,1 tablespoon Coconut Oil,1,tablespoon,Coconut Oil,Coconut Oil,1,tablespoon,,,,,Coconut Oil,,False,False,False,False,
57,10,1/2 teaspoon Mustard seeds,1/2,teaspoon,Mustard seeds,Mustard seeds,1/2,teaspoon,,,,,Mustard seeds,,False,False,False,False,
57,11,1 sprig Curry leaves,1,sprig,Curry leaves,Curry leaves,1,sprig,,,,,Curry leaves,,False,False,False,False,
57,12,2 Dry Red Chillies,2,,Dry Red Chillies,Dry Red Chillies,2,,,,,Dry,Dry Red Chillies,,False,False,False,False,
57,13,1 tablespoon Fresh coconut,1,tablespoon,Fresh coconut,Fresh coconut,1,tablespoon,,,,Fresh,Fresh coconut,,False,False,False,False,
57,14,4 Pearl onions (Sambar Onions) - sliced,4,,Pearl onions (Sambar Onions),Pearl onions (Sambar Onions),4,,sliced,,,,Pearl onions (Sambar Onions),sliced,False,False,False,False,
58,1,1 cup Rice,1,cup,Rice,Rice,1,cup,,,,,Rice,,False,False,False,False,
58,2,1/4 cup Cooked rice,1/4,cup,Cooked rice,rice,1/4,cup,Cooked,,,,Cooked rice,,False,False,False,False,
58,3,1/2 cup Fresh coconut - grated,1/2,cup,Fresh coconut,Fresh coconut,1/2,cup,grated,,,Fresh,Fresh coconut,grated,False,False,False,False,
58,4,1/4 teaspoon Cumin seeds (Jeera),1/4,teaspoon,Cumin seeds (Jeera),Cumin seeds (Jeera),1/4,teaspoon,,,,,Cumin seeds (Jeera),,False,False,False,False,
58,5,1 teaspoon Active dry yeast - soaked in luke warm water (2 tablespoon),1,teaspoon,Active dry yeast,Active dry yeast,1,teaspoon,soaked in luke warm water,,,Dry,Active dry yeast,soaked in luke warm water (2 tablespoon),False,False,False,False,
58,6,5 tablespoon Sugar,5,tablespoon,Sugar,Sugar,5,tablespoon,,,,,Sugar,,False,False,False,False,
58,7,1/4 teaspoon Salt,1/4,teaspoon,Salt,Salt,1/4,teaspoon,,,,,Salt,,False,False,False,False,
58,8,2 Cardamom (Elaichi) Pods/Seeds - powdered,2,,Cardamom (Elaichi) Pods/Seeds,Cardamom (Elaichi); Seeds,2,Pods,powdered,,,,Cardamom (Elaichi) Pods/Seeds,powdered,False,False,True,False,unit
58,9,1 tablespoon Ghee,1,tablespoon,Ghee,Ghee,1,tablespoon,,,,,Ghee,,False,False,False,False,
58,10,2 teaspoons Raisins,2,teaspoons,Raisins,Raisins,2,teaspoon,,,,,Raisins,,False,False,False,False,
59,1,500 grams Sardine fish - (mathi,500,grams,Sardine fish,Sardine fish - mathi,500,gram,,,,,Sardine fish - mathi,(mathi,True,False,False,True,name;state
59,2,1 cup Shallots - chopped,1,cup,Shallots,Shallots,1,cup,chopped,,,,Shallots,chopped,False,False,False,False,
59,3,2 Tomatoes - pureed,2,,Tomatoes,Tomatoes,2,,pureed,,,,Tomatoes,pureed,False,False,False,False,
59,4,1-1/2 teaspoon Ginger Garlic Paste,1-1/2,teaspoon,Ginger Garlic Paste,Ginger Garlic Paste,1/2,teaspoon,,,,,Ginger Garlic Paste,,False,True,False,False,qty
59,5,1/2 Turmeric powder (Haldi),1/2,,Turmeric powder (Haldi),Turmeric powder (Haldi),1/2,,,,,,Turmeric powder (Haldi),,False,False,False,False,
59,6,1 tablespoon Red Chilli powder - (add more if you like more spicy),1,tablespoon,Red Chilli powder,Red Chilli powder,1,tablespoon,,(add more if you like more spicy),,,Red Chilli powder,(add more if you like more spicy),False,False,False,True,state
59,7,1 tablespoon Coriander Powder (Dhania),1,tablespoon,Coriander Powder (Dhania),Coriander Powder (Dhania),1,tablespoon,,,,,Coriander Powder (Dhania),,False,False,False,False,
59,8,1 teaspoon Fennel Powder,1,teaspoon,Fennel Powder,Fennel Powder,1,teaspoon,,,,,Fennel Powder,,False,False,False,False,
59,9,1-1/2 teaspoon Black pepper powder,1-1/2,teaspoon,Black pepper powder,Black pepper powder,1/2,teaspoon,,,,,Black pepper powder,,False,True,False,False,qty
59,10,4 Kokum (Malabar Tamarind),4,,Kokum (Malabar Tamarind),Kokum (Malabar Tamarind),4,,,,,,Kokum (Malabar Tamarind),,False,False,False,False,
59,11,4 tablespoon Coconut Oil,4,tablespoon,Coconut Oil,Coconut Oil,4,tablespoon,,,,,Coconut Oil,,False,False,False,False,
59,12,1 teaspoon Mustard seeds,1,teaspoon,Mustard seeds,Mustard seeds,1,teaspoon,,,,,Mustard seeds,,False,False,False,False,
59,13,1 sprig Curry leaves,1,sprig,Curry leaves,Curry leaves,1,sprig,,,,,Curry leaves,,False,False,False,False,
59,14,Salt - to taste,,,Salt,Salt,,,,to taste,,,Salt,to taste,False,False,False,True,state
59,15,Water - as required,,,Water,Water,,,,as required,,,Water,as required,False,False,False,True,state
60,1,2 Mango (Ripe) - peeled and chopped roughly (reserve the seeds),2,,Mango (Ripe),Mango (Ripe),2,,peeled and chopped roughly (reserve the seeds),,,,Mango (Ripe),peeled and chopped roughly (reserve the seeds),False,False,False,False,
60,2,Salt - to taste,,,Salt,Salt,,,,to taste,,,Salt,to taste,False,False,False,True,state
60,3,1 teaspoon Turmeric powder (Haldi),1,teaspoon,Turmeric powder (Haldi),Turmeric powder (Haldi),1,teaspoon,,,,,Turmeric powder (Haldi),,False,False,False,False,
60,4,1 teaspoon Red Chilli powder - (add according to taste),1,teaspoon,Red Chilli powder,Red Chilli powder,1,teaspoon,,(add according to taste),,,Red Chilli powder,(add according to taste),False,False,False,True,state
60,5,2 sprig Curry leaves,2,sprig,Curry leaves,Curry leaves,2,sprigs,,,,,Curry leaves,,False,False,False,False,
60,6,2 teaspoons Mustard seeds - ground coarsely using a mortar pestle/ spice grinder,2,teaspoons,Mustard seeds,Mustard seeds spice grinder,2,teaspoon,ground coarsely using a mortar pestle,,,,Mustard seeds spice grinder,ground coarsely using a mortar pestle/ spice grinder,True,False,False,False,name
60,7,3 tablespoons Fresh coconut - grated,3,tablespoons,Fresh coconut,Fresh coconut,3,tablespoon,grated,,,Fresh,Fresh coconut,grated,False,False,False,False,
60,8,1/2 tablespoon Jaggery - powdered,1/2,tablespoon,Jaggery,Jaggery,1/2,tablespoon,powdered,,,,Jaggery,powdered,False,False,False,False,
61,1,2 eggs - boiled and cut into pieces,2,,eggs,eggs,2,,boiled and cut into pieces,,,,eggs,boiled and cut into pieces,False,False,False,False,
61,2,2 onions - finely chopped,2,,onions,onions,2,,finely chopped,,,,onions,finely chopped,False,False,False,False,
61,3,2 tomatoes - finely chopped,2,,tomatoes,tomatoes,2,,finely chopped,,,,tomatoes,finely chopped,False,False,False,False,
61,4,2 cloves garlic - finely chopped,2,cloves,garlic,garlic,2,cloves,finely chopped,,,,garlic,finely chopped,False,False,False,False,
61,5,1 ginger - finely chopped,1,,ginger,ginger,1,,finely chopped,,,,ginger,finely chopped,False,False,False,False,
61,6,1 sprig curry leaves,1,sprig,curry leaves,curry leaves,1,sprig,,,,,curry leaves,,False,False,False,False,
61,7,3/4 teaspoon hot Masala powder,3/4,teaspoon,hot Masala powder,hot Masala powder,3/4,teaspoon,,,,,hot Masala powder,,False,False,False,False,
61,8,1/4 teaspoon black pepper powder,1/4,teaspoon,black pepper powder,black pepper powder,1/4,teaspoon,,,,,black pepper powder,,False,False,False,False,
61,9,1 teaspoon Kashmiri red chilli powder,1,teaspoon,Kashmiri red chilli powder,Kashmiri red chilli powder,1,teaspoon,,,,,Kashmiri red chilli powder,,False,False,False,False,
61,10,1/4 teaspoon coriander powder,1/4,teaspoon,coriander powder,coriander powder,1/4,teaspoon,,,,,coriander powder,,False,False,False,False,
61,11,1/4 teaspoon turmeric powder,1/4,teaspoon,turmeric powder,turmeric powder,1/4,teaspoon,,,,,turmeric powder,,False,False,False,False,
61,12,coriander leaves - finely chopped,,,coriander leaves,coriander leaves,,,finely chopped,,,,coriander leaves,finely chopped,False,False,False,False,
61,13,1/4 cup water,1/4,cup,water,water,1/4,cup,,,,,water,,False,False,False,False,
61,14,2 Tablespoon coconut oil,2,Tablespoon,coconut oil,coconut oil,2,Tablespoons,,,,,coconut oil,,False,False,False,False,
61,15,salt - to taste,,,salt,salt,,,,to taste,,,salt,to taste,False,False,False,True,state
62,1,4 Crabs,4,,Crabs,Crabs,4,,,,,,Crabs,,False,False,False,False,
62,2,6 Fresh coconut - chunks,6,,Fresh coconut,Fresh coconut - chunks,6,,,,,Fresh,Fresh coconut - chunks,chunks,True,False,False,True,name;state
62,3,5 sprig Coriander (Dhania) Leaves,5,sprig,Coriander (Dhania) Leaves,Coriander (Dhania),5,sprigs,,Leaves,,,Coriander (Dhania) Leaves,,False,False,False,False,
62,4,1 inch Cinnamon Stick (Dalchini),1,inch,Cinnamon Stick (Dalchini),Cinnamon Sticks (Dalchini),,,,,,,Cinnamon Sticks (Dalchini),,True,True,True,False,name;qty;unit
62,5,1 Bay leaf (tej patta),1,,Bay leaf (tej patta),Bay leaves (tej patta),1,,,,,,Bay leaves (tej patta),,True,False,False,False,name
62,6,2 inch Ginger,2,inch,Ginger,Ginger,,,,,,,Ginger,,False,True,True,False,qty;unit
62,7,4 cloves Garlic,4,cloves,Garlic,Garlic,4,cloves,,,,,Garlic,,False,False,False,False,
62,8,3/4 cup Onion - fried,3/4,cup,Onion,Onion,3/4,cup,fried,,,,Onion,fried,False,False,False,False,
62,9,1 Onion - chopped,1,,Onion,Onion,1,,chopped,,,,Onion,chopped,False,False,False,False,
62,10,2 Tomato - finely chopped,2,,Tomato,Tomato,2,,finely chopped,,,,Tomato,finely chopped,False,False,False,False,
62,11,2 teaspoons Kashmiri Red Chilli Powder - adjustable,2,teaspoons,Kashmiri Red Chilli Powder,Kashmiri Red Chilli Powder,2,teaspoon,,adjustable,,,Kashmiri Red Chilli Powder,adjustable,False,False,False,True,state
62,12,1 teaspoons Red Chilli powder - adjustable,1,teaspoons,Red Chilli powder,Red Chilli powder,1,teaspoon,,adjustable,,,Red Chilli powder,adjustable,False,False,False,True,state
62,13,1 tablespoon Coriander Powder (Dhania),1,tablespoon,Coriander Powder (Dhania),Coriander Powder (Dhania),1,tablespoon,,,,,Coriander Powder (Dhania),,False,False,False,False,
62,14,1 teaspoon Turmeric powder (Haldi),1,teaspoon,Turmeric powder (Haldi),Turmeric powder (Haldi),1,teaspoon,,,,,Turmeric powder (Haldi),,False,False,False,False,
62,15,Salt - to taste,,,Salt,Salt,,,,to taste,,,Salt,to taste,False,False,False,True,state
62,16,Sunflower Oil - as required,,,Sunflower Oil,Sunflower Oil,,,,as required,,,Sunflower Oil,as required,False,False,False,True,state
63,1,4 cups Water,4,cups,Water,Water,4,cup,,,,,Water,,False,False,False,False,
63,2,1 tablespoon Dry ginger powder,1,tablespoon,Dry ginger powder,Dry ginger powder,1,tablespoon,,,,Dry,Dry ginger powder,,False,False,False,False,
63,3,1 teaspoon Black pepper powder,1,teaspoon,Black pepper powder,Black pepper powder,1,teaspoon,,,,,Black pepper powder,,False,False,False,False,
63,4,1 tablespoon Instant Coffee Powder,1,tablespoon,Instant Coffee Powder,Instant Coffee Powder,1,tablespoon,,,,,Instant Coffee Powder,,False,False,False,False,
63,5,20 Tulsi (holy basil),20,,Tulsi (holy basil),Tulsi,20,,,(holy basil),,,Tulsi (holy basil),,False,False,False,False,
63,6,1 teaspoon Cumin seeds (Jeera),1,teaspoon,Cumin seeds (Jeera),Cumin seeds (Jeera),1,teaspoon,,,,,Cumin seeds (Jeera),,False,False,False,False,
63,7,4 Cardamom (Elaichi) Pods/Seeds,4,,Cardamom (Elaichi) Pods/Seeds,Cardamom (Elaichi) Seeds,4,Pods,,,,,Cardamom (Elaichi) Pods/Seeds,,False,False,True,False,unit
63,8,3 tablespoons Jaggery - (adjust to taste),3,tablespoons,Jaggery,Jaggery,3,tablespoon,,(adjust to taste),,,Jaggery,(adjust to taste),False,False,False,True,state
63,9,1/4 teaspoon Salt - or to taste,1/4,teaspoon,Salt,Salt,1/4,teaspoon,,or to taste,,,Salt,or to taste,False,False,False,True,state
64,1,2 cups Elephant yam (Suran/Senai/Ratalu) - chopped into small cubes,2,cups,Elephant yam (Suran/Senai/Ratalu),Elephant yam Ratalu,2,cup,chopped into small cubes,Suran/Senai,,,Elephant yam (Suran/Senai/Ratalu),chopped into small cubes,False,False,False,False,
64,2,1 tablespoon Red Chilli powder,1,tablespoon,Red Chilli powder,Red Chilli powder,1,tablespoon,,,,,Red Chilli powder,,False,False,False,False,
64,3,1 teaspoon Turmeric powder (Haldi),1,teaspoon,Turmeric powder (Haldi),Turmeric powder (Haldi),1,teaspoon,,,,,Turmeric powder (Haldi),,False,False,False,False,
64,4,1 tablespoon Fennel seeds (Saunf) - pound,1,tablespoon,Fennel seeds (Saunf),Fennel seeds (Saunf),1,pound * tablespoon,,,,,Fennel seeds (Saunf),pound,False,False,True,True,unit;state
64,5,1 teaspoon Black pepper powder,1,teaspoon,Black pepper powder,Black pepper powder,1,teaspoon,,,,,Black pepper powder,,False,False,False,False,
64,6,1 teaspoon Mustard seeds,1,teaspoon,Mustard seeds,Mustard seeds,1,teaspoon,,,,,Mustard seeds,,False,False,False,False,
64,7,1 sprig Curry leaves,1,sprig,Curry leaves,Curry leaves,1,sprig,,,,,Curry leaves,,False,False,False,False,
64,8,1 tablespoon Coconut Oil,1,tablespoon,Coconut Oil,Coconut Oil,1,tablespoon,,,,,Coconut Oil,,False,False,False,False,
64,9,1 cup Pearl onions (Sambar Onions),1,cup,Pearl onions (Sambar Onions),Pearl onions (Sambar Onions),1,cup,,,,,Pearl onions (Sambar Onions),,False,False,False,False,
64,10,6 cloves Garlic,6,cloves,Garlic,Garlic,6,cloves,,,,,Garlic,,False,False,False,False,
65,1,1 cup Jackfruit Raw (Kathal) - chopped finely,1,cup,Jackfruit Raw (Kathal),Jackfruit Raw (Kathal),1,cup,chopped finely,,,,Jackfruit Raw (Kathal),chopped finely,False,False,False,False,
65,2,1 cup Brown Rice,1,cup,Brown Rice,Brown Rice,1,cup,,,,,Brown Rice,,False,False,False,False,
65,3,1 cup Milk,1,cup,Milk,Milk,1,cup,,,,,Milk,,False,False,False,False,
65,4,1 Cardamom (Elaichi) Pods/Seeds,1,,Cardamom (Elaichi) Pods/Seeds,Cardamom (Elaichi) Seeds,1,Pod,,,,,Cardamom (Elaichi) Pods/Seeds,,False,False,True,False,unit
65,5,1 tablespoon Ghee,1,tablespoon,Ghee,Ghee,1,tablespoon,,,,,Ghee,,False,False,False,False,
65,6,2 teaspoon Cashew nuts - chopped,2,teaspoon,Cashew nuts,Cashew nuts,2,teaspoon,chopped,,,,Cashew nuts,chopped,False,False,False,False,
66,1,2 cups Rice - raw,2,cups,Rice,Rice,2,cup,raw,,,,Rice,raw,False,False,False,False,
66,2,1 cup Cooked rice,1,cup,Cooked rice,rice,1,cup,Cooked,,,,Cooked rice,,False,False,False,False,
66,3,1 cup Fresh coconut - freshly grated,1,cup,Fresh coconut,Fresh coconut,1,cup,freshly grated,,,Fresh,Fresh coconut,freshly grated,False,False,False,False,
66,4,1 teaspoon Active dry yeast -  + 1/2 cup of luke warm water,1,teaspoon,Active dry yeast,Active dry yeast; luke warm water,1,teaspoon,,,,Dry,Active dry yeast; luke warm water,+ 1/2 cup of luke warm water,True,False,False,True,name;state
66,5,2 tablespoons Sugar,2,tablespoons,Sugar,Sugar,2,tablespoon,,,,,Sugar,,False,False,False,False,
66,6,Salt - to taste,,,Salt,Salt,,,,to taste,,,Salt,to taste,False,False,False,True,state
67,1,1 Drumstick - chopped to about 1.5 inch,1,,Drumstick,Drumstick,1,,chopped to about 1.5 inch,,,,Drumstick,chopped to about 1.5 inch,False,False,False,False,
67,2,1 Mango (Raw) - peeled & chopped to bite-size,1,,Mango (Raw),Mango (Raw),1,,peeled & chopped to bite-size,,,,Mango (Raw),peeled & chopped to bite-size,False,False,False,False,
67,3,1 Green Chilli,1,,Green Chilli,Green Chilli,1,,,,,,Green Chilli,,False,False,False,False,
67,4,1 cup Water,1,cup,Water,Water,1,cup,,,,,Water,,False,False,False,False,
67,5,Salt - to taste,,,Salt,Salt,,,,to taste,,,Salt,to taste,False,False,False,True,state
67,6,1/2 cup Arhar dal (Split Toor Dal) - soaked for 30 minutes,1/2,cup,Arhar dal (Split Toor Dal),Arhar dal (Split Toor Dal),1/2,cup,soaked for 30 minutes,,,,Arhar dal (Split Toor Dal),soaked for 30 minutes,False,False,False,False,
67,7,1/4 teaspoon Turmeric powder (Haldi),1/4,teaspoon,Turmeric powder (Haldi),Turmeric powder (Haldi),1/4,teaspoon,,,,,Turmeric powder (Haldi),,False,False,False,False,
67,8,2 cups Water,2,cups,Water,Water,2,cup,,,,,Water,,False,False,False,False,
67,9,1/4 cup Fresh coconut - grated,1/4,cup,Fresh coconut,Fresh coconut,1/4,cup,grated,,,Fresh,Fresh coconut,grated,False,False,False,False,
67,10,1 teaspoon Cumin seeds (Jeera),1,teaspoon,Cumin seeds (Jeera),Cumin seeds (Jeera),1,teaspoon,,,,,Cumin seeds (Jeera),,False,False,False,False,
67,11,2 Green Chillies,2,,Green Chillies,Green Chillies,2,,,,,,Green Chillies,,False,False,False,False,
67,12,2-1/2 tablespoons Water,2-1/2,tablespoons,Water,Water,1/2,tablespoon,,,,,Water,,False,True,False,False,qty
67,13,1-1/2 teaspoons Coconut Oil,1-1/2,teaspoons,Coconut Oil,Coconut Oil,1/2,teaspoon,,,,,Coconut Oil,,False,True,False,False,qty
67,14,1/4 teaspoon Mustard seeds,1/4,teaspoon,Mustard seeds,Mustard seeds,1/4,teaspoon,,,,,Mustard seeds,,False,False,False,False,
67,15,1/4 teaspoon White Urad Dal (Split),1/4,teaspoon,White Urad Dal (Split),White Urad Dal (Split),1/4,teaspoon,,,,,White Urad Dal (Split),,False,False,False,False,
67,16,2 Dry Red Chillies,2,,Dry Red Chillies,Dry Red Chillies,2,,,,,Dry,Dry Red Chillies,,False,False,False,False,
67,17,1 sprig Curry leaves,1,sprig,Curry leaves,Curry leaves,1,sprig,,,,,Curry leaves,,False,False,False,False,
68,1,1 cup Rice flour,1,cup,Rice flour,Rice flour,1,cup,,,,,Rice flour,,False,False,False,False,
68,2,1/2 cup All Purpose Flour (Maida),1/2,cup,All Purpose Flour (Maida),All Purpose Flour (Maida),1/2,cup,,,,,All Purpose Flour (Maida),,False,False,False,False,
68,3,1 teaspoon Dry ginger powder,1,teaspoon,Dry ginger powder,Dry ginger powder,1,teaspoon,,,,Dry,Dry ginger powder,,False,False,False,False,
68,4,1/2 teaspoon Cardamom Powder (Elaichi),1/2,teaspoon,Cardamom Powder (Elaichi),Cardamom Powder (Elaichi),1/2,teaspoon,,,,,Cardamom Powder (Elaichi),,False,False,False,False,
68,5,2 Ripe Bananas - mashed,2,,Ripe Bananas,Ripe Bananas,2,,mashed,,,,Ripe Bananas,mashed,False,False,False,False,
68,6,4 tablespoon Jaggery,4,tablespoon,Jaggery,Jaggery,4,tablespoon,,,,,Jaggery,,False,False,False,False,
68,7,2 tablespoon Cashew nuts - ground,2,tablespoon,Cashew nuts,Cashew nuts,2,tablespoon,ground,,,,Cashew nuts,ground,False,False,False,False,
68,8,1 pinch Salt,1,pinch,Salt,Salt,1,pinch,,,,,Salt,,False,False,False,False,
68,9,Ghee - for cooking,,,Ghee,Ghee,,,,,for cooking,,Ghee,for cooking,False,False,False,True,state
69,1,500 grams Mutton - with bone (adds flavour),500,grams,Mutton,Mutton (adds flavour),500,gram,,with bone,,,Mutton (adds flavour),with bone (adds flavour),True,False,False,True,name;state
69,2,1/2 teaspoon Black pepper powder,1/2,teaspoon,Black pepper powder,Black pepper powder,1/2,teaspoon,,,,,Black pepper powder,,False,False,False,False,
69,3,Salt - as per your taste,,,Salt,Salt,,,,as per your taste,,,Salt,as per your taste,False,False,False,True,state
69,4,1/4 teaspoon Turmeric powder (Haldi),1/4,teaspoon,Turmeric powder (Haldi),Turmeric powder (Haldi),1/4,teaspoon,,,,,Turmeric powder (Haldi),,False,False,False,False,
69,5,3 tablespoons Coconut Oil,3,tablespoons,Coconut Oil,Coconut Oil,3,tablespoon,,,,,Coconut Oil,,False,False,False,False,
69,6,1 Onion - finely chopped,1,,Onion,Onion,1,,finely chopped,,,,Onion,finely chopped,False,False,False,False,
69,7,1 Tomato - finely chopped,1,,Tomato,Tomato,1,,finely chopped,,,,Tomato,finely chopped,False,False,False,False,
69,8,2 inch Ginger - finely chopped,2,inch,Ginger,Ginger,,,finely chopped,,,,Ginger,finely chopped,False,True,True,False,qty;unit
69,9,6 cloves Garlic - finely chopped,6,cloves,Garlic,Garlic,6,cloves,finely chopped,,,,Garlic,finely chopped,False,False,False,False,
69,10,3/4 teaspoon Red Chilli powder,3/4,teaspoon,Red Chilli powder,Red Chilli powder,3/4,teaspoon,,,,,Red Chilli powder,,False,False,False,False,
69,11,1/4 teaspoon Turmeric powder (Haldi),1/4,teaspoon,Turmeric powder (Haldi),Turmeric powder (Haldi),1/4,teaspoon,,,,,Turmeric powder (Haldi),,False,False,False,False,
69,12,1/4 teaspoon Coriander Powder (Dhania),1/4,teaspoon,Coriander Powder (Dhania),Coriander Powder (Dhania),1/4,teaspoon,,,,,Coriander Powder (Dhania),,False,False,False,False,
69,13,1/2 teaspoon Garam masala powder,1/2,teaspoon,Garam masala powder,Garam masala powder,1/2,teaspoon,,,,,Garam masala powder,,False,False,False,False,
69,14,1/2 teaspoon Fennel seeds (Saunf),1/2,teaspoon,Fennel seeds (Saunf),Fennel seeds (Saunf),1/2,teaspoon,,,,,Fennel seeds (Saunf),,False,False,False,False,
69,15,2 sprig Curry leaves,2,sprig,Curry leaves,Curry leaves,2,sprigs,,,,,Curry leaves,,False,False,False,False,
69,16,Salt - as per your taste,,,Salt,Salt,,,,as per your taste,,,Salt,as per your taste,False,False,False,True,state
70,1,500 grams Tapioca root - skin peeled and chopped into small cubes,500,grams,Tapioca root,Tapioca root,500,gram,skin peeled and chopped into small cubes,,,,Tapioca root,skin peeled and chopped into small cubes,False,False,False,False,
70,2,250 grams Chicken - minced,250,grams,Chicken,Chicken,250,gram,minced,,,,Chicken,minced,False,False,False,False,
70,3,1 Onion - sliced,1,,Onion,Onion,1,,sliced,,,,Onion,sliced,False,False,False,False,
70,4,5 cloves Garlic - chopped,5,cloves,Garlic,Garlic,5,cloves,chopped,,,,Garlic,chopped,False,False,False,False,
70,5,1 inch Ginger - chopped,1,inch,Ginger,Ginger,,,chopped,,,,Ginger,chopped,False,True,True,False,qty;unit
70,6,1 sprig Curry leaves,1,sprig,Curry leaves,Curry leaves,1,sprig,,,,,Curry leaves,,False,False,False,False,
70,7,1 Green Chilli - sliced,1,,Green Chilli,Green Chilli,1,,sliced,,,,Green Chilli,sliced,False,False,False,False,
70,8,1 teaspoon Turmeric powder (Haldi),1,teaspoon,Turmeric powder (Haldi),Turmeric powder (Haldi),1,teaspoon,,,,,Turmeric powder (Haldi),,False,False,False,False,
70,9,1 teaspoon Red Chilli powder,1,teaspoon,Red Chilli powder,Red Chilli powder,1,teaspoon,,,,,Red Chilli powder,,False,False,False,False,
70,10,2 teaspoons Garam masala powder,2,teaspoons,Garam masala powder,Garam masala powder,2,teaspoon,,,,,Garam masala powder,,False,False,False,False,
70,11,1 teaspoon Black pepper powder,1,teaspoon,Black pepper powder,Black pepper powder,1,teaspoon,,,,,Black pepper powder,,False,False,False,False,
70,12,3 tablespoons Fresh coconut - grated,3,tablespoons,Fresh coconut,Fresh coconut,3,tablespoon,grated,,,Fresh,Fresh coconut,grated,False,False,False,False,
70,13,Salt - to taste,,,Salt,Salt,,,,to taste,,,Salt,to taste,False,False,False,True,state
70,14,Coconut Oil - for cooking,,,Coconut Oil,Coconut Oil,,,,,for cooking,,Coconut Oil,for cooking,False,False,False,True,state
71,1,5 tomatoes - finely chopped,5,,tomatoes,tomatoes,5,,finely chopped,,,,tomatoes,finely chopped,False,False,False,False,
71,2,2 green chillies - chopped,2,,green chillies,green chillies,2,,chopped,,,,green chillies,chopped,False,False,False,False,
71,3,1/4 teaspoon turmeric powder,1/4,teaspoon,turmeric powder,turmeric powder,1/4,teaspoon,,,,,turmeric powder,,False,False,False,False,
71,4,1/2 teaspoon red chilli powder,1/2,teaspoon,red chilli powder,red chilli powder,1/2,teaspoon,,,,,red chilli powder,,False,False,False,False,
71,5,salt - to taste,,,salt,salt,,,,to taste,,,salt,to taste,False,False,False,True,state
71,6,1 teaspoon coconut oil,1,teaspoon,coconut oil,coconut oil,1,teaspoon,,,,,coconut oil,,False,False,False,False,
71,7,1/2 teaspoon mustard,1/2,teaspoon,mustard,mustard,1/2,teaspoon,,,,,mustard,,False,False,False,False,
71,8,1 cast Curry leaves,1,,cast Curry leaves,cast Curry leaves,1,,,,,,cast Curry leaves,,False,False,False,False,
71,9,1/4 cup coconut - chopped,1/4,cup,coconut,coconut,1/4,cup,chopped,,,,coconut,chopped,False,False,False,False,
71,10,1 teaspoon cumin seeds,1,teaspoon,cumin seeds,cumin seeds,1,teaspoon,,,,,cumin seeds,,False,False,False,False,
71,11,5 onions - halved,5,,onions,onions,5,,halved,,,,onions,halved,False,False,False,False,
72,1,500 grams okra - cut,500,grams,okra,okra,500,gram,cut,,,,okra,cut,False,False,False,False,
72,2,10 small onions - finely chopped,10,,small onions,onions,10,,finely chopped,,,,small onions,finely chopped,False,False,False,False,
72,3,1/4 cup coconut - grated,1/4,cup,coconut,coconut,1/4,cup,grated,,,,coconut,grated,False,False,False,False,
72,4,2 green chillies - finely chopped,2,,green chillies,green chillies,2,,finely chopped,,,,green chillies,finely chopped,False,False,False,False,
72,5,1 sprig curry leaves,1,sprig,curry leaves,curry leaves,1,sprig,,,,,curry leaves,,False,False,False,False,
72,6,1/2 teaspoon mustard,1/2,teaspoon,mustard,mustard,1/2,teaspoon,,,,,mustard,,False,False,False,False,
72,7,1/2 teaspoon turmeric Powder,1/2,teaspoon,turmeric Powder,turmeric Powder,1/2,teaspoon,,,,,turmeric Powder,,False,False,False,False,
72,8,salt - as per taste,,,salt,salt,,,,as per taste,,,salt,as per taste,False,False,False,True,state
72,9,oil - as per use,,,oil,oil,,,,as per use,,,oil,as per use,False,False,False,True,state
73,1,4 tomatoes - chopped,4,,tomatoes,tomatoes,4,,chopped,,,,tomatoes,chopped,False,False,False,False,
73,2,oil - as per use,,,oil,oil,,,,as per use,,,oil,as per use,False,False,False,True,state
73,3,1 tablespoon rye,1,tablespoon,rye,rye,1,tablespoon,,,,,rye,,False,False,False,False,
73,4,3 dry red chillies - broken,3,,dry red chillies,dry red chillies,3,,broken,,,Dry,dry red chillies,broken,False,False,False,False,
73,5,5 curry leaves,5,,curry leaves,curry leaves,5,,,,,,curry leaves,,False,False,False,False,
73,6,2 onions - finely chopped,2,,onions,onions,2,,finely chopped,,,,onions,finely chopped,False,False,False,False,
73,7,1 tablespoon ginger garlic paste,1,tablespoon,ginger garlic paste,ginger garlic paste,1,tablespoon,,,,,ginger garlic paste,,False,False,False,False,
73,8,2 green chillies - chopped,2,,green chillies,green chillies,2,,chopped,,,,green chillies,chopped,False,False,False,False,
73,9,1/2 tablespoon Kashmiri red chilli powder,1/2,tablespoon,Kashmiri red chilli powder,Kashmiri red chilli powder,1/2,tablespoon,,,,,Kashmiri red chilli powder,,False,False,False,False,
73,10,1/2 tablespoon turmeric powder,1/2,tablespoon,turmeric powder,turmeric powder,1/2,tablespoon,,,,,turmeric powder,,False,False,False,False,
73,11,salt - as per taste,,,salt,salt,,,,as per taste,,,salt,as per taste,False,False,False,True,state
73,12,2 tablespoons green coriander - finely chopped,2,tablespoons,green coriander,green coriander,2,tablespoon,finely chopped,,,,green coriander,finely chopped,False,False,False,False,
74,1,2 Whole Eggs - hard boiled and cut to half,2,,Whole Eggs,Whole Eggs,2,,hard boiled and cut to half,,,,Whole Eggs,hard boiled and cut to half,False,False,False,False,
74,2,7 Cashew nuts,7,,Cashew nuts,Cashew nuts,7,,,,,,Cashew nuts,,False,False,False,False,
74,3,1 Onion - chopped,1,,Onion,Onion,1,,chopped,,,,Onion,chopped,False,False,False,False,
74,4,1 Tomato - chopped,1,,Tomato,Tomato,1,,chopped,,,,Tomato,chopped,False,False,False,False,
74,5,2 Potato (Aloo),2,,Potato (Aloo),Potato (Aloo),2,,,,,,Potato (Aloo),,False,False,False,False,
74,6,1 inch Ginger,1,inch,Ginger,Ginger,,,,,,,Ginger,,False,True,True,False,qty;unit
74,7,3 Garlic,3,,Garlic,Garlic,3,,,,,,Garlic,,False,False,False,False,
74,8,2 teaspoon Coriander Powder (Dhania),2,teaspoon,Coriander Powder (Dhania),Coriander Powder (Dhania),2,teaspoon,,,,,Coriander Powder (Dhania),,False,False,False,False,
74,9,1 teaspoon Red Chilli powder,1,teaspoon,Red Chilli powder,Red Chilli powder,1,teaspoon,,,,,Red Chilli powder,,False,False,False,False,
74,10,1/2 teaspoon Turmeric powder (Haldi),1/2,teaspoon,Turmeric powder (Haldi),Turmeric powder (Haldi),1/2,teaspoon,,,,,Turmeric powder (Haldi),,False,False,False,False,
74,11,1/4 teaspoon Garam masala powder,1/4,teaspoon,Garam masala powder,Garam masala powder,1/4,teaspoon,,,,,Garam masala powder,,False,False,False,False,
74,12,1 tablespoon Fennel seeds (Saunf),1,tablespoon,Fennel seeds (Saunf),Fennel seeds (Saunf),1,tablespoon,,,,,Fennel seeds (Saunf),,False,False,False,False,
74,13,2 tablespoons Coriander (Dhania) Leaves - chopped,2,tablespoons,Coriander (Dhania) Leaves,Coriander (Dhania),2,tablespoon,chopped,Leaves,,,Coriander (Dhania) Leaves,chopped,False,False,False,False,
74,14,2 sprig Curry leaves,2,sprig,Curry leaves,Curry leaves,2,sprigs,,,,,Curry leaves,,False,False,False,False,
74,15,Sunflower Oil - as required,,,Sunflower Oil,Sunflower Oil,,,,as required,,,Sunflower Oil,as required,False,False,False,True,state
74,16,Salt - to taste,,,Salt,Salt,,,,to taste,,,Salt,to taste,False,False,False,True,state
75,1,2 brinjals - finely chopped,2,,brinjals,brinjals,2,,finely chopped,,,,brinjals,finely chopped,False,False,False,False,
75,2,1/4 teaspoon mustard,1/4,teaspoon,mustard,mustard,1/4,teaspoon,,,,,mustard,,False,False,False,False,
75,3,1 onion - finely chopped,1,,onion,onion,1,,finely chopped,,,,onion,finely chopped,False,False,False,False,
75,4,2 green chillies - thin and straight cut,2,,green chillies,green chillies,2,,thin and straight cut,,,,green chillies,thin and straight cut,False,False,False,False,
75,5,turmeric powder - a pinch,,,turmeric powder,turmeric powder,,,,a pinches,,,turmeric powder,a pinch,False,False,False,True,state
75,6,1/2 tablespoon coriander powder,1/2,tablespoon,coriander powder,coriander powder,1/2,tablespoon,,,,,coriander powder,,False,False,False,False,
75,7,1/2 teaspoon Fennel - or cumin,1/2,teaspoon,Fennel,Fennel; cumin,1/2,teaspoon,,,,,Fennel; cumin,or cumin,True,False,False,True,name;state
75,8,1/2 teaspoon fenugreek seeds - grind,1/2,teaspoon,fenugreek seeds,fenugreek seeds,1/2,teaspoon,,grinds,,,fenugreek seeds,grind,False,False,False,True,state
75,9,1 tomato - finely chopped,1,,tomato,tomato,1,,finely chopped,,,,tomato,finely chopped,False,False,False,False,
75,10,1/2 cup coconut milk - thick,1/2,cup,coconut milk,coconut milk,1/2,cup,thick,,,,coconut milk,thick,False,False,False,False,
75,11,coconut oil - as per use,,,coconut oil,coconut oil,,,,as per use,,,coconut oil,as per use,False,False,False,True,state
75,12,2 sprig curry leaves,2,sprig,curry leaves,curry leaves,2,sprigs,,,,,curry leaves,,False,False,False,False,
75,13,3 sprig coriander - Finely chop,3,sprig,coriander,coriander,3,sprigs,Finely chop,,,,coriander,Finely chop,False,False,False,False,
76,1,5 Fish fillet,5,,Fish fillet,Fish fillet,5,,,,,,Fish fillet,,False,False,False,False,
76,2,1 teaspoon Ginger Garlic Paste,1,teaspoon,Ginger Garlic Paste,Ginger Garlic Paste,1,teaspoon,,,,,Ginger Garlic Paste,,False,False,False,False,
76,3,1 tablespoon Red Chilli powder - (adjust),1,tablespoon,Red Chilli powder,Red Chilli powder - (adjust),1,tablespoon,,,,,Red Chilli powder - (adjust),(adjust),True,False,False,True,name;state
76,4,1/2 teaspoon Turmeric powder (Haldi),1/2,teaspoon,Turmeric powder (Haldi),Turmeric powder (Haldi),1/2,teaspoon,,,,,Turmeric powder (Haldi),,False,False,False,False,
76,5,Black pepper powder - freshly ground to taste,,,Black pepper powder,Black pepper powder,,,freshly ground,to taste,,,Black pepper powder,freshly ground to taste,False,False,False,False,
76,6,1/2 Lemon - juiced,1/2,,Lemon,Lemon,1/2,,juiced,,,,Lemon,juiced,False,False,False,False,
76,7,Salt - to taste,,,Salt,Salt,,,,to taste,,,Salt,to taste,False,False,False,True,state
76,8,Coconut Oil - for shallow frying,,,Coconut Oil,Coconut Oil,,,,,for shallow frying,,Coconut Oil,for shallow frying,False,False,False,True,state
76,9,Curry leaves - a few sprigs,,,Curry leaves,Curry leaves,few,sprigs,,,,,Curry leaves,a few sprigs,False,True,True,True,qty;unit;state
77,1,3 Chayote,3,,Chayote,Chayote,3,,,,,,Chayote,,False,False,False,False,
77,2,1/2 cup Fresh coconut - grated,1/2,cup,Fresh coconut,Fresh coconut,1/2,cup,grated,,,Fresh,Fresh coconut,grated,False,False,False,False,
77,3,2 Green Chillies,2,,Green Chillies,Green Chillies,2,,,,,,Green Chillies,,False,False,False,False,
77,4,2 sprig Curry leaves,2,sprig,Curry leaves,Curry leaves,2,sprigs,,,,,Curry leaves,,False,False,False,False,
77,5,Cumin seeds (Jeera),,,Cumin seeds (Jeera),Cumin seeds (Jeera),,,,,,,Cumin seeds (Jeera),,False,False,False,False,
77,6,1/2 teaspoon Mustard seeds,1/2,teaspoon,Mustard seeds,Mustard seeds,1/2,teaspoon,,,,,Mustard seeds,,False,False,False,False,
77,7,1/2 teaspoon Turmeric powder (Haldi),1/2,teaspoon,Turmeric powder (Haldi),Turmeric powder (Haldi),1/2,teaspoon,,,,,Turmeric powder (Haldi),,False,False,False,False,
77,8,Salt - to taste,,,Salt,Salt,,,,to taste,,,Salt,to taste,False,False,False,True,state
78,1,1 cup Red matta rice,1,cup,Red matta rice,Red matta rice,1,cup,,,,,Red matta rice,,False,False,False,False,
78,2,1 cup Green Moong Dal (Whole),1,cup,Green Moong Dal (Whole),Green Moong Dal (Whole),1,cup,,,,,Green Moong Dal (Whole),,False,False,False,False,
78,3,1/2 cup Fresh coconut - grated,1/2,cup,Fresh coconut,Fresh coconut,1/2,cup,grated,,,Fresh,Fresh coconut,grated,False,False,False,False,
78,4,2 cloves Garlic,2,cloves,Garlic,Garlic,2,cloves,,,,,Garlic,,False,False,False,False,
78,5,1 teaspoon Cumin seeds (Jeera),1,teaspoon,Cumin seeds (Jeera),Cumin seeds (Jeera),1,teaspoon,,,,,Cumin seeds (Jeera),,False,False,False,False,
78,6,1 Green Chilli - finely chopped,1,,Green Chilli,Green Chilli,1,,finely chopped,,,,Green Chilli,finely chopped,False,False,False,False,
78,7,1 teaspoon Turmeric powder (Haldi),1,teaspoon,Turmeric powder (Haldi),Turmeric powder (Haldi),1,teaspoon,,,,,Turmeric powder (Haldi),,False,False,False,False,
78,8,2 sprig Curry leaves,2,sprig,Curry leaves,Curry leaves,2,sprigs,,,,,Curry leaves,,False,False,False,False,
78,9,Salt - to taste,,,Salt,Salt,,,,to taste,,,Salt,to taste,False,False,False,True,state
78,10,4 Papad,4,,Papad,Papad,4,,,,,,Papad,,False,False,False,False,
79,1,1-1/2 Green peas (Matar),1-1/2,,Green peas (Matar),Green peas (Matar),1/2,,,,,,Green peas (Matar),,False,True,False,False,qty
79,2,1 Onion - finely chopped,1,,Onion,Onion,1,,finely chopped,,,,Onion,finely chopped,False,False,False,False,
79,3,1/2 cup Fresh coconut - grated,1/2,cup,Fresh coconut,Fresh coconut,1/2,cup,grated,,,Fresh,Fresh coconut,grated,False,False,False,False,
79,4,4 Green Chillies,4,,Green Chillies,Green Chillies,4,,,,,,Green Chillies,,False,False,False,False,
79,5,1 teaspoon Cumin seeds (Jeera),1,teaspoon,Cumin seeds (Jeera),Cumin seeds (Jeera),1,teaspoon,,,,,Cumin seeds (Jeera),,False,False,False,False,
79,6,1 sprig Curry leaves,1,sprig,Curry leaves,Curry leaves,1,sprig,,,,,Curry leaves,,False,False,False,False,
79,7,1 teaspoon Fennel seeds (Saunf),1,teaspoon,Fennel seeds (Saunf),Fennel seeds (Saunf),1,teaspoon,,,,,Fennel seeds (Saunf),,False,False,False,False,
79,8,1 teaspoon Mustard seeds,1,teaspoon,Mustard seeds,Mustard seeds,1,teaspoon,,,,,Mustard seeds,,False,False,False,False,
79,9,Salt - to taste,,,Salt,Salt,,,,to taste,,,Salt,to taste,False,False,False,True,state
79,10,1 teaspoon Sunflower Oil,1,teaspoon,Sunflower Oil,Sunflower Oil,1,teaspoon,,,,,Sunflower Oil,,False,False,False,False,
80,1,500 grams Chicken - curry cut,500,grams,Chicken,Chicken,500,gram,curry cut,,,,Chicken,curry cut,False,False,False,False,
80,2,3 Onions - sliced,3,,Onions,Onions,3,,sliced,,,,Onions,sliced,False,False,False,False,
80,3,4 Tomatoes - chopped,4,,Tomatoes,Tomatoes,4,,chopped,,,,Tomatoes,chopped,False,False,False,False,
80,4,1 inch Ginger - minced,1,inch,Ginger,Ginger,,,minced,,,,Ginger,minced,False,True,True,False,qty;unit
80,5,10 cloves Garlic - minced,10,cloves,Garlic,Garlic,10,cloves,minced,,,,Garlic,minced,False,False,False,False,
80,6,1/2 teaspoon Red Chilli powder,1/2,teaspoon,Red Chilli powder,Red Chilli powder,1/2,teaspoon,,,,,Red Chilli powder,,False,False,False,False,
80,7,1/4 teaspoon Turmeric powder (Haldi),1/4,teaspoon,Turmeric powder (Haldi),Turmeric powder (Haldi),1/4,teaspoon,,,,,Turmeric powder (Haldi),,False,False,False,False,
80,8,2 teaspoon Chicken masala - (you can use other too but I prefer eastern masalas for kerala style preparations),2,teaspoon,Chicken masala,Chicken masala,2,teaspoon,,(you cans use other too but I prefer eastern masalas for kerala style preparations),,,Chicken masala,(you can use other too but I prefer eastern masalas for kerala style preparations),False,False,False,True,state
80,9,1 cup Fresh coconut - grated,1,cup,Fresh coconut,Fresh coconut,1,cup,grated,,,Fresh,Fresh coconut,grated,False,False,False,False,
80,10,2 Cloves (Laung),2,Cloves,(Laung),Cloves,2,,,(Laung),,,Cloves,,True,False,True,False,name;unit
80,11,1 inch Cinnamon Stick (Dalchini),1,inch,Cinnamon Stick (Dalchini),Cinnamon Sticks (Dalchini),,,,,,,Cinnamon Sticks (Dalchini),,True,True,True,False,name;qty;unit
80,12,Curry leaves - Handful,,,Curry leaves,Curry leaves,,,,Handfuls,,,Curry leaves,Handful,False,False,False,True,state
80,13,2 tablespoons Coconut Oil,2,tablespoons,Coconut Oil,Coconut Oil,2,tablespoon,,,,,Coconut Oil,,False,False,False,False,
81,1,400 grams Chicken - cut into medium sized pieces,400,grams,Chicken,Chicken,400,gram,cut into medium sized pieces,,,,Chicken,cut into medium sized pieces,False,False,False,False,
81,2,1/2 cup Curd (Dahi / Yogurt),1/2,cup,Curd (Dahi / Yogurt),Curd,1/2,cup,,(Dahi/Yogurt),,,Curd (Dahi / Yogurt),,False,False,False,False,
81,3,1 teaspoon Turmeric powder (Haldi),1,teaspoon,Turmeric powder (Haldi),Turmeric powder (Haldi),1,teaspoon,,,,,Turmeric powder (Haldi),,False,False,False,False,
81,4,1 teaspoon Sunflower Oil,1,teaspoon,Sunflower Oil,Sunflower Oil,1,teaspoon,,,,,Sunflower Oil,,False,False,False,False,
81,5,1 teaspoon Mustard seeds,1,teaspoon,Mustard seeds,Mustard seeds,1,teaspoon,,,,,Mustard seeds,,False,False,False,False,
81,6,10 Curry leaves,10,,Curry leaves,Curry leaves,10,,,,,,Curry leaves,,False,False,False,False,
81,7,1 Onion - roughly chopped,1,,Onion,Onion,1,,roughly chopped,,,,Onion,roughly chopped,False,False,False,False,
81,8,1 inch Ginger - grated,1,inch,Ginger,Ginger,,,grated,,,,Ginger,grated,False,True,True,False,qty;unit
81,9,6 to 7 cloves Garlic - finely chopped,6to7,cloves,Garlic,Garlic,6,clove,finely chopped,,,,Garlic,finely chopped,False,True,False,False,qty
81,10,Salt - as per taste,,,Salt,Salt,,,,as per taste,,,Salt,as per taste,False,False,False,True,state
81,11,40 grams Instant Oats (Oatmeal) - Masala one,40,grams,Instant Oats (Oatmeal),Instant Oats (Oatmeal),40,gram,,Masala,,,Instant Oats (Oatmeal),Masala one,False,False,False,True,state
81,12,1 tablespoon Whole Black Peppercorns,1,tablespoon,Whole Black Peppercorns,Whole Black Peppercorns,1,tablespoon,,,,,Whole Black Peppercorns,,False,False,False,False,
81,13,1 teaspoon Coriander (Dhania) Seeds,1,teaspoon,Coriander (Dhania) Seeds,Coriander (Dhania) Seeds,1,teaspoon,,,,,Coriander (Dhania) Seeds,,False,False,False,False,
81,14,1 inch Cinnamon Stick (Dalchini),1,inch,Cinnamon Stick (Dalchini),Cinnamon Sticks (Dalchini),,,,,,,Cinnamon Sticks (Dalchini),,True,True,True,False,name;qty;unit
81,15,1 teaspoon Fennel seeds (Saunf),1,teaspoon,Fennel seeds (Saunf),Fennel seeds (Saunf),1,teaspoon,,,,,Fennel seeds (Saunf),,False,False,False,False,
81,16,2 Dry Red Chillies,2,,Dry Red Chillies,Dry Red Chillies,2,,,,,Dry,Dry Red Chillies,,False,False,False,False,
82,1,250 grams Baby Potatoes - halved,250,grams,Baby Potatoes,Baby Potatoes,250,gram,halved,,,,Baby Potatoes,halved,False,False,False,False,
82,2,1/2 cup Pearl onions (Sambar Onions),1/2,cup,Pearl onions (Sambar Onions),Pearl onions (Sambar Onions),1/2,cup,,,,,Pearl onions (Sambar Onions),,False,False,False,False,
82,3,1 Tomato - finely chopped,1,,Tomato,Tomato,1,,finely chopped,,,,Tomato,finely chopped,False,False,False,False,
82,4,5 Green Chillies - slit,5,,Green Chillies,Green Chillies,5,,slit,,,,Green Chillies,slit,False,False,False,False,
82,5,1 inch Ginger - chopped,1,inch,Ginger,Ginger,,,chopped,,,,Ginger,chopped,False,True,True,False,qty;unit
82,6,5 cloves Garlic - chopped,5,cloves,Garlic,Garlic,5,cloves,chopped,,,,Garlic,chopped,False,False,False,False,
82,7,2 teaspoon Coriander Powder (Dhania),2,teaspoon,Coriander Powder (Dhania),Coriander Powder (Dhania),2,teaspoon,,,,,Coriander Powder (Dhania),,False,False,False,False,
82,8,2 tablespoon Red Chilli powder,2,tablespoon,Red Chilli powder,Red Chilli powder,2,tablespoon,,,,,Red Chilli powder,,False,False,False,False,
82,9,1/2 teaspoon Turmeric powder (Haldi),1/2,teaspoon,Turmeric powder (Haldi),Turmeric powder (Haldi),1/2,teaspoon,,,,,Turmeric powder (Haldi),,False,False,False,False,
82,10,1/2 teaspoon Garam masala powder,1/2,teaspoon,Garam masala powder,Garam masala powder,1/2,teaspoon,,,,,Garam masala powder,,False,False,False,False,
82,11,2 sprig Curry leaves,2,sprig,Curry leaves,Curry leaves,2,sprigs,,,,,Curry leaves,,False,False,False,False,
82,12,1 cup Pearl onions (Sambar Onions),1,cup,Pearl onions (Sambar Onions),Pearl onions (Sambar Onions),1,cup,,,,,Pearl onions (Sambar Onions),,False,False,False,False,
82,13,1 cup Fresh coconut - grated,1,cup,Fresh coconut,Fresh coconut,1,cup,grated,,,Fresh,Fresh coconut,grated,False,False,False,False,
82,14,1/2 teaspoon Cumin seeds (Jeera),1/2,teaspoon,Cumin seeds (Jeera),Cumin seeds (Jeera),1/2,teaspoon,,,,,Cumin seeds (Jeera),,False,False,False,False,
82,15,1 teaspoon Whole Black Peppercorns - crushed,1,teaspoon,Whole Black Peppercorns,Whole Black Peppercorns,1,teaspoon,crushed,,,,Whole Black Peppercorns,crushed,False,False,False,False,
82,16,Coconut Oil - for cooking,,,Coconut Oil,Coconut Oil,,,,,for cooking,,Coconut Oil,for cooking,False,False,False,True,state
82,17,Salt - to taste,,,Salt,Salt,,,,to taste,,,Salt,to taste,False,False,False,True,state
83,1,300 grams Kaddu (Parangikai/ Pumpkin) - peeled and chopped,300,grams,Kaddu (Parangikai/ Pumpkin),Kaddu,300,gram,peeled and chopped,(Parangikai/Pumpkin),,,Kaddu (Parangikai/ Pumpkin),peeled and chopped,False,False,False,False,
83,2,1/2 cup Fresh coconut - grated coconut to be ground,1/2,cup,Fresh coconut,Fresh coconut,1/2,cup,grated coconut to be ground,,,Fresh,Fresh coconut,grated coconut to be ground,False,False,False,False,
83,3,1/4 cup Fresh coconut - to be roasted,1/4,cup,Fresh coconut,Fresh coconut,1/4,cup,to be roasted,,,Fresh,Fresh coconut,to be roasted,False,False,False,False,
83,4,1 Green Chilli,1,,Green Chilli,Green Chilli,1,,,,,,Green Chilli,,False,False,False,False,
83,5,1-1/2 teaspoons Mustard seeds,1-1/2,teaspoons,Mustard seeds,Mustard seeds,1/2,teaspoon,,,,,Mustard seeds,,False,True,False,False,qty
83,6,2 teaspoons White Urad Dal (Split),2,teaspoons,White Urad Dal (Split),White Urad Dal (Split),2,teaspoon,,,,,White Urad Dal (Split),,False,False,False,False,
83,7,2 sprig Curry leaves,2,sprig,Curry leaves,Curry leaves,2,sprigs,,,,,Curry leaves,,False,False,False,False,
83,8,3 Dry Red Chillies,3,,Dry Red Chillies,Dry Red Chillies,3,,,,,Dry,Dry Red Chillies,,False,False,False,False,
83,9,3/4 teaspoon Turmeric powder (Haldi),3/4,teaspoon,Turmeric powder (Haldi),Turmeric powder (Haldi),3/4,teaspoon,,,,,Turmeric powder (Haldi),,False,False,False,False,
83,10,1 teaspoon Cumin seeds (Jeera),1,teaspoon,Cumin seeds (Jeera),Cumin seeds (Jeera),1,teaspoon,,,,,Cumin seeds (Jeera),,False,False,False,False,
83,11,1 tablespoon Coconut Oil,1,tablespoon,Coconut Oil,Coconut Oil,1,tablespoon,,,,,Coconut Oil,,False,False,False,False,
83,12,Salt - to taste,,,Salt,Salt,,,,to taste,,,Salt,to taste,False,False,False,True,state
84,1,3 raw bananas - peeled and cut into thin,3,,raw bananas,raw bananas,3,,peeled and cut into thin,,,,raw bananas,peeled and cut into thin,False,False,False,False,
84,2,1/2 tablespoon paprika powder,1/2,tablespoon,paprika powder,paprika powder,1/2,tablespoon,,,,,paprika powder,,False,False,False,False,
84,3,1/4 tablespoon pepper powder,1/4,tablespoon,pepper powder,pepper powder,1/4,tablespoon,,,,,pepper powder,,False,False,False,False,
84,4,salt - as per taste,,,salt,salt,,,,as per taste,,,salt,as per taste,False,False,False,True,state
84,5,1 tablespoon olive oil - as per use,1,tablespoon,olive oil,olive oil,1,tablespoon,,as per use,,,olive oil,as per use,False,False,False,True,state
85,1,1 cup Rice flour,1,cup,Rice flour,Rice flour,1,cup,,,,,Rice flour,,False,False,False,False,
85,2,1 cup Jaggery,1,cup,Jaggery,Jaggery,1,cup,,,,,Jaggery,,False,False,False,False,
85,3,1/2 cup Water,1/2,cup,Water,Water,1/2,cup,,,,,Water,,False,False,False,False,
85,4,5 Cardamom (Elaichi) Pods/Seeds,5,,Cardamom (Elaichi) Pods/Seeds,Cardamom (Elaichi) Seeds,5,Pods,,,,,Cardamom (Elaichi) Pods/Seeds,,False,False,True,False,unit
85,5,2 Ripe Bananas,2,,Ripe Bananas,Ripe Bananas,2,,,,,,Ripe Bananas,,False,False,False,False,
85,6,1 teaspoon Baking soda,1,teaspoon,Baking soda,Baking soda,1,teaspoon,,,,,Baking soda,,False,False,False,False,
85,7,Ghee - as required,,,Ghee,Ghee,,,,as required,,,Ghee,as required,False,False,False,True,state
86,1,1 cup Vellai Poosanikai (Ash gourd/White Pumpkin) - cut lengthwise,1,cup,Vellai Poosanikai (Ash gourd/White Pumpkin),Vellai Poosanikai White Pumpkin,1,cup,cut lengthwise,Ash gourd,,,Vellai Poosanikai (Ash gourd/White Pumpkin),cut lengthwise,False,False,False,False,
86,2,2 Drumstick - cut lengthwise,2,,Drumstick,Drumstick,2,,cut lengthwise,,,,Drumstick,cut lengthwise,False,False,False,False,
86,3,2 Carrots (Gajjar) - cut lengthwise,2,,Carrots (Gajjar),Carrots (Gajjar),2,,cut lengthwise,,,,Carrots (Gajjar),cut lengthwise,False,False,False,False,
86,4,10 Green beans (French Beans) -  cut lengthwise,10,,Green beans (French Beans),Green beans,10,,cut lengthwise,(French Beans),,,Green beans (French Beans),cut lengthwise,False,False,False,False,
86,5,1 Raw Banana - peeled and cut lengthwise,1,,Raw Banana,Raw Banana,1,,peeled and cut lengthwise,,,,Raw Banana,peeled and cut lengthwise,False,False,False,False,
86,6,2 Potatoes (Aloo) - peeled and cut lengthwise,2,,Potatoes (Aloo),Potatoes (Aloo),2,,peeled and cut lengthwise,,,,Potatoes (Aloo),peeled and cut lengthwise,False,False,False,False,
86,7,1 cup Elephant yam (Suran/Senai/Ratalu) - peeled and cut lengthwise,1,cup,Elephant yam (Suran/Senai/Ratalu),Elephant yam Ratalu,1,cup,peeled and cut lengthwise,Suran/Senai,,,Elephant yam (Suran/Senai/Ratalu),peeled and cut lengthwise,False,False,False,False,
86,8,1/2 teaspoon Turmeric powder (Haldi),1/2,teaspoon,Turmeric powder (Haldi),Turmeric powder (Haldi),1/2,teaspoon,,,,,Turmeric powder (Haldi),,False,False,False,False,
86,9,Salt - to taste,,,Salt,Salt,,,,to taste,,,Salt,to taste,False,False,False,True,state
86,10,1-1/2 cups Fresh coconut - grated,1-1/2,cups,Fresh coconut,Fresh coconut,1/2,cup,grated,,,Fresh,Fresh coconut,grated,False,True,False,False,qty
86,11,3 Green Chillies,3,,Green Chillies,Green Chillies,3,,,,,,Green Chillies,,False,False,False,False,
86,12,1 sprig Curry leaves,1,sprig,Curry leaves,Curry leaves,1,sprig,,,,,Curry leaves,,False,False,False,False,
86,13,1 teaspoon Cumin seeds (Jeera),1,teaspoon,Cumin seeds (Jeera),Cumin seeds (Jeera),1,teaspoon,,,,,Cumin seeds (Jeera),,False,False,False,False,
86,14,1 tablespoons Coconut Oil,1,tablespoons,Coconut Oil,Coconut Oil,1,tablespoon,,,,,Coconut Oil,,False,False,False,False,
86,15,Salt - to taste,,,Salt,Salt,,,,to taste,,,Salt,to taste,False,False,False,True,state
87,1,300 grams Jackfruit Ripe (Kathal) - chopped coarsely,300,grams,Jackfruit Ripe (Kathal),Jackfruit Ripe (Kathal),300,gram,chopped coarsely,,,,Jackfruit Ripe (Kathal),chopped coarsely,False,False,False,False,
87,2,1 cup Water,1,cup,Water,Water,1,cup,,,,,Water,,False,False,False,False,
87,3,1 teaspoon Red Chilli powder,1,teaspoon,Red Chilli powder,Red Chilli powder,1,teaspoon,,,,,Red Chilli powder,,False,False,False,False,
87,4,1/2 teaspoon Turmeric powder (Haldi),1/2,teaspoon,Turmeric powder (Haldi),Turmeric powder (Haldi),1/2,teaspoon,,,,,Turmeric powder (Haldi),,False,False,False,False,
87,5,1/2 teaspoon Black pepper powder,1/2,teaspoon,Black pepper powder,Black pepper powder,1/2,teaspoon,,,,,Black pepper powder,,False,False,False,False,
87,6,Salt - to taste,,,Salt,Salt,,,,to taste,,,Salt,to taste,False,False,False,True,state
87,7,1/2 cup Fresh coconut - grated,1/2,cup,Fresh coconut,Fresh coconut,1/2,cup,grated,,,Fresh,Fresh coconut,grated,False,False,False,False,
87,8,1 teaspoon Cumin seeds (Jeera),1,teaspoon,Cumin seeds (Jeera),Cumin seeds (Jeera),1,teaspoon,,,,,Cumin seeds (Jeera),,False,False,False,False,
87,9,1/2 cup Fresh coconut - pieces,1/2,cup,Fresh coconut,Fresh coconut,1,piece,,,,Fresh,Fresh coconut,pieces,False,True,True,True,qty;unit;state
87,10,1 sprig Curry leaves,1,sprig,Curry leaves,Curry leaves,1,sprig,,,,,Curry leaves,,False,False,False,False,
87,11,2 Dry Red Chillies,2,,Dry Red Chillies,Dry Red Chillies,2,,,,,Dry,Dry Red Chillies,,False,False,False,False,
87,12,6 cloves Garlic,6,cloves,Garlic,Garlic,6,cloves,,,,,Garlic,,False,False,False,False,
87,13,1 teaspoon Mustard seeds,1,teaspoon,Mustard seeds,Mustard seeds,1,teaspoon,,,,,Mustard seeds,,False,False,False,False,
87,14,3 teaspoon Coconut Oil,3,teaspoon,Coconut Oil,Coconut Oil,3,teaspoon,,,,,Coconut Oil,,False,False,False,False,
88,1,1 cup Rice ada,1,cup,Rice ada,Rice ada,1,cup,,,,,Rice ada,,False,False,False,False,
88,2,1 cup Jaggery - grated,1,cup,Jaggery,Jaggery,1,cup,grated,,,,Jaggery,grated,False,False,False,False,
88,3,1/2 cup Water,1/2,cup,Water,Water,1/2,cup,,,,,Water,,False,False,False,False,
88,4,1 cup Coconut milk - thick (1st extract),1,cup,Coconut milk,Coconut milk,1,cup,,thick (1st extract),,,Coconut milk,thick (1st extract),False,False,False,True,state
88,5,1-1/2 cups Coconut milk - (2nd & 3rd extract),1-1/2,cups,Coconut milk,Coconut milk,1/2,cup,,(2nd & 3rd extract),,,Coconut milk,(2nd & 3rd extract),False,True,False,True,qty;state
88,6,5 Cashew nuts,5,,Cashew nuts,Cashew nuts,5,,,,,,Cashew nuts,,False,False,False,False,
88,7,7 Raisins,7,,Raisins,Raisins,7,,,,,,Raisins,,False,False,False,False,
88,8,2 teaspoons Fresh coconut - slices,2,teaspoons,Fresh coconut,Fresh coconut,1,slice,,,,Fresh,Fresh coconut,slices,False,True,True,True,qty;unit;state
88,9,1/2 teaspoon Cardamom Powder (Elaichi),1/2,teaspoon,Cardamom Powder (Elaichi),Cardamom Powder (Elaichi),1/2,teaspoon,,,,,Cardamom Powder (Elaichi),,False,False,False,False,
88,10,Ghee - as required,,,Ghee,Ghee,,,,as required,,,Ghee,as required,False,False,False,True,state
89,1,300 grams Banana Stem - peeled and cut into dices,300,grams,Banana Stem,Banana Stems,300,gram,peeled and cut into dices,,,,Banana Stems,peeled and cut into dices,True,False,False,False,name
89,2,1/2 cup Fresh coconut - grated,1/2,cup,Fresh coconut,Fresh coconut,1/2,cup,grated,,,Fresh,Fresh coconut,grated,False,False,False,False,
89,3,2 Green Chillies,2,,Green Chillies,Green Chillies,2,,,,,,Green Chillies,,False,False,False,False,
89,4,2 sprig Curry leaves,2,sprig,Curry leaves,Curry leaves,2,sprigs,,,,,Curry leaves,,False,False,False,False,
89,5,Salt - to taste,,,Salt,Salt,,,,to taste,,,Salt,to taste,False,False,False,True,state
89,6,1 teaspoon Coconut Oil,1,teaspoon,Coconut Oil,Coconut Oil,1,teaspoon,,,,,Coconut Oil,,False,False,False,False,
89,7,1/2 teaspoon Mustard seeds,1/2,teaspoon,Mustard seeds,Mustard seeds,1/2,teaspoon,,,,,Mustard seeds,,False,False,False,False,
89,8,1 teaspoon White Urad Dal (Split),1,teaspoon,White Urad Dal (Split),White Urad Dal (Split),1,teaspoon,,,,,White Urad Dal (Split),,False,False,False,False,
89,9,1 sprig Curry leaves,1,sprig,Curry leaves,Curry leaves,1,sprig,,,,,Curry leaves,,False,False,False,False,
90,1,2 cup Rice flour,2,cup,Rice flour,Rice flour,2,cup,,,,,Rice flour,,False,False,False,False,
90,2,1/4 cup Fresh coconut - grated,1/4,cup,Fresh coconut,Fresh coconut,1/4,cup,grated,,,Fresh,Fresh coconut,grated,False,False,False,False,
90,3,1 cup Jackfruit Ripe (Kathal) - seeds removed and chopped,1,cup,Jackfruit Ripe (Kathal),Jackfruit Ripe (Kathal),1,cup,seeds removed and chopped,,,,Jackfruit Ripe (Kathal),seeds removed and chopped,False,False,False,False,
90,4,5 tablespoon Sugar,5,tablespoon,Sugar,Sugar,5,tablespoon,,,,,Sugar,,False,False,False,False,
90,5,1/4 teaspoon Salt,1/4,teaspoon,Salt,Salt,1/4,teaspoon,,,,,Salt,,False,False,False,False,
90,6,2 Cardamom (Elaichi) Pods/Seeds - powdered,2,,Cardamom (Elaichi) Pods/Seeds,Cardamom (Elaichi); Seeds,2,Pods,powdered,,,,Cardamom (Elaichi) Pods/Seeds,powdered,False,False,True,False,unit
91,1,300 grams Kaddu (Parangikai/ Pumpkin),300,grams,Kaddu (Parangikai/ Pumpkin),Kaddu,300,gram,,(Parangikai/Pumpkin),,,Kaddu (Parangikai/ Pumpkin),,False,False,False,False,
91,2,1/2 teaspoon Turmeric powder (Haldi),1/2,teaspoon,Turmeric powder (Haldi),Turmeric powder (Haldi),1/2,teaspoon,,,,,Turmeric powder (Haldi),,False,False,False,False,
91,3,2 teaspoons Jaggery,2,teaspoons,Jaggery,Jaggery,2,teaspoon,,,,,Jaggery,,False,False,False,False,
91,4,Salt - to taste,,,Salt,Salt,,,,to taste,,,Salt,to taste,False,False,False,True,state
91,5,1/2 cup Fresh coconut - grated,1/2,cup,Fresh coconut,Fresh coconut,1/2,cup,grated,,,Fresh,Fresh coconut,grated,False,False,False,False,
91,6,1 Green Chilli,1,,Green Chilli,Green Chilli,1,,,,,,Green Chilli,,False,False,False,False,
91,7,1 inch Ginger - grated,1,inch,Ginger,Ginger,,,grated,,,,Ginger,grated,False,True,True,False,qty;unit
91,8,1 sprig Curry leaves,1,sprig,Curry leaves,Curry leaves,1,sprig,,,,,Curry leaves,,False,False,False,False,
91,9,1 teaspoon Sunflower Oil,1,teaspoon,Sunflower Oil,Sunflower Oil,1,teaspoon,,,,,Sunflower Oil,,False,False,False,False,
91,10,1/2 teaspoon Mustard seeds,1/2,teaspoon,Mustard seeds,Mustard seeds,1/2,teaspoon,,,,,Mustard seeds,,False,False,False,False,
91,11,1/2 teaspoon White Urad Dal (Split),1/2,teaspoon,White Urad Dal (Split),White Urad Dal (Split),1/2,teaspoon,,,,,White Urad Dal (Split),,False,False,False,False,
91,12,1 sprig Curry leaves,1,sprig,Curry leaves,Curry leaves,1,sprig,,,,,Curry leaves,,False,False,False,False,
92,1,2 Tapioca root,2,,Tapioca root,Tapioca root,2,,,,,,Tapioca root,,False,False,False,False,
92,2,1 teaspoon Mustard seeds,1,teaspoon,Mustard seeds,Mustard seeds,1,teaspoon,,,,,Mustard seeds,,False,False,False,False,
92,3,1 cup Shallots - chopped,1,cup,Shallots,Shallots,1,cup,chopped,,,,Shallots,chopped,False,False,False,False,
92,4,1 inch Ginger - chopped,1,inch,Ginger,Ginger,,,chopped,,,,Ginger,chopped,False,True,True,False,qty;unit
92,5,1 sprig Curry leaves,1,sprig,Curry leaves,Curry leaves,1,sprig,,,,,Curry leaves,,False,False,False,False,
92,6,2 Dry Red Chilli,2,,Dry Red Chilli,Dry Red Chilli,2,,,,,Dry,Dry Red Chilli,,False,False,False,False,
92,7,2 tablespoon Fresh coconut - grated,2,tablespoon,Fresh coconut,Fresh coconut,2,tablespoon,grated,,,Fresh,Fresh coconut,grated,False,False,False,False,
92,8,1/2 teaspoon Turmeric powder (Haldi),1/2,teaspoon,Turmeric powder (Haldi),Turmeric powder (Haldi),1/2,teaspoon,,,,,Turmeric powder (Haldi),,False,False,False,False,
92,9,Salt - to taste,,,Salt,Salt,,,,to taste,,,Salt,to taste,False,False,False,True,state
92,10,Coconut Oil - for cooking,,,Coconut Oil,Coconut Oil,,,,,for cooking,,Coconut Oil,for cooking,False,False,False,True,state
93,1,1 cup Cauliflower (gobi) - florets,1,cup,Cauliflower (gobi),Cauliflower (gobi); florets,1,cup,,,,,Cauliflower (gobi); florets,florets,True,False,False,True,name;state
93,2,1/2 cup Carrots (Gajjar) - diced,1/2,cup,Carrots (Gajjar),Carrots (Gajjar),1/2,cup,diced,,,,Carrots (Gajjar),diced,False,False,False,False,
93,3,2 to 3 tablespoons Green peas (Matar) - fresh or frozen,2to3,tablespoons,Green peas (Matar),Green peas (Matar),2,tablespoon,,fresh or frozen,,Fresh,Green peas (Matar),fresh or frozen,False,True,False,True,qty;state
93,4,1 Onion - finely chopped,1,,Onion,Onion,1,,finely chopped,,,,Onion,finely chopped,False,False,False,False,
93,5,2 tablespoons Ginger Garlic Paste,2,tablespoons,Ginger Garlic Paste,Ginger Garlic Paste,2,tablespoon,,,,,Ginger Garlic Paste,,False,False,False,False,
93,6,2 Green Chillies - slit,2,,Green Chillies,Green Chillies,2,,slit,,,,Green Chillies,slit,False,False,False,False,
93,7,1 Tomato - pureed,1,,Tomato,Tomato,1,,pureed,,,,Tomato,pureed,False,False,False,False,
93,8,1/2 teaspoon Turmeric powder (Haldi),1/2,teaspoon,Turmeric powder (Haldi),Turmeric powder (Haldi),1/2,teaspoon,,,,,Turmeric powder (Haldi),,False,False,False,False,
93,9,1 teaspoon Red Chilli powder,1,teaspoon,Red Chilli powder,Red Chilli powder,1,teaspoon,,,,,Red Chilli powder,,False,False,False,False,
93,10,2 teaspoons Coriander Powder (Dhania),2,teaspoons,Coriander Powder (Dhania),Coriander Powder (Dhania),2,teaspoon,,,,,Coriander Powder (Dhania),,False,False,False,False,
93,11,1/2 teaspoon Cumin powder (Jeera),1/2,teaspoon,Cumin powder (Jeera),Cumin powder (Jeera),1/2,teaspoon,,,,,Cumin powder (Jeera),,False,False,False,False,
93,12,1 inch Cinnamon Stick (Dalchini),1,inch,Cinnamon Stick (Dalchini),Cinnamon Sticks (Dalchini),,,,,,,Cinnamon Sticks (Dalchini),,True,True,True,False,name;qty;unit
93,13,2 sprig Curry leaves,2,sprig,Curry leaves,Curry leaves,2,sprigs,,,,,Curry leaves,,False,False,False,False,
93,14,1 cup Coconut milk - thin,1,cup,Coconut milk,Coconut milk,1,cup,,thin,,,Coconut milk,thin,False,False,False,True,state
93,15,1/2 cup Coconut milk - thick,1/2,cup,Coconut milk,Coconut milk,1/2,cup,,,,,Coconut milk,thick,False,False,False,True,state
93,16,Salt - as required,,,Salt,Salt,,,,as required,,,Salt,as required,False,False,False,True,state
93,17,4 to 5 Cashew nuts - broken,4to5,,Cashew nuts,Cashew nuts,4,,broken,,,,Cashew nuts,broken,False,True,False,False,qty
93,18,Sunflower Oil - as required,,,Sunflower Oil,Sunflower Oil,,,,as required,,,Sunflower Oil,as required,False,False,False,True,state
93,19,2 tablespoons Coriander (Dhania) Leaves - finely chopped,2,tablespoons,Coriander (Dhania) Leaves,Coriander (Dhania),2,tablespoon,finely chopped,Leaves,,,Coriander (Dhania) Leaves,finely chopped,False,False,False,False,
94,1,250 grams Prawns,250,grams,Prawns,Prawns,250,gram,,,,,Prawns,,False,False,False,False,
94,2,1 cup Coconut milk,1,cup,Coconut milk,Coconut milk,1,cup,,,,,Coconut milk,,False,False,False,False,
94,3,1 teaspoon Tamarind Paste,1,teaspoon,Tamarind Paste,Tamarind Paste,1,teaspoon,,,,,Tamarind Paste,,False,False,False,False,
94,4,1 sprig Curry leaves,1,sprig,Curry leaves,Curry leaves,1,sprig,,,,,Curry leaves,,False,False,False,False,
94,5,1/2 teaspoon Mustard seeds,1/2,teaspoon,Mustard seeds,Mustard seeds,1/2,teaspoon,,,,,Mustard seeds,,False,False,False,False,
94,6,1/2 teaspoon Methi Seeds (Fenugreek Seeds),1/2,teaspoon,Methi Seeds (Fenugreek Seeds),Methi Seeds (Fenugreek Seeds),1/2,teaspoon,,,,,Methi Seeds (Fenugreek Seeds),,False,False,False,False,
94,7,2 Dry Red Chillies,2,,Dry Red Chillies,Dry Red Chillies,2,,,,,Dry,Dry Red Chillies,,False,False,False,False,
94,8,3 Pearl onions (Sambar Onions),3,,Pearl onions (Sambar Onions),Pearl onions (Sambar Onions),3,,,,,,Pearl onions (Sambar Onions),,False,False,False,False,
94,9,1 teaspoon Turmeric powder (Haldi),1,teaspoon,Turmeric powder (Haldi),Turmeric powder (Haldi),1,teaspoon,,,,,Turmeric powder (Haldi),,False,False,False,False,
94,10,1 teaspoon Kashmiri Red Chilli Powder,1,teaspoon,Kashmiri Red Chilli Powder,Kashmiri Red Chilli Powder,1,teaspoon,,,,,Kashmiri Red Chilli Powder,,False,False,False,False,
94,11,Salt - to taste,,,Salt,Salt,,,,to taste,,,Salt,to taste,False,False,False,True,state
94,12,1 teaspoon Lemon juice,1,teaspoon,Lemon juice,Lemon juice,1,teaspoon,,,,,Lemon juice,,False,False,False,False,
94,13,3 teaspoon Mustard oil,3,teaspoon,Mustard oil,Mustard oil,3,teaspoon,,,,,Mustard oil,,False,False,False,False,
94,14,3/4 cup Fresh coconut - grated,3/4,cup,Fresh coconut,Fresh coconut,3/4,cup,grated,,,Fresh,Fresh coconut,grated,False,False,False,False,
94,15,1 teaspoon Ginger - chopped,1,teaspoon,Ginger,Ginger,1,teaspoon,chopped,,,,Ginger,chopped,False,False,False,False,
94,16,2 teaspoon Garlic - chopped,2,teaspoon,Garlic,Garlic,2,teaspoon,chopped,,,,Garlic,chopped,False,False,False,False,
94,17,2 Green Chillies,2,,Green Chillies,Green Chillies,2,,,,,,Green Chillies,,False,False,False,False,
94,18,1/2 teaspoon Turmeric powder (Haldi),1/2,teaspoon,Turmeric powder (Haldi),Turmeric powder (Haldi),1/2,teaspoon,,,,,Turmeric powder (Haldi),,False,False,False,False,
94,19,1/2 teaspoon Cumin powder (Jeera),1/2,teaspoon,Cumin powder (Jeera),Cumin powder (Jeera),1/2,teaspoon,,,,,Cumin powder (Jeera),,False,False,False,False,
94,20,1 teaspoon Coriander Powder (Dhania),1,teaspoon,Coriander Powder (Dhania),Coriander Powder (Dhania),1,teaspoon,,,,,Coriander Powder (Dhania),,False,False,False,False,
95,1,2 Bay leaves (tej patta),2,,Bay leaves (tej patta),Bay leaves (tej patta),2,,,,,,Bay leaves (tej patta),,False,False,False,False,
95,2,1 Cardamom (Elaichi) Pods/Seeds,1,,Cardamom (Elaichi) Pods/Seeds,Cardamom (Elaichi) Seeds,1,Pod,,,,,Cardamom (Elaichi) Pods/Seeds,,False,False,True,False,unit
95,3,1 tablespoon Whole Black Peppercorns,1,tablespoon,Whole Black Peppercorns,Whole Black Peppercorns,1,tablespoon,,,,,Whole Black Peppercorns,,False,False,False,False,
95,4,5 Cloves (Laung),5,Cloves,(Laung),Cloves,5,,,(Laung),,,Cloves,,True,False,True,False,name;unit
95,5,1 inch Cinnamon Stick (Dalchini),1,inch,Cinnamon Stick (Dalchini),Cinnamon Sticks (Dalchini),,,,,,,Cinnamon Sticks (Dalchini),,True,True,True,False,name;qty;unit
95,6,1 cup Red matta rice - washed thoroughly,1,cup,Red matta rice,Red matta rice,1,cup,washed thoroughly,,,,Red matta rice,washed thoroughly,False,False,False,False,
95,7,Salt - to taste,,,Salt,Salt,,,,to taste,,,Salt,to taste,False,False,False,True,state
95,8,1 inch Ginger,1,inch,Ginger,Ginger,,,,,,,Ginger,,False,True,True,False,qty;unit
95,9,5 cloves Garlic,5,cloves,Garlic,Garlic,5,cloves,,,,,Garlic,,False,False,False,False,
95,10,3 Green Chilli,3,,Green Chilli,Green Chilli,3,,,,,,Green Chilli,,False,False,False,False,
95,11,300 grams Chicken - curry cut,300,grams,Chicken,Chicken,300,gram,curry cut,,,,Chicken,curry cut,False,False,False,False,
95,12,2 Onions - sliced,2,,Onions,Onions,2,,sliced,,,,Onions,sliced,False,False,False,False,
95,13,3 Tomatoes - chopped,3,,Tomatoes,Tomatoes,3,,chopped,,,,Tomatoes,chopped,False,False,False,False,
95,14,1 teaspoon Red Chilli powder,1,teaspoon,Red Chilli powder,Red Chilli powder,1,teaspoon,,,,,Red Chilli powder,,False,False,False,False,
95,15,1/2 teaspoon Turmeric powder (Haldi),1/2,teaspoon,Turmeric powder (Haldi),Turmeric powder (Haldi),1/2,teaspoon,,,,,Turmeric powder (Haldi),,False,False,False,False,
95,16,2 tablespoon Garam masala powder,2,tablespoon,Garam masala powder,Garam masala powder,2,tablespoon,,,,,Garam masala powder,,False,False,False,False,
95,17,1/4 cup Coriander (Dhania) Leaves - chopped,1/4,cup,Coriander (Dhania) Leaves,Coriander (Dhania),1/4,cup,chopped,Leaves,,,Coriander (Dhania) Leaves,chopped,False,False,False,False,
95,18,1/4 cup Mint Leaves (Pudina) - chopped,1/4,cup,Mint Leaves (Pudina),Mint Leaves (Pudina),1/4,cup,chopped,,,,Mint Leaves (Pudina),chopped,False,False,False,False,
95,19,1 Lemon juice,1,,Lemon juice,Lemon juice,1,,,,,,Lemon juice,,False,False,False,False,
95,20,1/2 cup Milk,1/2,cup,Milk,Milk,1/2,cup,,,,,Milk,,False,False,False,False,
95,21,5 Saffron strands,5,,Saffron strands,Saffron strands,5,,,,,,Saffron strands,,False,False,False,False,
95,22,1 tablespoon Cashew nuts,1,tablespoon,Cashew nuts,Cashew nuts,1,tablespoon,,,,,Cashew nuts,,False,False,False,False,
95,23,1 tablespoon Ghee,1,tablespoon,Ghee,Ghee,1,tablespoon,,,,,Ghee,,False,False,False,False,
96,1,4 cups water,4,cups,water,water,4,cup,,,,,water,,False,False,False,False,
96,2,1 tbsp ginger powder,1,tbsp,ginger powder,ginger powder,1,tablespoon,,,,,ginger powder,,False,False,False,False,
96,3,1 tsp black pepper powder,1,tsp,black pepper powder,black pepper powder,1,teaspoon,,,,,black pepper powder,,False,False,False,False,
96,4,1 tbsp instant coffee powder,1,tbsp,instant coffee powder,instant coffee powder,1,tablespoon,,,,,instant coffee powder,,False,False,False,False,
96,5,20 tulsi,20,,tulsi,tulsi,20,,,,,,tulsi,,False,False,False,False,
96,6,1 tsp cumin seeds,1,tsp,cumin seeds,cumin seeds,1,teaspoon,,,,,cumin seeds,,False,False,False,False,
96,7,1/2 tsp cardamom powder - more or less,1/2,tsp,cardamom powder,cardamom powder,1/2,teaspoon,,more or less,,,cardamom powder,more or less,False,False,False,True,state
96,8,3 tbsp jaggery - Add more or less salt to taste,3,tbsp,jaggery,jaggery,3,tablespoon,,Add more or less salt to taste,,,jaggery,Add more or less salt to taste,False,False,False,True,state
97,1,1 Cucumber - peeled and diced,1,,Cucumber,Cucumber,1,,peeled and diced,,,,Cucumber,peeled and diced,False,False,False,False,
97,2,1 Mango (Raw) - peeled and diced,1,,Mango (Raw),Mango (Raw),1,,peeled and diced,,,,Mango (Raw),peeled and diced,False,False,False,False,
97,3,2 Green Chillies - slit,2,,Green Chillies,Green Chillies,2,,slit,,,,Green Chillies,slit,False,False,False,False,
97,4,1/4 teaspoon Turmeric powder (Haldi),1/4,teaspoon,Turmeric powder (Haldi),Turmeric powder (Haldi),1/4,teaspoon,,,,,Turmeric powder (Haldi),,False,False,False,False,
97,5,1 cup Water,1,cup,Water,Water,1,cup,,,,,Water,,False,False,False,False,
97,6,1/4 cup Fresh coconut - grated,1/4,cup,Fresh coconut,Fresh coconut,1/4,cup,grated,,,Fresh,Fresh coconut,grated,False,False,False,False,
97,7,2 teaspoons Cumin seeds (Jeera),2,teaspoons,Cumin seeds (Jeera),Cumin seeds (Jeera),2,teaspoon,,,,,Cumin seeds (Jeera),,False,False,False,False,
97,8,1 teaspoon Mustard seeds,1,teaspoon,Mustard seeds,Mustard seeds,1,teaspoon,,,,,Mustard seeds,,False,False,False,False,
97,9,1/2 teaspoon White Urad Dal (Split),1/2,teaspoon,White Urad Dal (Split),White Urad Dal (Split),1/2,teaspoon,,,,,White Urad Dal (Split),,False,False,False,False,
97,10,1 sprig Curry leaves,1,sprig,Curry leaves,Curry leaves,1,sprig,,,,,Curry leaves,,False,False,False,False,
97,11,1 Dry Red Chilli,1,,Dry Red Chilli,Dry Red Chilli,1,,,,,Dry,Dry Red Chilli,,False,False,False,False,
97,12,Salt - to taste,,,Salt,Salt,,,,to taste,,,Salt,to taste,False,False,False,True,state
98,1,250 grams small potatoes - half cut,250,grams,small potatoes,potatoes,250,gram,,half cut,,,small potatoes,half cut,False,False,False,True,state
98,2,1/2 cup small onion sambar,1/2,cup,small onion sambar,onion sambar,1/2,cup,,,,,small onion sambar,,False,False,False,False,
98,3,1 tomato - finely chopped,1,,tomato,tomato,1,,finely chopped,,,,tomato,finely chopped,False,False,False,False,
98,4,5 green chillies - sliced,5,,green chillies,green chillies,5,,sliced,,,,green chillies,sliced,False,False,False,False,
98,5,1 inch ginger - chopped,1,inch,ginger,ginger,,,chopped,,,,ginger,chopped,False,True,True,False,qty;unit
98,6,5 pieces garlic - chopped,5,pieces,garlic,garlic,5,pieces,chopped,,,,garlic,chopped,False,False,False,False,
98,7,2 teaspoon coriander Powder,2,teaspoon,coriander Powder,coriander Powder,2,teaspoon,,,,,coriander Powder,,False,False,False,False,
98,8,2 tablespoons red chilli powder,2,tablespoons,red chilli powder,red chilli powder,2,tablespoon,,,,,red chilli powder,,False,False,False,False,
98,9,1/2 teaspoon turmeric,1/2,teaspoon,turmeric,turmeric,1/2,teaspoon,,,,,turmeric,,False,False,False,False,
98,10,1/2 teaspoon garam masala powder,1/2,teaspoon,garam masala powder,garam masala powder,1/2,teaspoon,,,,,garam masala powder,,False,False,False,False,
98,11,2 nuggets curry leaves,2,,nuggets curry leaves,nuggets curry leaves,2,,,,,,nuggets curry leaves,,False,False,False,False,
98,12,1 cup small onion sambar ones,1,cup,small onion sambar ones,onion sambar ones,1,cup,,,,,small onion sambar ones,,False,False,False,False,
98,13,1 cup coconut - grated,1,cup,coconut,coconut,1,cup,grated,,,,coconut,grated,False,False,False,False,
98,14,1/2 teaspoon cumin,1/2,teaspoon,cumin,cumin,1/2,teaspoon,,,,,cumin,,False,False,False,False,
98,15,1 teaspoon whole pepper - ground,1,teaspoon,whole pepper,whole pepper,1,teaspoon,ground,,,,whole pepper,ground,False,False,False,False,
98,16,coconut oil - to cook,,,coconut oil,coconut oil,,,,to cook,,,coconut oil,to cook,False,False,False,True,state
98,17,salt - to taste,,,salt,salt,,,,to taste,,,salt,to taste,False,False,False,True,state
99,1,1 cup Red matta rice - or Basmati Rice,1,cup,Red matta rice,Red matta rice; Basmati Rice,1,cup,,,,,Red matta rice; Basmati Rice,or Basmati Rice,True,False,False,True,name;state
99,2,1-1/2 cups Fresh coconut - grated,1-1/2,cups,Fresh coconut,Fresh coconut,1/2,cup,grated,,,Fresh,Fresh coconut,grated,False,True,False,False,qty
99,3,1/2 teaspoon Salt,1/2,teaspoon,Salt,Salt,1/2,teaspoon,,,,,Salt,,False,False,False,False,
100,1,300 grams Chicken - with bone cut into small pieces,300,grams,Chicken,Chicken,300,gram,with bone cut into small pieces,,,,Chicken,with bone cut into small pieces,False,False,False,False,
100,2,1 inch Cinnamon Stick (Dalchini),1,inch,Cinnamon Stick (Dalchini),Cinnamon Sticks (Dalchini),,,,,,,Cinnamon Sticks (Dalchini),,True,True,True,False,name;qty;unit
100,3,1 tablespoon Whole Black Peppercorns,1,tablespoon,Whole Black Peppercorns,Whole Black Peppercorns,1,tablespoon,,,,,Whole Black Peppercorns,,False,False,False,False,
100,4,1 Carrot (Gajjar) - peeled and cubed,1,,Carrot (Gajjar),Carrot (Gajjar),1,,peeled and cubed,,,,Carrot (Gajjar),peeled and cubed,False,False,False,False,
100,5,100 grams Green beans (French Beans) - chopped small,100,grams,Green beans (French Beans),Green beans,100,gram,chopped,(French Beans),,,Green beans (French Beans),chopped small,False,False,False,False,
100,6,1 Potato (Aloo) - skin peeled and cubed,1,,Potato (Aloo),Potato (Aloo),1,,skin peeled and cubed,,,,Potato (Aloo),skin peeled and cubed,False,False,False,False,
100,7,1 Onion - sliced,1,,Onion,Onion,1,,sliced,,,,Onion,sliced,False,False,False,False,
100,8,1 Green Chilli,1,,Green Chilli,Green Chilli,1,,,,,,Green Chilli,,False,False,False,False,
100,9,4 cloves Garlic - chopped,4,cloves,Garlic,Garlic,4,cloves,chopped,,,,Garlic,chopped,False,False,False,False,
100,10,1 inch Ginger - chopped,1,inch,Ginger,Ginger,,,chopped,,,,Ginger,chopped,False,True,True,False,qty;unit
100,11,10 Cashew nuts - boiled in water and ground to a paste,10,,Cashew nuts,Cashew nuts,10,,boiled in water and ground to a paste,,,,Cashew nuts,boiled in water and ground to a paste,False,False,False,False,
100,12,1/2 teaspoon Turmeric powder (Haldi),1/2,teaspoon,Turmeric powder (Haldi),Turmeric powder (Haldi),1/2,teaspoon,,,,,Turmeric powder (Haldi),,False,False,False,False,
100,13,1 teaspoon Black pepper powder,1,teaspoon,Black pepper powder,Black pepper powder,1,teaspoon,,,,,Black pepper powder,,False,False,False,False,
100,14,Coconut Oil - for cooking,,,Coconut Oil,Coconut Oil,,,,,for cooking,,Coconut Oil,for cooking,False,False,False,True,state
100,15,Salt - to taste,,,Salt,Salt,,,,to taste,,,Salt,to taste,False,False,False,True,state
100,16,1 Onion - sliced,1,,Onion,Onion,1,,sliced,,,,Onion,sliced,False,False,False,False,
100,17,2 cloves Garlic - chopped,2,cloves,Garlic,Garlic,2,cloves,chopped,,,,Garlic,chopped,False,False,False,False,
100,18,1 sprig Curry leaves,1,sprig,Curry leaves,Curry leaves,1,sprig,,,,,Curry leaves,,False,False,False,False,
100,19,Coconut Oil - for cooking,,,Coconut Oil,Coconut Oil,,,,,for cooking,,Coconut Oil,for cooking,False,False,False,True,state
101,1,250 g potato - cut straight and thick,250,g,potato,potato,250,gram,cut straight and thick,,,,potato,cut straight and thick,False,False,False,False,
101,2,turmeric powder - a pinch,,,turmeric powder,turmeric powder,,,,a pinches,,,turmeric powder,a pinch,False,False,False,True,state
101,3,10 small onions - cut it straight and thin,10,,small onions,onions,10,,cut it straight and thin,,,,small onions,cut it straight and thin,False,False,False,False,
101,4,3 cloves garlic - finely chopped,3,cloves,garlic,garlic,3,cloves,finely chopped,,,,garlic,finely chopped,False,False,False,False,
101,5,1 teaspoon red chilli flax,1,teaspoon,red chilli flax,red chilli flax,1,teaspoon,,,,,red chilli flax,,False,False,False,False,
101,6,salt - 1 sprig curry leaves,,,salt,salt; curry leaves,1,sprig,,,,,salt; curry leaves,1 sprig curry leaves,True,True,True,True,name;qty;unit;state
101,7,as per taste,,,as per taste,,,,,as per taste,,,,,True,False,False,False,name
101,8,Coconut oil - as per use,,,Coconut oil,Coconut oil,,,,as per use,,,Coconut oil,as per use,False,False,False,True,state
101,9,2 tablespoons coconut - cut into pieces,2,tablespoons,coconut,coconut,2,tablespoon,cut into pieces,,,,coconut,cut into pieces,False,False,False,False,
102,1,1 cup Jackfruit Seeds (Kathal) - cleaned and sliced,1,cup,Jackfruit Seeds (Kathal),Jackfruit Seeds (Kathal),1,cup,cleaned and sliced,,,,Jackfruit Seeds (Kathal),cleaned and sliced,False,False,False,False,
102,2,8 Pearl onions (Sambar Onions) - sliced,8,,Pearl onions (Sambar Onions),Pearl onions (Sambar Onions),8,,sliced,,,,Pearl onions (Sambar Onions),sliced,False,False,False,False,
102,3,4 cloves Garlic - chopped finely,4,cloves,Garlic,Garlic,4,cloves,chopped finely,,,,Garlic,chopped finely,False,False,False,False,
102,4,1/2 teaspoon Kashmiri Red Chilli Powder,1/2,teaspoon,Kashmiri Red Chilli Powder,Kashmiri Red Chilli Powder,1/2,teaspoon,,,,,Kashmiri Red Chilli Powder,,False,False,False,False,
102,5,1/4 teaspoon Black pepper powder,1/4,teaspoon,Black pepper powder,Black pepper powder,1/4,teaspoon,,,,,Black pepper powder,,False,False,False,False,
102,6,1 sprig Curry leaves,1,sprig,Curry leaves,Curry leaves,1,sprig,,,,,Curry leaves,,False,False,False,False,
102,7,1/2 cup Fresh coconut - grated,1/2,cup,Fresh coconut,Fresh coconut,1/2,cup,grated,,,Fresh,Fresh coconut,grated,False,False,False,False,
102,8,Sunflower Oil - as required,,,Sunflower Oil,Sunflower Oil,,,,as required,,,Sunflower Oil,as required,False,False,False,True,state
102,9,Salt - to taste,,,Salt,Salt,,,,to taste,,,Salt,to taste,False,False,False,True,state
102,10,Salt - to taste,,,Salt,Salt,,,,to taste,,,Salt,to taste,False,False,False,True,state
103,1,300 grams Raw papaya - skin peeled and cut into medium sized pieces,300,grams,Raw papaya,Raw papaya,300,gram,skin peeled and cut into medium sized pieces,,,,Raw papaya,skin peeled and cut into medium sized pieces,False,False,False,False,
103,2,1 teaspoon Mustard seeds,1,teaspoon,Mustard seeds,Mustard seeds,1,teaspoon,,,,,Mustard seeds,,False,False,False,False,
103,3,1 teaspoon White Urad Dal (Split),1,teaspoon,White Urad Dal (Split),White Urad Dal (Split),1,teaspoon,,,,,White Urad Dal (Split),,False,False,False,False,
103,4,1 sprig Curry leaves,1,sprig,Curry leaves,Curry leaves,1,sprig,,,,,Curry leaves,,False,False,False,False,
103,5,1 pinch Asafoetida (hing),1,pinch,Asafoetida (hing),Asafoetida (hing),1,pinch,,,,,Asafoetida (hing),,False,False,False,False,
103,6,1 Green Chilli - chopped,1,,Green Chilli,Green Chilli,1,,chopped,,,,Green Chilli,chopped,False,False,False,False,
103,7,2 tablespoon Fresh coconut - grated,2,tablespoon,Fresh coconut,Fresh coconut,2,tablespoon,grated,,,Fresh,Fresh coconut,grated,False,False,False,False,
103,8,Salt - to taste,,,Salt,Salt,,,,to taste,,,Salt,to taste,False,False,False,True,state
103,9,Sunflower Oil,,,Sunflower Oil,Sunflower Oil,,,,,,,Sunflower Oil,,False,False,False,False,
104,1,250 grams Ash gourd - cut straight,250,grams,Ash gourd,Ash gourd,250,gram,cut straight,,,,Ash gourd,cut straight,False,False,False,False,
104,2,2 drumsticks - cut straight,2,,drumsticks,drumsticks,2,,cut straight,,,,drumsticks,cut straight,False,False,False,False,
104,3,2 carrots - cut straight,2,,carrots,carrots,2,,cut straight,,,,carrots,cut straight,False,False,False,False,
104,4,10 green beans - cut straight,10,,green beans,green beans,10,,cut straight,,,,green beans,cut straight,False,False,False,False,
104,5,1 raw banana - peel and chop straight,1,,raw banana,raw banana,1,,,peel and chop straight,,,raw banana,peel and chop straight,False,False,False,True,state
104,6,2 potatoes - peel and chop straight,2,,potatoes,potatoes,2,,,peel and chop straight,,,potatoes,peel and chop straight,False,False,False,True,state
104,7,250 grams Yam - peel and chop,250,grams,Yam,Yam,250,gram,,peel and chop,,,Yam,peel and chop,False,False,False,True,state
104,8,1-1 / 2 cup coconut - grated,1-1/2,cup,coconut,coconut,1,,grated,,,,coconut,grated,False,True,True,False,qty;unit
104,9,3 green chillies,3,,green chillies,green chillies,3,,,,,,green chillies,,False,False,False,False,
104,10,1 sprig curry leaves,1,sprig,curry leaves,curry leaves,1,sprig,,,,,curry leaves,,False,False,False,False,
104,11,1 teaspoon cumin seeds,1,teaspoon,cumin seeds,cumin seeds,1,teaspoon,,,,,cumin seeds,,False,False,False,False,
104,12,1 tablespoon coconut oil,1,tablespoon,coconut oil,coconut oil,1,tablespoon,,,,,coconut oil,,False,False,False,False,
104,13,salt - as per taste,,,salt,salt,,,,as per taste,,,salt,as per taste,False,False,False,True,state
105,1,3/4 cup Whole Wheat Flour,3/4,cup,Whole Wheat Flour,Whole Wheat Flour,3/4,cup,,,,,Whole Wheat Flour,,False,False,False,False,
105,2,2 tablespoons Basmati rice - boiled,2,tablespoons,Basmati rice,Basmati rice,2,tablespoon,boiled,,,,Basmati rice,boiled,False,False,False,False,
105,3,1/4 cup Fresh coconut - grated,1/4,cup,Fresh coconut,Fresh coconut,1/4,cup,grated,,,Fresh,Fresh coconut,grated,False,False,False,False,
105,4,Salt - to taste,,,Salt,Salt,,,,to taste,,,Salt,to taste,False,False,False,True,state
105,5,1 tablespoon Sugar,1,tablespoon,Sugar,Sugar,1,tablespoon,,,,,Sugar,,False,False,False,False,
106,1,400 grams Mutton,400,grams,Mutton,Mutton,400,gram,,,,,Mutton,,False,False,False,False,
106,2,1 teaspoon Cumin powder (Jeera),1,teaspoon,Cumin powder (Jeera),Cumin powder (Jeera),1,teaspoon,,,,,Cumin powder (Jeera),,False,False,False,False,
106,3,1 teaspoon Red Chilli powder,1,teaspoon,Red Chilli powder,Red Chilli powder,1,teaspoon,,,,,Red Chilli powder,,False,False,False,False,
106,4,1 teaspoon Coriander Powder (Dhania),1,teaspoon,Coriander Powder (Dhania),Coriander Powder (Dhania),1,teaspoon,,,,,Coriander Powder (Dhania),,False,False,False,False,
106,5,1/2 teaspoon Turmeric powder (Haldi),1/2,teaspoon,Turmeric powder (Haldi),Turmeric powder (Haldi),1/2,teaspoon,,,,,Turmeric powder (Haldi),,False,False,False,False,
106,6,1 teaspoon Salt,1,teaspoon,Salt,Salt,1,teaspoon,,,,,Salt,,False,False,False,False,
106,7,2 teaspoon Lemon juice,2,teaspoon,Lemon juice,Lemon juice,2,teaspoon,,,,,Lemon juice,,False,False,False,False,
106,8,1 Onion - finely chopped,1,,Onion,Onion,1,,finely chopped,,,,Onion,finely chopped,False,False,False,False,
106,9,5 cloves Garlic - finely chopped,5,cloves,Garlic,Garlic,5,cloves,finely chopped,,,,Garlic,finely chopped,False,False,False,False,
106,10,1 inch Ginger - thin slices,1,inch,Ginger,Ginger,,,thin slices,,,,Ginger,thin slices,False,True,True,False,qty;unit
106,11,10 Curry leaves,10,,Curry leaves,Curry leaves,10,,,,,,Curry leaves,,False,False,False,False,
106,12,4 tablespoon Black pepper powder,4,tablespoon,Black pepper powder,Black pepper powder,4,tablespoon,,,,,Black pepper powder,,False,False,False,False,
106,13,2 teaspoon Fresh coconut - (1/2 inch size),2,teaspoon,Fresh coconut,Fresh coconut,2,teaspoon,,,,Fresh,Fresh coconut,(1/2 inch size),False,False,False,True,state
106,14,3/4 teaspoon Salt,3/4,teaspoon,Salt,Salt,3/4,teaspoon,,,,,Salt,,False,False,False,False,
106,15,1/4 cup Water,1/4,cup,Water,Water,1/4,cup,,,,,Water,,False,False,False,False,
106,16,2 tablespoons Coconut Oil,2,tablespoons,Coconut Oil,Coconut Oil,2,tablespoon,,,,,Coconut Oil,,False,False,False,False,
107,1,1 cup Instant Oats (Oatmeal),1,cup,Instant Oats (Oatmeal),Instant Oats (Oatmeal),1,cup,,,,,Instant Oats (Oatmeal),,False,False,False,False,
107,2,1/8 cup Whole Wheat Flour,1/8,cup,Whole Wheat Flour,Whole Wheat Flour,1/8,cup,,,,,Whole Wheat Flour,,False,False,False,False,
107,3,1/8 cup Rice flour,1/8,cup,Rice flour,Rice flour,1/8,cup,,,,,Rice flour,,False,False,False,False,
107,4,3/4 cup Jaggery - powdered,3/4,cup,Jaggery,Jaggery,3/4,cup,powdered,,,,Jaggery,powdered,False,False,False,False,
107,5,1 Ripe Bananas - mashed,1,,Ripe Bananas,Ripe Bananas,1,,mashed,,,,Ripe Bananas,mashed,False,False,False,False,
107,6,1/4 cup Water,1/4,cup,Water,Water,1/4,cup,,,,,Water,,False,False,False,False,
107,7,1/4 teaspoon Baking soda,1/4,teaspoon,Baking soda,Baking soda,1/4,teaspoon,,,,,Baking soda,,False,False,False,False,
107,8,4 tablespoon Ghee,4,tablespoon,Ghee,Ghee,4,tablespoon,,,,,Ghee,,False,False,False,False,
108,1,500 grams Chicken - cleaned and cut into 1 inch cubes,500,grams,Chicken,Chicken,500,gram,cleaned and cut into 1 inch cubes,,,,Chicken,cleaned and cut into 1 inch cubes,False,False,False,False,
108,2,1 teaspoon Garlic - minced,1,teaspoon,Garlic,Garlic,1,teaspoon,minced,,,,Garlic,minced,False,False,False,False,
108,3,1 teaspoon Ginger - minced,1,teaspoon,Ginger,Ginger,1,teaspoon,minced,,,,Ginger,minced,False,False,False,False,
108,4,2 teaspoons Kashmiri Red Chilli Powder,2,teaspoons,Kashmiri Red Chilli Powder,Kashmiri Red Chilli Powder,2,teaspoon,,,,,Kashmiri Red Chilli Powder,,False,False,False,False,
108,5,1/2 teaspoon Turmeric powder (Haldi),1/2,teaspoon,Turmeric powder (Haldi),Turmeric powder (Haldi),1/2,teaspoon,,,,,Turmeric powder (Haldi),,False,False,False,False,
108,6,2 tablespoon Vinegar,2,tablespoon,Vinegar,Vinegar,2,tablespoon,,,,,Vinegar,,False,False,False,False,
108,7,1 Green Chilli - slit lengthwise,1,,Green Chilli,Green Chilli,1,,slit lengthwise,,,,Green Chilli,slit lengthwise,False,False,False,False,
108,8,1 tablespoon Meat masala,1,tablespoon,Meat masala,Meat masala,1,tablespoon,,,,,Meat masala,,False,False,False,False,
108,9,3 tablespoons Fresh coconut - grated,3,tablespoons,Fresh coconut,Fresh coconut,3,tablespoon,grated,,,Fresh,Fresh coconut,grated,False,False,False,False,
108,10,Salt - to taste,,,Salt,Salt,,,,to taste,,,Salt,to taste,False,False,False,True,state
108,11,2 sprig Curry leaves,2,sprig,Curry leaves,Curry leaves,2,sprigs,,,,,Curry leaves,,False,False,False,False,
108,12,3 tablespoons Coconut Oil,3,tablespoons,Coconut Oil,Coconut Oil,3,tablespoon,,,,,Coconut Oil,,False,False,False,False,
108,13,100 ml Water,100,ml,Water,Water,100,milliliter,,,,,Water,,False,False,False,False,
109,1,1 cup Red matta rice,1,cup,Red matta rice,Red matta rice,1,cup,,,,,Red matta rice,,False,False,False,False,
109,2,3-1/2 cups Water,3-1/2,cups,Water,Water,1/2,cup,,,,,Water,,False,True,False,False,qty
109,3,Salt - (if required),,,Salt,Salt,,,,(if required),,,Salt,(if required),False,False,False,True,state
110,1,250 grams Chinese Potato - cut into medium size pieces,250,grams,Chinese Potato,Chinese Potato,250,gram,cut into medium size pieces,,,,Chinese Potato,cut into medium size pieces,False,False,False,False,
110,2,1 pinch Turmeric powder (Haldi),1,pinch,Turmeric powder (Haldi),Turmeric powder (Haldi),1,pinch,,,,,Turmeric powder (Haldi),,False,False,False,False,
110,3,10 Shallots - or 1 large onion,10,,Shallots,Shallots,10,,,or 1 large onion,,,Shallots,or 1 large onion,False,False,False,True,state
110,4,3 cloves Garlic - finely chopped,3,cloves,Garlic,Garlic,3,cloves,finely chopped,,,,Garlic,finely chopped,False,False,False,False,
110,5,1 teaspoon Red Chilli flakes - adjust as per spice tolerance,1,teaspoon,Red Chilli flakes,Red Chilli flakes,1,teaspoon,,adjust as per spice tolerance,,,Red Chilli flakes,adjust as per spice tolerance,False,False,False,True,state
110,6,Salt - as per taste,,,Salt,Salt,,,,as per taste,,,Salt,as per taste,False,False,False,True,state
110,7,1 sprig Curry leaves,1,sprig,Curry leaves,Curry leaves,1,sprig,,,,,Curry leaves,,False,False,False,False,
110,8,Coconut Oil - enough to shallow fry,,,Coconut Oil,Coconut Oil,,,,enough to shallow fry,,,Coconut Oil,enough to shallow fry,False,False,False,True,state
110,9,2 tablespoons Fresh coconut - pieces,2,tablespoons,Fresh coconut,Fresh coconut,1,piece,,,,Fresh,Fresh coconut,pieces,False,True,True,True,qty;unit;state
111,1,1 cup Rice puttu - or wheat puttu,1,cup,Rice puttu,Rice puttu; wheat puttu,1,cup,,,,,Rice puttu; wheat puttu,or wheat puttu,True,False,False,True,name;state
111,2,1 Whole Egg,1,,Whole Egg,Whole Egg,1,,,,,,Whole Egg,,False,False,False,False,
111,3,1 teaspoon Cumin seeds (Jeera),1,teaspoon,Cumin seeds (Jeera),Cumin seeds (Jeera),1,teaspoon,,,,,Cumin seeds (Jeera),,False,False,False,False,
111,4,1/4 teaspoon Mustard seeds,1/4,teaspoon,Mustard seeds,Mustard seeds,1/4,teaspoon,,,,,Mustard seeds,,False,False,False,False,
111,5,1 sprig Curry leaves,1,sprig,Curry leaves,Curry leaves,1,sprig,,,,,Curry leaves,,False,False,False,False,
111,6,1 pinch Turmeric powder (Haldi),1,pinch,Turmeric powder (Haldi),Turmeric powder (Haldi),1,pinch,,,,,Turmeric powder (Haldi),,False,False,False,False,
111,7,2 Green Chilli - slit/cut,2,,Green Chilli,Green Chilli,2,,cut,slit,,,Green Chilli,slit/cut,False,False,False,False,
111,8,1/4 teaspoon Black Urad Dal (Split),1/4,teaspoon,Black Urad Dal (Split),Black Urad Dal (Split),1/4,teaspoon,,,,,Black Urad Dal (Split),,False,False,False,False,
111,9,2 teaspoon Sunflower Oil,2,teaspoon,Sunflower Oil,Sunflower Oil,2,teaspoon,,,,,Sunflower Oil,,False,False,False,False,
111,10,Salt - to taste,,,Salt,Salt,,,,to taste,,,Salt,to taste,False,False,False,True,state
112,1,250 grams Horse Gram Dal (Kollu/ Kulith) - Sprouted,250,grams,Horse Gram Dal (Kollu/ Kulith),Horse Grams Dal Kulith,250,gram,Sprouted,Kollu,,,Horse Grams Dal Kulith,Sprouted,True,False,False,False,name
112,2,1/2 cup Fresh coconut - grated,1/2,cup,Fresh coconut,Fresh coconut,1/2,cup,grated,,,Fresh,Fresh coconut,grated,False,False,False,False,
112,3,1 Green Chilli,1,,Green Chilli,Green Chilli,1,,,,,,Green Chilli,,False,False,False,False,
112,4,1 teaspoon Cumin seeds (Jeera),1,teaspoon,Cumin seeds (Jeera),Cumin seeds (Jeera),1,teaspoon,,,,,Cumin seeds (Jeera),,False,False,False,False,
112,5,1/2 inch Ginger,1/2,inch,Ginger,Ginger,,,,,,,Ginger,,False,True,True,False,qty;unit
112,6,1 teaspoon Cumin seeds (Jeera),1,teaspoon,Cumin seeds (Jeera),Cumin seeds (Jeera),1,teaspoon,,,,,Cumin seeds (Jeera),,False,False,False,False,
112,7,1/4 teaspoon Turmeric powder (Haldi),1/4,teaspoon,Turmeric powder (Haldi),Turmeric powder (Haldi),1/4,teaspoon,,,,,Turmeric powder (Haldi),,False,False,False,False,
112,8,1/2 teaspoon Red Chilli powder,1/2,teaspoon,Red Chilli powder,Red Chilli powder,1/2,teaspoon,,,,,Red Chilli powder,,False,False,False,False,
112,9,Salt - to taste,,,Salt,Salt,,,,to taste,,,Salt,to taste,False,False,False,True,state
112,10,1 Tomato - chopped - optional,1,,Tomato,Tomato,1,,chopped,optional,,,Tomato,chopped - optional,False,False,False,False,
113,1,2 Raw banana peel,2,,Raw banana peel,Raw banana peel,2,,,,,,Raw banana peel,,False,False,False,False,
113,2,1/4 teaspoon Turmeric powder (Haldi),1/4,teaspoon,Turmeric powder (Haldi),Turmeric powder (Haldi),1/4,teaspoon,,,,,Turmeric powder (Haldi),,False,False,False,False,
113,3,2 cups Water,2,cups,Water,Water,2,cup,,,,,Water,,False,False,False,False,
113,4,Salt,,,Salt,Salt,,,,,,,Salt,,False,False,False,False,
113,5,1/2 cup Fresh coconut - grated,1/2,cup,Fresh coconut,Fresh coconut,1/2,cup,grated,,,Fresh,Fresh coconut,grated,False,False,False,False,
113,6,3 Garlic - cloves,3,,Garlic,Garlic,3,cloves,,,,,Garlic,cloves,False,False,True,True,unit;state
113,7,1/2 teaspoon Cumin seeds (Jeera),1/2,teaspoon,Cumin seeds (Jeera),Cumin seeds (Jeera),1/2,teaspoon,,,,,Cumin seeds (Jeera),,False,False,False,False,
113,8,4 Green Chillies,4,,Green Chillies,Green Chillies,4,,,,,,Green Chillies,,False,False,False,False,
113,9,6 Shallots,6,,Shallots,Shallots,6,,,,,,Shallots,,False,False,False,False,
113,10,Salt,,,Salt,Salt,,,,,,,Salt,,False,False,False,False,
113,11,1 tablespoon Sunflower Oil,1,tablespoon,Sunflower Oil,Sunflower Oil,1,tablespoon,,,,,Sunflower Oil,,False,False,False,False,
113,12,1/4 teaspoon Mustard seeds,1/4,teaspoon,Mustard seeds,Mustard seeds,1/4,teaspoon,,,,,Mustard seeds,,False,False,False,False,
113,13,2 Dry Red Chillies,2,,Dry Red Chillies,Dry Red Chillies,2,,,,,Dry,Dry Red Chillies,,False,False,False,False,
113,14,8 Curry leaves,8,,Curry leaves,Curry leaves,8,,,,,,Curry leaves,,False,False,False,False,
114,1,1/2 cup Red matta rice,1/2,cup,Red matta rice,Red matta rice,1/2,cup,,,,,Red matta rice,,False,False,False,False,
114,2,1 cup Cashew nuts - unsalted,1,cup,Cashew nuts,Cashew nuts - unsalted,1,cup,,,,,Cashew nuts - unsalted,unsalted,True,False,False,True,name;state
114,3,1 cup Jaggery - powdered or brown sugar,1,cup,Jaggery,Jaggery; powdered brown sugar,1,cup,,,,,Jaggery; powdered brown sugar,powdered or brown sugar,True,False,False,True,name;state
114,4,1 cup Dry coconut (kopra),1,cup,Dry coconut (kopra),Dry coconut (kopra),1,cup,,,,Dry,Dry coconut (kopra),,False,False,False,False,
115,1,1 Onion - chopped,1,,Onion,Onion,1,,chopped,,,,Onion,chopped,False,False,False,False,
115,2,4 cloves Garlic - chopped,4,cloves,Garlic,Garlic,4,cloves,chopped,,,,Garlic,chopped,False,False,False,False,
115,3,2 tablespoon Coriander (Dhania) Seeds,2,tablespoon,Coriander (Dhania) Seeds,Coriander (Dhania) Seeds,2,tablespoon,,,,,Coriander (Dhania) Seeds,,False,False,False,False,
115,4,1 teaspoon Cumin seeds (Jeera),1,teaspoon,Cumin seeds (Jeera),Cumin seeds (Jeera),1,teaspoon,,,,,Cumin seeds (Jeera),,False,False,False,False,
115,5,1/4 cup Fresh coconut - grated,1/4,cup,Fresh coconut,Fresh coconut,1/4,cup,grated,,,Fresh,Fresh coconut,grated,False,False,False,False,
115,6,4 Dry Red Chillies,4,,Dry Red Chillies,Dry Red Chillies,4,,,,,Dry,Dry Red Chillies,,False,False,False,False,
115,7,1/2 teaspoon Turmeric powder (Haldi),1/2,teaspoon,Turmeric powder (Haldi),Turmeric powder (Haldi),1/2,teaspoon,,,,,Turmeric powder (Haldi),,False,False,False,False,
115,8,300 grams Prawns - shells removed and deveined,300,grams,Prawns,Prawns,300,gram,shells removed and deveined,,,,Prawns,shells removed and deveined,False,False,False,False,
115,9,1 Drumstick - cut into 3 inch pieces,1,,Drumstick,Drumstick,1,,cut into 3 inch pieces,,,,Drumstick,cut into 3 inch pieces,False,False,False,False,
115,10,1 Green Chilli - slit,1,,Green Chilli,Green Chilli,1,,slit,,,,Green Chilli,slit,False,False,False,False,
115,11,1 Onion - sliced,1,,Onion,Onion,1,,sliced,,,,Onion,sliced,False,False,False,False,
115,12,1/2 teaspoon Red Chilli powder,1/2,teaspoon,Red Chilli powder,Red Chilli powder,1/2,teaspoon,,,,,Red Chilli powder,,False,False,False,False,
115,13,1 teaspoon Mustard seeds,1,teaspoon,Mustard seeds,Mustard seeds,1,teaspoon,,,,,Mustard seeds,,False,False,False,False,
115,14,1 sprig Curry leaves,1,sprig,Curry leaves,Curry leaves,1,sprig,,,,,Curry leaves,,False,False,False,False,
115,15,Coconut Oil - for cooking,,,Coconut Oil,Coconut Oil,,,,,for cooking,,Coconut Oil,for cooking,False,False,False,True,state
115,16,Salt - to taste,,,Salt,Salt,,,,to taste,,,Salt,to taste,False,False,False,True,state
116,1,2 Mango (Ripe) - cut into medium sized cubes,2,,Mango (Ripe),Mango (Ripe),2,,cut into medium sized cubes,,,,Mango (Ripe),cut into medium sized cubes,False,False,False,False,
116,2,1 tablespoon Coconut Oil,1,tablespoon,Coconut Oil,Coconut Oil,1,tablespoon,,,,,Coconut Oil,,False,False,False,False,
116,3,1/2 teaspoon Turmeric powder (Haldi),1/2,teaspoon,Turmeric powder (Haldi),Turmeric powder (Haldi),1/2,teaspoon,,,,,Turmeric powder (Haldi),,False,False,False,False,
116,4,Salt - to taste,,,Salt,Salt,,,,to taste,,,Salt,to taste,False,False,False,True,state
116,5,1/2 cup Fresh coconut - grated,1/2,cup,Fresh coconut,Fresh coconut,1/2,cup,grated,,,Fresh,Fresh coconut,grated,False,False,False,False,
116,6,1 cup Curd (Dahi / Yogurt) - thick and sour,1,cup,Curd (Dahi / Yogurt),Curd Yogurt,1,cup,,"Dahi, thick and sour",,,Curd (Dahi / Yogurt),thick and sour,False,False,False,True,state
116,7,1/2 teaspoon Cumin seeds (Jeera),1/2,teaspoon,Cumin seeds (Jeera),Cumin seeds (Jeera),1/2,teaspoon,,,,,Cumin seeds (Jeera),,False,False,False,False,
116,8,3 Green Chillies,3,,Green Chillies,Green Chillies,3,,,,,,Green Chillies,,False,False,False,False,
116,9,1 teaspoon Coconut Oil,1,teaspoon,Coconut Oil,Coconut Oil,1,teaspoon,,,,,Coconut Oil,,False,False,False,False,
116,10,1/4 teaspoon Mustard seeds,1/4,teaspoon,Mustard seeds,Mustard seeds,1/4,teaspoon,,,,,Mustard seeds,,False,False,False,False,
116,11,1/4 teaspoon White Urad Dal (Split),1/4,teaspoon,White Urad Dal (Split),White Urad Dal (Split),1/4,teaspoon,,,,,White Urad Dal (Split),,False,False,False,False,
116,12,2 sprig Curry leaves,2,sprig,Curry leaves,Curry leaves,2,sprigs,,,,,Curry leaves,,False,False,False,False,
116,13,1/2 teaspoon Methi Powder (Fenugreek Powder),1/2,teaspoon,Methi Powder (Fenugreek Powder),Methi Powder,1/2,teaspoon,,(Fenugreek Powder),,,Methi Powder (Fenugreek Powder),,False,False,False,False,
116,14,2 sprig Curry leaves,2,sprig,Curry leaves,Curry leaves,2,sprigs,,,,,Curry leaves,,False,False,False,False,
116,15,2 Dry Red Chillies,2,,Dry Red Chillies,Dry Red Chillies,2,,,,,Dry,Dry Red Chillies,,False,False,False,False,
117,1,500 grams Mutton,500,grams,Mutton,Mutton,500,gram,,,,,Mutton,,False,False,False,False,
117,2,1/2 cup Shallots,1/2,cup,Shallots,Shallots,1/2,cup,,,,,Shallots,,False,False,False,False,
117,3,1/3 cup Tomatoes,1/3,cup,Tomatoes,Tomatoes,1/3,cup,,,,,Tomatoes,,False,False,False,False,
117,4,2 sprig Curry leaves,2,sprig,Curry leaves,Curry leaves,2,sprigs,,,,,Curry leaves,,False,False,False,False,
117,5,1 Green Chilli,1,,Green Chilli,Green Chilli,1,,,,,,Green Chilli,,False,False,False,False,
117,6,1 teaspoon Cumin seeds (Jeera),1,teaspoon,Cumin seeds (Jeera),Cumin seeds (Jeera),1,teaspoon,,,,,Cumin seeds (Jeera),,False,False,False,False,
117,7,1/4 teaspoon Turmeric powder (Haldi),1/4,teaspoon,Turmeric powder (Haldi),Turmeric powder (Haldi),1/4,teaspoon,,,,,Turmeric powder (Haldi),,False,False,False,False,
117,8,1 tablespoon Red Chilli powder,1,tablespoon,Red Chilli powder,Red Chilli powder,1,tablespoon,,,,,Red Chilli powder,,False,False,False,False,
117,9,Fresh coconut - few sliced pieces,,,Fresh coconut,Fresh coconut,,,few sliced pieces,,,Fresh,Fresh coconut,few sliced pieces,False,False,False,False,
117,10,Salt - to taste,,,Salt,Salt,,,,to taste,,,Salt,to taste,False,False,False,True,state
117,11,1 tablespoon Coconut Oil,1,tablespoon,Coconut Oil,Coconut Oil,1,tablespoon,,,,,Coconut Oil,,False,False,False,False,
117,12,1 tablespoon Coriander (Dhania) Seeds,1,tablespoon,Coriander (Dhania) Seeds,Coriander (Dhania) Seeds,1,tablespoon,,,,,Coriander (Dhania) Seeds,,False,False,False,False,
117,13,8 Dry Red Chillies,8,,Dry Red Chillies,Dry Red Chillies,8,,,,,Dry,Dry Red Chillies,,False,False,False,False,
117,14,8 cloves Garlic,8,cloves,Garlic,Garlic,8,cloves,,,,,Garlic,,False,False,False,False,
117,15,2 inch Ginger,2,inch,Ginger,Ginger,,,,,,,Ginger,,False,True,True,False,qty;unit
117,16,1 teaspoon Cumin seeds (Jeera),1,teaspoon,Cumin seeds (Jeera),Cumin seeds (Jeera),1,teaspoon,,,,,Cumin seeds (Jeera),,False,False,False,False,
117,17,1 teaspoon Fennel seeds (Saunf),1,teaspoon,Fennel seeds (Saunf),Fennel seeds (Saunf),1,teaspoon,,,,,Fennel seeds (Saunf),,False,False,False,False,
117,18,1-1/2 teaspoon Whole Black Peppercorns,1-1/2,teaspoon,Whole Black Peppercorns,Whole Black Peppercorns,1/2,teaspoon,,,,,Whole Black Peppercorns,,False,True,False,False,qty
117,19,1 inch Cinnamon Stick (Dalchini),1,inch,Cinnamon Stick (Dalchini),Cinnamon Sticks (Dalchini),,,,,,,Cinnamon Sticks (Dalchini),,True,True,True,False,name;qty;unit
117,20,3 Cloves (Laung),3,Cloves,(Laung),Cloves,3,,,(Laung),,,Cloves,,True,False,True,False,name;unit
117,21,2 Cardamom Powder (Elaichi),2,,Cardamom Powder (Elaichi),Cardamom Powder (Elaichi),2,,,,,,Cardamom Powder (Elaichi),,False,False,False,False,
117,22,1 sprig Curry leaves,1,sprig,Curry leaves,Curry leaves,1,sprig,,,,,Curry leaves,,False,False,False,False,
117,23,1/2 cup Fresh coconut - grated,1/2,cup,Fresh coconut,Fresh coconut,1/2,cup,grated,,,Fresh,Fresh coconut,grated,False,False,False,False,
117,24,1/2 cup Shallots,1/2,cup,Shallots,Shallots,1/2,cup,,,,,Shallots,,False,False,False,False,
117,25,1 teaspoon Coconut Oil,1,teaspoon,Coconut Oil,Coconut Oil,1,teaspoon,,,,,Coconut Oil,,False,False,False,False,
118,1,250 grams Elephant yam (Suran/Senai/Ratalu) - peeled and chopped,250,grams,Elephant yam (Suran/Senai/Ratalu),Elephant yam Ratalu,250,gram,peeled and chopped,Suran/Senai,,,Elephant yam (Suran/Senai/Ratalu),peeled and chopped,False,False,False,False,
118,2,2 Raw Banana - peeled and chopped,2,,Raw Banana,Raw Banana,2,,peeled and chopped,,,,Raw Banana,peeled and chopped,False,False,False,False,
118,3,1/4 teaspoon Turmeric powder (Haldi),1/4,teaspoon,Turmeric powder (Haldi),Turmeric powder (Haldi),1/4,teaspoon,,,,,Turmeric powder (Haldi),,False,False,False,False,
118,4,1/4 teaspoon Kashmiri Red Chilli Powder,1/4,teaspoon,Kashmiri Red Chilli Powder,Kashmiri Red Chilli Powder,1/4,teaspoon,,,,,Kashmiri Red Chilli Powder,,False,False,False,False,
118,5,4-5 Black pepper powder,4-5,,Black pepper powder,Black pepper powder,4,,,,,,Black pepper powder,,False,True,False,False,qty
118,6,1 teaspoon Coconut Oil,1,teaspoon,Coconut Oil,Coconut Oil,1,teaspoon,,,,,Coconut Oil,,False,False,False,False,
118,7,Salt - to taste,,,Salt,Salt,,,,to taste,,,Salt,to taste,False,False,False,True,state
118,8,1 cup Fresh coconut - grated,1,cup,Fresh coconut,Fresh coconut,1,cup,grated,,,Fresh,Fresh coconut,grated,False,False,False,False,
118,9,1 teaspoon Cumin seeds (Jeera),1,teaspoon,Cumin seeds (Jeera),Cumin seeds (Jeera),1,teaspoon,,,,,Cumin seeds (Jeera),,False,False,False,False,
118,10,1/2 cup Water,1/2,cup,Water,Water,1/2,cup,,,,,Water,,False,False,False,False,
118,11,1/4 cup Fresh coconut - grated,1/4,cup,Fresh coconut,Fresh coconut,1/4,cup,grated,,,Fresh,Fresh coconut,grated,False,False,False,False,
118,12,1 teaspoon Coconut Oil,1,teaspoon,Coconut Oil,Coconut Oil,1,teaspoon,,,,,Coconut Oil,,False,False,False,False,
118,13,1/2 teaspoon Cumin seeds (Jeera),1/2,teaspoon,Cumin seeds (Jeera),Cumin seeds (Jeera),1/2,teaspoon,,,,,Cumin seeds (Jeera),,False,False,False,False,
118,14,1/4 teaspoon Mustard seeds,1/4,teaspoon,Mustard seeds,Mustard seeds,1/4,teaspoon,,,,,Mustard seeds,,False,False,False,False,
118,15,1/4 teaspoon Turmeric powder (Haldi),1/4,teaspoon,Turmeric powder (Haldi),Turmeric powder (Haldi),1/4,teaspoon,,,,,Turmeric powder (Haldi),,False,False,False,False,
118,16,1/4 teaspoon Red Chilli powder,1/4,teaspoon,Red Chilli powder,Red Chilli powder,1/4,teaspoon,,,,,Red Chilli powder,,False,False,False,False,
118,17,2 Dry Red Chillies - cut into small pieces,2,,Dry Red Chillies,Dry Red Chillies,2,,cut into small pieces,,,Dry,Dry Red Chillies,cut into small pieces,False,False,False,False,
118,18,1 sprig Curry leaves,1,sprig,Curry leaves,Curry leaves,1,sprig,,,,,Curry leaves,,False,False,False,False,
119,1,500 grams Sardine fish,500,grams,Sardine fish,Sardine fish,500,gram,,,,,Sardine fish,,False,False,False,False,
119,2,1 cup Fresh coconut - grated,1,cup,Fresh coconut,Fresh coconut,1,cup,grated,,,Fresh,Fresh coconut,grated,False,False,False,False,
119,3,10 Shallots,10,,Shallots,Shallots,10,,,,,,Shallots,,False,False,False,False,
119,4,3 Green Chillies,3,,Green Chillies,Green Chillies,3,,,,,,Green Chillies,,False,False,False,False,
119,5,1/4 tablespoon Dry Red Chilli - crushed,1/4,tablespoon,Dry Red Chilli,Dry Red Chilli,1/4,tablespoon,crushed,,,Dry,Dry Red Chilli,crushed,False,False,False,False,
119,6,2 inch Ginger,2,inch,Ginger,Ginger,,,,,,,Ginger,,False,True,True,False,qty;unit
119,7,3 clove Garlic,3,clove,Garlic,Garlic,3,cloves,,,,,Garlic,,False,False,False,False,
119,8,1/4 teaspoon Methi Powder (Fenugreek Powder),1/4,teaspoon,Methi Powder (Fenugreek Powder),Methi Powder,1/4,teaspoon,,(Fenugreek Powder),,,Methi Powder (Fenugreek Powder),,False,False,False,False,
119,9,1/4 teaspoon Turmeric powder (Haldi),1/4,teaspoon,Turmeric powder (Haldi),Turmeric powder (Haldi),1/4,teaspoon,,,,,Turmeric powder (Haldi),,False,False,False,False,
119,10,1 teaspoon Coconut Oil - adjustable,1,teaspoon,Coconut Oil,Coconut Oil,1,teaspoon,,adjustable,,,Coconut Oil,adjustable,False,False,False,True,state
119,11,1 sprig Curry leaves,1,sprig,Curry leaves,Curry leaves,1,sprig,,,,,Curry leaves,,False,False,False,False,
119,12,1 Kokum (Malabar Tamarind) - soaked,1,,Kokum (Malabar Tamarind),Kokum (Malabar Tamarind),1,,soaked,,,,Kokum (Malabar Tamarind),soaked,False,False,False,False,
119,13,2 Kokum (Malabar Tamarind) - for the curry,2,,Kokum (Malabar Tamarind),Kokum (Malabar Tamarind),2,,,,for the curry,,Kokum (Malabar Tamarind),for the curry,False,False,False,True,state
119,14,Salt - to taste,,,Salt,Salt,,,,to taste,,,Salt,to taste,False,False,False,True,state
120,1,2 cups Elephant yam (Suran/Senai/Ratalu) - scraped well and cubed to bite size,2,cups,Elephant yam (Suran/Senai/Ratalu),Elephant yam Ratalu,2,cup,scraped well and cubed to bite size,Suran/Senai,,,Elephant yam (Suran/Senai/Ratalu),scraped well and cubed to bite size,False,False,False,False,
120,2,1/4 teaspoon Turmeric powder (Haldi),1/4,teaspoon,Turmeric powder (Haldi),Turmeric powder (Haldi),1/4,teaspoon,,,,,Turmeric powder (Haldi),,False,False,False,False,
120,3,Salt - to taste,,,Salt,Salt,,,,to taste,,,Salt,to taste,False,False,False,True,state
120,4,1 cup Fresh coconut - grated,1,cup,Fresh coconut,Fresh coconut,1,cup,grated,,,Fresh,Fresh coconut,grated,False,False,False,False,
120,5,3 Green Chillies - (adjust),3,,Green Chillies,Green Chillies - (adjust),3,,,,,,Green Chillies - (adjust),(adjust),True,False,False,True,name;state
120,6,1 teaspoon Cumin seeds (Jeera),1,teaspoon,Cumin seeds (Jeera),Cumin seeds (Jeera),1,teaspoon,,,,,Cumin seeds (Jeera),,False,False,False,False,
120,7,1/2 teaspoon Whole Black Peppercorns,1/2,teaspoon,Whole Black Peppercorns,Whole Black Peppercorns,1/2,teaspoon,,,,,Whole Black Peppercorns,,False,False,False,False,
120,8,1 teaspoons Coconut Oil,1,teaspoons,Coconut Oil,Coconut Oil,1,teaspoon,,,,,Coconut Oil,,False,False,False,False,
120,9,1 teaspoon Mustard seeds,1,teaspoon,Mustard seeds,Mustard seeds,1,teaspoon,,,,,Mustard seeds,,False,False,False,False,
120,10,1 sprig Curry leaves,1,sprig,Curry leaves,Curry leaves,1,sprig,,,,,Curry leaves,,False,False,False,False,
121,1,300 grams Green Chawli Beans (Yard long beans/Karamani/Barbati) - chopped,300,grams,Green Chawli Beans (Yard long beans/Karamani/Barbati),Green Chawli Beans Barbati,300,gram,chopped,Yard long beans/Karamani,,,Green Chawli Beans (Yard long beans/Karamani/Barbati),chopped,False,False,False,False,
121,2,1 teaspoon Coconut Oil,1,teaspoon,Coconut Oil,Coconut Oil,1,teaspoon,,,,,Coconut Oil,,False,False,False,False,
121,3,1 teaspoon Mustard seeds,1,teaspoon,Mustard seeds,Mustard seeds,1,teaspoon,,,,,Mustard seeds,,False,False,False,False,
121,4,1 teaspoon Cumin seeds (Jeera),1,teaspoon,Cumin seeds (Jeera),Cumin seeds (Jeera),1,teaspoon,,,,,Cumin seeds (Jeera),,False,False,False,False,
121,5,8 Curry leaves,8,,Curry leaves,Curry leaves,8,,,,,,Curry leaves,,False,False,False,False,
121,6,1/2 teaspoon Turmeric powder (Haldi),1/2,teaspoon,Turmeric powder (Haldi),Turmeric powder (Haldi),1/2,teaspoon,,,,,Turmeric powder (Haldi),,False,False,False,False,
121,7,1/4 cup Fresh coconut - grated,1/4,cup,Fresh coconut,Fresh coconut,1/4,cup,grated,,,Fresh,Fresh coconut,grated,False,False,False,False,
121,8,2 Green Chillies,2,,Green Chillies,Green Chillies,2,,,,,,Green Chillies,,False,False,False,False,
121,9,2 sprig Curry leaves,2,sprig,Curry leaves,Curry leaves,2,sprigs,,,,,Curry leaves,,False,False,False,False,
121,10,Salt - to taste,,,Salt,Salt,,,,to taste,,,Salt,to taste,False,False,False,True,state
122,1,5 Tomatoes - finely chopped,5,,Tomatoes,Tomatoes,5,,finely chopped,,,,Tomatoes,finely chopped,False,False,False,False,
122,2,2 Green Chillies - chopped,2,,Green Chillies,Green Chillies,2,,chopped,,,,Green Chillies,chopped,False,False,False,False,
122,3,1/4 teaspoon Turmeric powder (Haldi),1/4,teaspoon,Turmeric powder (Haldi),Turmeric powder (Haldi),1/4,teaspoon,,,,,Turmeric powder (Haldi),,False,False,False,False,
122,4,1/2 teaspoon Red Chilli powder,1/2,teaspoon,Red Chilli powder,Red Chilli powder,1/2,teaspoon,,,,,Red Chilli powder,,False,False,False,False,
122,5,Salt - to taste,,,Salt,Salt,,,,to taste,,,Salt,to taste,False,False,False,True,state
122,6,1 teaspoon Coconut Oil,1,teaspoon,Coconut Oil,Coconut Oil,1,teaspoon,,,,,Coconut Oil,,False,False,False,False,
122,7,1/2 teaspoon Mustard seeds,1/2,teaspoon,Mustard seeds,Mustard seeds,1/2,teaspoon,,,,,Mustard seeds,,False,False,False,False,
122,8,1 sprig Curry leaves,1,sprig,Curry leaves,Curry leaves,1,sprig,,,,,Curry leaves,,False,False,False,False,
122,9,1/4 cup Fresh coconut - chopped,1/4,cup,Fresh coconut,Fresh coconut,1/4,cup,chopped,,,Fresh,Fresh coconut,chopped,False,False,False,False,
122,10,1 teaspoon Cumin seeds (Jeera),1,teaspoon,Cumin seeds (Jeera),Cumin seeds (Jeera),1,teaspoon,,,,,Cumin seeds (Jeera),,False,False,False,False,
122,11,5 Pearl onions (Sambar Onions) - halved,5,,Pearl onions (Sambar Onions),Pearl onions (Sambar Onions),5,,halved,,,,Pearl onions (Sambar Onions),halved,False,False,False,False,
123,1,1 Potato (Aloo) - peeled and cut lengthwise,1,,Potato (Aloo),Potato (Aloo),1,,peeled and cut lengthwise,,,,Potato (Aloo),peeled and cut lengthwise,False,False,False,False,
123,2,1 Carrot (Gajjar) - peeled and cut lengthwise,1,,Carrot (Gajjar),Carrot (Gajjar),1,,peeled and cut lengthwise,,,,Carrot (Gajjar),peeled and cut lengthwise,False,False,False,False,
123,3,15 Green beans (French Beans) - cut lengthwise,15,,Green beans (French Beans),Green beans,15,,cut lengthwise,(French Beans),,,Green beans (French Beans),cut lengthwise,False,False,False,False,
123,4,1/4 cup Green peas (Matar),1/4,cup,Green peas (Matar),Green peas (Matar),1/4,cup,,,,,Green peas (Matar),,False,False,False,False,
123,5,1 Onions - red,1,,Onions,Onions,1,,,red,,,Onions,red,False,False,False,True,state
123,6,1 Garlic - grated,1,,Garlic,Garlic,1,,grated,,,,Garlic,grated,False,False,False,False,
123,7,1/2 inch Ginger - peeled and grated (optional),1/2,inch,Ginger,Ginger,,,peeled and grated,(optional),,,Ginger,peeled and grated (optional),False,True,True,False,qty;unit
123,8,1/2 cup Coconut milk - thin,1/2,cup,Coconut milk,Coconut milk,1/2,cup,,thin,,,Coconut milk,thin,False,False,False,True,state
123,9,3/4 cup Coconut milk - thick,3/4,cup,Coconut milk,Coconut milk,3/4,cup,,,,,Coconut milk,thick,False,False,False,True,state
123,10,Salt - to taste,,,Salt,Salt,,,,to taste,,,Salt,to taste,False,False,False,True,state
123,11,1/2 inch Cinnamon Stick (Dalchini),1/2,inch,Cinnamon Stick (Dalchini),Cinnamon Sticks (Dalchini),,,,,,,Cinnamon Sticks (Dalchini),,True,True,True,False,name;qty;unit
123,12,1 Bay leaf (tej patta),1,,Bay leaf (tej patta),Bay leaves (tej patta),1,,,,,,Bay leaves (tej patta),,True,False,False,False,name
123,13,10 to 12 Whole Black Peppercorns,10to12,,Whole Black Peppercorns,Whole Black Peppercorns,10,,,,,,Whole Black Peppercorns,,False,True,False,False,qty
123,14,1 Cardamom (Elaichi) Pods/Seeds,1,,Cardamom (Elaichi) Pods/Seeds,Cardamom (Elaichi) Seeds,1,Pod,,,,,Cardamom (Elaichi) Pods/Seeds,,False,False,True,False,unit
123,15,1 sprig Curry leaves,1,sprig,Curry leaves,Curry leaves,1,sprig,,,,,Curry leaves,,False,False,False,False,
123,16,1 teaspoon Coconut Oil,1,teaspoon,Coconut Oil,Coconut Oil,1,teaspoon,,,,,Coconut Oil,,False,False,False,False,
124,1,4 Whole Eggs,4,,Whole Eggs,Whole Eggs,4,,,,,,Whole Eggs,,False,False,False,False,
124,2,1-1/2 tablespoons Sunflower Oil,1-1/2,tablespoons,Sunflower Oil,Sunflower Oil,1/2,tablespoon,,,,,Sunflower Oil,,False,True,False,False,qty
124,3,1/2 teaspoon Mustard seeds,1/2,teaspoon,Mustard seeds,Mustard seeds,1/2,teaspoon,,,,,Mustard seeds,,False,False,False,False,
124,4,Curry leaves - few sprigs,,,Curry leaves,Curry leaves,few,sprigs,,,,,Curry leaves,few sprigs,False,True,True,True,qty;unit;state
124,5,1 Onion - finely chopped,1,,Onion,Onion,1,,finely chopped,,,,Onion,finely chopped,False,False,False,False,
124,6,1/2 inch Ginger - grated,1/2,inch,Ginger,Ginger,,,grated,,,,Ginger,grated,False,True,True,False,qty;unit
124,7,3 cloves Garlic,3,cloves,Garlic,Garlic,3,cloves,,,,,Garlic,,False,False,False,False,
124,8,1 Tomato - finely chopped,1,,Tomato,Tomato,1,,finely chopped,,,,Tomato,finely chopped,False,False,False,False,
124,9,6 Dry Red Chillies,6,,Dry Red Chillies,Dry Red Chillies,6,,,,,Dry,Dry Red Chillies,,False,False,False,False,
124,10,1 inch Cinnamon Stick (Dalchini),1,inch,Cinnamon Stick (Dalchini),Cinnamon Sticks (Dalchini),,,,,,,Cinnamon Sticks (Dalchini),,True,True,True,False,name;qty;unit
124,11,1 Cardamom (Elaichi) Pods/Seeds,1,,Cardamom (Elaichi) Pods/Seeds,Cardamom (Elaichi) Seeds,1,Pod,,,,,Cardamom (Elaichi) Pods/Seeds,,False,False,True,False,unit
124,12,3 Cloves (Laung),3,Cloves,(Laung),Cloves,3,,,(Laung),,,Cloves,,True,False,True,False,name;unit
124,13,2 tablespoons Coriander (Dhania) Seeds,2,tablespoons,Coriander (Dhania) Seeds,Coriander (Dhania) Seeds,2,tablespoon,,,,,Coriander (Dhania) Seeds,,False,False,False,False,
124,14,1/2 teaspoon Whole Black Peppercorns,1/2,teaspoon,Whole Black Peppercorns,Whole Black Peppercorns,1/2,teaspoon,,,,,Whole Black Peppercorns,,False,False,False,False,
124,15,7 Shallots,7,,Shallots,Shallots,7,,,,,,Shallots,,False,False,False,False,
124,16,1/4 cup Fresh coconut,1/4,cup,Fresh coconut,Fresh coconut,1/4,cup,,,,Fresh,Fresh coconut,,False,False,False,False,
124,17,1/2 teaspoon Fennel seeds (Saunf),1/2,teaspoon,Fennel seeds (Saunf),Fennel seeds (Saunf),1/2,teaspoon,,,,,Fennel seeds (Saunf),,False,False,False,False,
125,1,1 cup cabbage - wash and chop finely,1,cup,cabbage,cabbage,1,cup,,wash and chop finely,,,cabbage,wash and chop finely,False,False,False,True,state
125,2,1 sprig curry leaves,1,sprig,curry leaves,curry leaves,1,sprig,,,,,curry leaves,,False,False,False,False,
125,3,1/4 teaspoon mustard,1/4,teaspoon,mustard,mustard,1/4,teaspoon,,,,,mustard,,False,False,False,False,
125,4,1 red chili,1,,red chili,red chili,1,,,,,,red chili,,False,False,False,False,
125,5,1 teaspoon white urad dal (split),1,teaspoon,white urad dal (split),white urad dal (split),1,teaspoon,,,,,white urad dal (split),,False,False,False,False,
125,6,1/4 teaspoon turmeric powder,1/4,teaspoon,turmeric powder,turmeric powder,1/4,teaspoon,,,,,turmeric powder,,False,False,False,False,
125,7,salt - as per taste,,,salt,salt,,,,as per taste,,,salt,as per taste,False,False,False,True,state
125,8,Oil - 5 tablespoons coconut - as per use,,,Oil,Oil; coconut,5,tablespoon,,as per use,,,Oil; coconut,5 tablespoons coconut - as per use,True,True,True,True,name;qty;unit;state
125,9,tighten it,,,tighten it,tighten it,,,,,,,tighten it,,False,False,False,False,
125,10,6 small onions - cut it from the middle,6,,small onions,onions,6,,cut it from the middle,,,,small onions,cut it from the middle,False,False,False,False,
125,11,3 cloves garlic - chop,3,cloves,garlic,garlic - chop,3,cloves,,,,,garlic - chop,chop,True,False,False,True,name;state
125,12,2 green chillies - chop,2,,green chillies,green chillies,2,,,chop,,,green chillies,chop,False,False,False,True,state
125,13,3 sprig curry leaves,3,sprig,curry leaves,curry leaves,3,sprigs,,,,,curry leaves,,False,False,False,False,
125,14,Green Chillies - halved,,,Green Chillies,Green Chillies,,,halved,,,,Green Chillies,halved,False,False,False,False,
125,15,3 sprig curry leaves,3,sprig,curry leaves,curry leaves,3,sprigs,,,,,curry leaves,,False,False,False,False,
126,1,250 grams Squid - (Cleaned and cut into rings),250,grams,Squid,Squid,250,gram,(Cleaned and cut into rings),,,,Squid,(Cleaned and cut into rings),False,False,False,False,
126,2,10 Shallots,10,,Shallots,Shallots,10,,,,,,Shallots,,False,False,False,False,
126,3,2 Tomatoes,2,,Tomatoes,Tomatoes,2,,,,,,Tomatoes,,False,False,False,False,
126,4,1/2 inch Ginger - grated,1/2,inch,Ginger,Ginger,,,grated,,,,Ginger,grated,False,True,True,False,qty;unit
126,5,4 cloves Garlic - minced,4,cloves,Garlic,Garlic,4,cloves,minced,,,,Garlic,minced,False,False,False,False,
126,6,3 sprig Curry leaves,3,sprig,Curry leaves,Curry leaves,3,sprigs,,,,,Curry leaves,,False,False,False,False,
126,7,1 teaspoon Coriander Powder (Dhania),1,teaspoon,Coriander Powder (Dhania),Coriander Powder (Dhania),1,teaspoon,,,,,Coriander Powder (Dhania),,False,False,False,False,
126,8,1 teaspoon Red Chilli powder,1,teaspoon,Red Chilli powder,Red Chilli powder,1,teaspoon,,,,,Red Chilli powder,,False,False,False,False,
126,9,1/4 teaspoon Turmeric powder (Haldi),1/4,teaspoon,Turmeric powder (Haldi),Turmeric powder (Haldi),1/4,teaspoon,,,,,Turmeric powder (Haldi),,False,False,False,False,
126,10,1 teaspoon Fennel seeds (Saunf),1,teaspoon,Fennel seeds (Saunf),Fennel seeds (Saunf),1,teaspoon,,,,,Fennel seeds (Saunf),,False,False,False,False,
126,11,1 teaspoon Whole Black Peppercorns,1,teaspoon,Whole Black Peppercorns,Whole Black Peppercorns,1,teaspoon,,,,,Whole Black Peppercorns,,False,False,False,False,
126,12,1/2 teaspoon Meat masala,1/2,teaspoon,Meat masala,Meat masala,1/2,teaspoon,,,,,Meat masala,,False,False,False,False,
126,13,1 teaspoon Mustard seeds,1,teaspoon,Mustard seeds,Mustard seeds,1,teaspoon,,,,,Mustard seeds,,False,False,False,False,
126,14,1 tablespoon Coconut Oil,1,tablespoon,Coconut Oil,Coconut Oil,1,tablespoon,,,,,Coconut Oil,,False,False,False,False,
127,1,1/2 cup Fresh coconut - grated,1/2,cup,Fresh coconut,Fresh coconut,1/2,cup,grated,,,Fresh,Fresh coconut,grated,False,False,False,False,
127,2,2 Green Chillies - roughly chopped,2,,Green Chillies,Green Chillies,2,,roughly chopped,,,,Green Chillies,roughly chopped,False,False,False,False,
127,3,1 teaspoon Cumin seeds (Jeera),1,teaspoon,Cumin seeds (Jeera),Cumin seeds (Jeera),1,teaspoon,,,,,Cumin seeds (Jeera),,False,False,False,False,
127,4,3 Carrots (Gajjar) - chopped,3,,Carrots (Gajjar),Carrots (Gajjar),3,,chopped,,,,Carrots (Gajjar),chopped,False,False,False,False,
127,5,1 cup Green beans (French Beans) - chopped,1,cup,Green beans (French Beans),Green beans,1,cup,chopped,(French Beans),,,Green beans (French Beans),chopped,False,False,False,False,
127,6,1 teaspoon Coconut Oil - or regular oil,1,teaspoon,Coconut Oil,Coconut Oil; regular oil,1,teaspoon,,,,,Coconut Oil; regular oil,or regular oil,True,False,False,True,name;state
127,7,1/2 teaspoon Mustard seeds,1/2,teaspoon,Mustard seeds,Mustard seeds,1/2,teaspoon,,,,,Mustard seeds,,False,False,False,False,
127,8,1 teaspoon White Urad Dal (Split),1,teaspoon,White Urad Dal (Split),White Urad Dal (Split),1,teaspoon,,,,,White Urad Dal (Split),,False,False,False,False,
127,9,1/4 cup Pearl onions (Sambar Onions) - finely chopped,1/4,cup,Pearl onions (Sambar Onions),Pearl onions (Sambar Onions),1/4,cup,finely chopped,,,,Pearl onions (Sambar Onions),finely chopped,False,False,False,False,
127,10,2 sprig Curry leaves,2,sprig,Curry leaves,Curry leaves,2,sprigs,,,,,Curry leaves,,False,False,False,False,
127,11,1/2 teaspoon Turmeric powder (Haldi),1/2,teaspoon,Turmeric powder (Haldi),Turmeric powder (Haldi),1/2,teaspoon,,,,,Turmeric powder (Haldi),,False,False,False,False,
127,12,1 teaspoon Salt - adjust as per your taste,1,teaspoon,Salt,Salt,1,teaspoon,,adjust as per your taste,,,Salt,adjust as per your taste,False,False,False,True,state
128,1,500 grams Prawns,500,grams,Prawns,Prawns,500,gram,,,,,Prawns,,False,False,False,False,
128,2,2 Onions - finely chopped,2,,Onions,Onions,2,,finely chopped,,,,Onions,finely chopped,False,False,False,False,
128,3,1 inch Ginger - finely chopped,1,inch,Ginger,Ginger,,,finely chopped,,,,Ginger,finely chopped,False,True,True,False,qty;unit
128,4,6 cloves Garlic,6,cloves,Garlic,Garlic,6,cloves,,,,,Garlic,,False,False,False,False,
128,5,1 tablespoons Red Chilli powder,1,tablespoons,Red Chilli powder,Red Chilli powder,1,tablespoon,,,,,Red Chilli powder,,False,False,False,False,
128,6,3/4 tablespoon Coriander Powder (Dhania),3/4,tablespoon,Coriander Powder (Dhania),Coriander Powder (Dhania),3/4,tablespoon,,,,,Coriander Powder (Dhania),,False,False,False,False,
128,7,1/4 teaspoon Turmeric powder (Haldi),1/4,teaspoon,Turmeric powder (Haldi),Turmeric powder (Haldi),1/4,teaspoon,,,,,Turmeric powder (Haldi),,False,False,False,False,
128,8,1/4 cup Fresh coconut - pieces,1/4,cup,Fresh coconut,Fresh coconut,1,piece,,,,Fresh,Fresh coconut,pieces,False,True,True,True,qty;unit;state
128,9,1 Kokum (Malabar Tamarind) - soaked,1,,Kokum (Malabar Tamarind),Kokum (Malabar Tamarind),1,,soaked,,,,Kokum (Malabar Tamarind),soaked,False,False,False,False,
128,10,2 Kokum (Malabar Tamarind) - soaked (for the curry),2,,Kokum (Malabar Tamarind),Kokum (Malabar Tamarind),2,,soaked,(for the curry),,,Kokum (Malabar Tamarind),soaked (for the curry),False,False,False,False,
128,11,1 sprig Curry leaves,1,sprig,Curry leaves,Curry leaves,1,sprig,,,,,Curry leaves,,False,False,False,False,
128,12,Water - enough to cook the prawns,,,Water,Water,,,,enough to cook the prawns,,,Water,enough to cook the prawns,False,False,False,True,state
128,13,Salt - to taste,,,Salt,Salt,,,,to taste,,,Salt,to taste,False,False,False,True,state
128,14,1 tablespoon Coconut Oil,1,tablespoon,Coconut Oil,Coconut Oil,1,tablespoon,,,,,Coconut Oil,,False,False,False,False,
128,15,1/4 teaspoon Mustard seeds,1/4,teaspoon,Mustard seeds,Mustard seeds,1/4,teaspoon,,,,,Mustard seeds,,False,False,False,False,
128,16,1 pinch Methi Powder (Fenugreek Powder),1,pinch,Methi Powder (Fenugreek Powder),Methi Powder,1,pinch,,(Fenugreek Powder),,,Methi Powder (Fenugreek Powder),,False,False,False,False,
128,17,1 sprig Curry leaves,1,sprig,Curry leaves,Curry leaves,1,sprig,,,,,Curry leaves,,False,False,False,False,
129,1,1-1/2 cups Mixed vegetables - (potatoes,1-1/2,cups,Mixed vegetables,Mixed vegetables - potatoes,1/2,cup,,,,,Mixed vegetables - potatoes,(potatoes,True,True,False,True,name;qty;state
129,2,1 Onion - thinly sliced,1,,Onion,Onion,1,,thinly sliced,,,,Onion,thinly sliced,False,False,False,False,
129,3,1 Tomato - roughly chopped,1,,Tomato,Tomato,1,,roughly chopped,,,,Tomato,roughly chopped,False,False,False,False,
129,4,1 Green Chilli - slit,1,,Green Chilli,Green Chilli,1,,slit,,,,Green Chilli,slit,False,False,False,False,
129,5,1 inch Ginger - thinly sliced,1,inch,Ginger,Ginger,,,thinly sliced,,,,Ginger,thinly sliced,False,True,True,False,qty;unit
129,6,2 Garlic - sliced,2,,Garlic,Garlic,2,,sliced,,,,Garlic,sliced,False,False,False,False,
129,7,1 sprig Curry leaves,1,sprig,Curry leaves,Curry leaves,1,sprig,,,,,Curry leaves,,False,False,False,False,
129,8,1 cup Coconut milk - thin,1,cup,Coconut milk,Coconut milk,1,cup,,thin,,,Coconut milk,thin,False,False,False,True,state
129,9,1 cup Coconut milk - thick,1,cup,Coconut milk,Coconut milk,1,cup,,,,,Coconut milk,thick,False,False,False,True,state
129,10,1/2 teaspoon Mustard seeds,1/2,teaspoon,Mustard seeds,Mustard seeds,1/2,teaspoon,,,,,Mustard seeds,,False,False,False,False,
129,11,1/2 teaspoon Black pepper powder,1/2,teaspoon,Black pepper powder,Black pepper powder,1/2,teaspoon,,,,,Black pepper powder,,False,False,False,False,
129,12,2 teaspoon Sunflower Oil,2,teaspoon,Sunflower Oil,Sunflower Oil,2,teaspoon,,,,,Sunflower Oil,,False,False,False,False,
129,13,1 teaspoon Coconut Oil,1,teaspoon,Coconut Oil,Coconut Oil,1,teaspoon,,,,,Coconut Oil,,False,False,False,False,
129,14,1 teaspoon Lemon juice,1,teaspoon,Lemon juice,Lemon juice,1,teaspoon,,,,,Lemon juice,,False,False,False,False,
129,15,2 sprig Mint Leaves (Pudina) - made to paste,2,sprig,Mint Leaves (Pudina),Mint Leaves (Pudina),2,sprigs,,made to paste,,,Mint Leaves (Pudina),made to paste,False,False,False,True,state
129,16,Salt - to taste,,,Salt,Salt,,,,to taste,,,Salt,to taste,False,False,False,True,state
130,1,20 Button mushrooms - finely chopped,20,,Button mushrooms,Button mushrooms,20,,finely chopped,,,,Button mushrooms,finely chopped,False,False,False,False,
130,2,1/2 teaspoon Turmeric powder (Haldi),1/2,teaspoon,Turmeric powder (Haldi),Turmeric powder (Haldi),1/2,teaspoon,,,,,Turmeric powder (Haldi),,False,False,False,False,
130,3,2 tablespoon Sunflower Oil,2,tablespoon,Sunflower Oil,Sunflower Oil,2,tablespoon,,,,,Sunflower Oil,,False,False,False,False,
130,4,Salt - to taste,,,Salt,Salt,,,,to taste,,,Salt,to taste,False,False,False,True,state
130,5,4 tablespoon Fresh coconut - grated,4,tablespoon,Fresh coconut,Fresh coconut,4,tablespoon,grated,,,Fresh,Fresh coconut,grated,False,False,False,False,
130,6,4 Shallots,4,,Shallots,Shallots,4,,,,,,Shallots,,False,False,False,False,
130,7,2 Green Chillies,2,,Green Chillies,Green Chillies,2,,,,,,Green Chillies,,False,False,False,False,
130,8,5 Curry leaves,5,,Curry leaves,Curry leaves,5,,,,,,Curry leaves,,False,False,False,False,
130,9,1/2 teaspoon Cumin seeds (Jeera),1/2,teaspoon,Cumin seeds (Jeera),Cumin seeds (Jeera),1/2,teaspoon,,,,,Cumin seeds (Jeera),,False,False,False,False,
130,10,1 teaspoon Mustard seeds,1,teaspoon,Mustard seeds,Mustard seeds,1,teaspoon,,,,,Mustard seeds,,False,False,False,False,
130,11,1 teaspoon Cumin seeds (Jeera),1,teaspoon,Cumin seeds (Jeera),Cumin seeds (Jeera),1,teaspoon,,,,,Cumin seeds (Jeera),,False,False,False,False,
130,12,2 sprig Curry leaves,2,sprig,Curry leaves,Curry leaves,2,sprigs,,,,,Curry leaves,,False,False,False,False,
130,13,2 Dry Red Chillies,2,,Dry Red Chillies,Dry Red Chillies,2,,,,,Dry,Dry Red Chillies,,False,False,False,False,
131,1,1/2 cup Ragi Flour (Finger Millet/ Nagli),1/2,cup,Ragi Flour (Finger Millet/ Nagli),Ragi Flour,1/2,cup,,(Finger Millet/Nagli),,,Ragi Flour (Finger Millet/ Nagli),,False,False,False,False,
131,2,1/2 cup Bajra Flour ( Pearl Millet),1/2,cup,Bajra Flour ( Pearl Millet),Bajra Flour (Pearl Millet),1/2,cup,,,,,Bajra Flour (Pearl Millet),,True,False,False,False,name
131,3,1 cup Rice flour,1,cup,Rice flour,Rice flour,1,cup,,,,,Rice flour,,False,False,False,False,
131,4,1 cup Drumstick Leaves (Moringa/Murungai Keerai),1,cup,Drumstick Leaves (Moringa/Murungai Keerai),Drumstick Leaves,1,cup,,(Moringa/Murungai Keerai),,,Drumstick Leaves (Moringa/Murungai Keerai),,False,False,False,False,
131,5,Salt - as required,,,Salt,Salt,,,,as required,,,Salt,as required,False,False,False,True,state
131,6,Water - as required,,,Water,Water,,,,as required,,,Water,as required,False,False,False,True,state
131,7,2 teaspoons Ghee,2,teaspoons,Ghee,Ghee,2,teaspoon,,,,,Ghee,,False,False,False,False,
131,8,1 cup Fresh coconut - grated,1,cup,Fresh coconut,Fresh coconut,1,cup,grated,,,Fresh,Fresh coconut,grated,False,False,False,False,
132,1,2 cups Whole Wheat Flour,2,cups,Whole Wheat Flour,Whole Wheat Flour,2,cup,,,,,Whole Wheat Flour,,False,False,False,False,
132,2,1 tablespoon Ghee - for dough,1,tablespoon,Ghee,Ghee,1,tablespoon,,,for dough,,Ghee,for dough,False,False,False,True,state
132,3,1/2 cup Milk,1/2,cup,Milk,Milk,1/2,cup,,,,,Milk,,False,False,False,False,
132,4,1/2 teaspoon Sugar,1/2,teaspoon,Sugar,Sugar,1/2,teaspoon,,,,,Sugar,,False,False,False,False,
132,5,Water - Lukewarm,,,Water,Water,,,Lukewarm,,,,Water,Lukewarm,False,False,False,False,
132,6,Ghee - Melted,,,Ghee,Ghee,,,Melted,,,,Ghee,Melted,False,False,False,False,
132,7,Salt - to taste,,,Salt,Salt,,,,to taste,,,Salt,to taste,False,False,False,True,state
133,1,3 cups Basmati rice - soaked for 25-35 minutes,3,cups,Basmati rice,Basmati rice,3,cup,soaked for 25-35 minutes,,,,Basmati rice,soaked for 25-35 minutes,False,False,False,False,
133,2,6 Cardamom (Elaichi) Pods/Seeds,6,,Cardamom (Elaichi) Pods/Seeds,Cardamom (Elaichi) Seeds,6,Pods,,,,,Cardamom (Elaichi) Pods/Seeds,,False,False,True,False,unit
133,3,6 Cloves (Laung),6,Cloves,(Laung),Cloves,6,,,(Laung),,,Cloves,,True,False,True,False,name;unit
133,4,1 Cinnamon Stick (Dalchini),1,,Cinnamon Stick (Dalchini),Cinnamon Sticks (Dalchini),1,,,,,,Cinnamon Sticks (Dalchini),,True,False,False,False,name
133,5,1 teaspoon Coriander (Dhania) Leaves - finely chopped,1,teaspoon,Coriander (Dhania) Leaves,Coriander (Dhania),1,teaspoon,finely chopped,Leaves,,,Coriander (Dhania) Leaves,finely chopped,False,False,False,False,
133,6,1 teaspoon Mint Leaves (Pudina) - finely chopped,1,teaspoon,Mint Leaves (Pudina),Mint Leaves (Pudina),1,teaspoon,finely chopped,,,,Mint Leaves (Pudina),finely chopped,False,False,False,False,
133,7,3 tablespoons Ghee,3,tablespoons,Ghee,Ghee,3,tablespoon,,,,,Ghee,,False,False,False,False,
133,8,3-4 tablespoons Lemon juice,3-4,tablespoons,Lemon juice,Lemon juice,3,tablespoon,,,,,Lemon juice,,False,True,False,False,qty
133,9,Salt - to taste,,,Salt,Salt,,,,to taste,,,Salt,to taste,False,False,False,True,state
133,10,1/2 kg Prawns - cleaned and deveined,1/2,kg,Prawns,Prawns,1/2,kilogram,cleaned and deveined,,,,Prawns,cleaned and deveined,False,False,False,False,
133,11,1 tablespoon Ginger Garlic Paste,1,tablespoon,Ginger Garlic Paste,Ginger Garlic Paste,1,tablespoon,,,,,Ginger Garlic Paste,,False,False,False,False,
133,12,1/2 tablespoon Red Chilli powder,1/2,tablespoon,Red Chilli powder,Red Chilli powder,1/2,tablespoon,,,,,Red Chilli powder,,False,False,False,False,
133,13,1/2 teaspoon Whole Black Peppercorns - ground,1/2,teaspoon,Whole Black Peppercorns,Whole Black Peppercorns,1/2,teaspoon,ground,,,,Whole Black Peppercorns,ground,False,False,False,False,
133,14,Salt - to taste,,,Salt,Salt,,,,to taste,,,Salt,to taste,False,False,False,True,state
133,15,3 Onions - finely chopped,3,,Onions,Onions,3,,finely chopped,,,,Onions,finely chopped,False,False,False,False,
133,16,1/2 tablespoon Ginger - paste,1/2,tablespoon,Ginger,Ginger - paste,1/2,tablespoon,,,,,Ginger - paste,paste,True,False,False,True,name;state
133,17,1/2 tablespoon Garlic - paste,1/2,tablespoon,Garlic,Garlic - paste,1/2,tablespoon,,,,,Garlic - paste,paste,True,False,False,True,name;state
133,18,5 - 6 Green Chillies,5-6,,Green Chillies,Green Chillies,5,,,,,,Green Chillies,6 Green Chillies,False,True,False,True,qty;state
133,19,2 - 3 Tomatoes - finely chopped,2-3,,Tomatoes,Tomatoes,2,,finely chopped,,,,Tomatoes,3 Tomatoes - finely chopped,False,True,False,False,qty
133,20,1 Fresh coconut - handful,1,,Fresh coconut,Fresh coconut,1,handful,,,,Fresh,Fresh coconut,handful,False,False,True,True,unit;state
133,21,1 Coriander (Dhania) Leaves - handful,1,,Coriander (Dhania) Leaves,Coriander (Dhania),1,Leaf handful,,,,,Coriander (Dhania) Leaves,handful,False,False,True,True,unit;state
133,22,1/4 cup Mint Leaves (Pudina) - finely chopped,1/4,cup,Mint Leaves (Pudina),Mint Leaves (Pudina),1/4,cup,finely chopped,,,,Mint Leaves (Pudina),finely chopped,False,False,False,False,
133,23,1/2 cup Curd (Dahi / Yogurt),1/2,cup,Curd (Dahi / Yogurt),Curd,1/2,cup,,(Dahi/Yogurt),,,Curd (Dahi / Yogurt),,False,False,False,False,
133,24,6 - 8 Cashew nuts - soaked in 2 tablespoons water,6-8,,Cashew nuts,Cashew nuts,6,,soaked in 2 tablespoons water,,,,Cashew nuts,8 Cashew nuts - soaked in 2 tablespoons water,False,True,False,False,qty
133,25,1 teaspoon Garam masala powder,1,teaspoon,Garam masala powder,Garam masala powder,1,teaspoon,,,,,Garam masala powder,,False,False,False,False,
133,26,Sunflower Oil - vegetable oil,,,Sunflower Oil,Sunflower Oil - vegetable oil,,,,,,,Sunflower Oil - vegetable oil,vegetable oil,True,False,False,True,name;state
133,27,1 Salt - to taste,1,,Salt,Salt,1,,,to taste,,,Salt,to taste,False,False,False,True,state
133,28,1 Cashew nuts - handful,1,,Cashew nuts,Cashew nuts,1,handful,,,,,Cashew nuts,handful,False,False,True,True,unit;state
133,29,1 Raisins - handful,1,,Raisins,Raisins,1,handful,,,,,Raisins,handful,False,False,True,True,unit;state
133,30,1 Onion - finely sliced,1,,Onion,Onion,1,,finely sliced,,,,Onion,finely sliced,False,False,False,False,
133,31,1 teaspoon Coriander (Dhania) Leaves - finely chopped,1,teaspoon,Coriander (Dhania) Leaves,Coriander (Dhania),1,teaspoon,finely chopped,Leaves,,,Coriander (Dhania) Leaves,finely chopped,False,False,False,False,
133,32,1 teaspoon Mint Leaves (Pudina) - finely chopped,1,teaspoon,Mint Leaves (Pudina),Mint Leaves (Pudina),1,teaspoon,finely chopped,,,,Mint Leaves (Pudina),finely chopped,False,False,False,False,
133,33,1 teaspoon Mint Leaves (Pudina) - finely chopped,1,teaspoon,Mint Leaves (Pudina),Mint Leaves (Pudina),1,teaspoon,finely chopped,,,,Mint Leaves (Pudina),finely chopped,False,False,False,False,
134,1,2 cups Whole Wheat Flour,2,cups,Whole Wheat Flour,Whole Wheat Flour,2,cup,,,,,Whole Wheat Flour,,False,False,False,False,
134,2,1 cup Sugar,1,cup,Sugar,Sugar,1,cup,,,,,Sugar,,False,False,False,False,
134,3,1/2 teaspoon Cooking soda,1/2,teaspoon,Cooking soda,Cooking soda,1/2,teaspoon,,,,,Cooking soda,,False,False,False,False,
134,4,1 teaspoon Butter,1,teaspoon,Butter,Butter,1,teaspoon,,,,,Butter,,False,False,False,False,
134,5,1/4 teaspoon Salt,1/4,teaspoon,Salt,Salt,1/4,teaspoon,,,,,Salt,,False,False,False,False,
134,6,1 teaspoon Cardamom Powder (Elaichi),1,teaspoon,Cardamom Powder (Elaichi),Cardamom Powder (Elaichi),1,teaspoon,,,,,Cardamom Powder (Elaichi),,False,False,False,False,
134,7,1/2 cup Milk,1/2,cup,Milk,Milk,1/2,cup,,,,,Milk,,False,False,False,False,
134,8,Water - as required,,,Water,Water,,,,as required,,,Water,as required,False,False,False,True,state
134,9,Sunflower Oil - to deep fry,,,Sunflower Oil,Sunflower Oil,,,,to deep fry,,,Sunflower Oil,to deep fry,False,False,False,True,state
135,1,1/2 cup Arhar dal (Split Toor Dal),1/2,cup,Arhar dal (Split Toor Dal),Arhar dal (Split Toor Dal),1/2,cup,,,,,Arhar dal (Split Toor Dal),,False,False,False,False,
135,2,2 Potato (Aloo) - peel the skin and cut into large cubes,2,,Potato (Aloo),Potato (Aloo),2,,peel the skin and cut into large cubes,,,,Potato (Aloo),peel the skin and cut into large cubes,False,False,False,False,
135,3,1 Drumstick - cut into 2 inch pieces,1,,Drumstick,Drumstick,1,,cut into 2 inch pieces,,,,Drumstick,cut into 2 inch pieces,False,False,False,False,
135,4,2 cups Vellai Poosanikai (Ash gourd/White Pumpkin) - cut into medium sized cubes,2,cups,Vellai Poosanikai (Ash gourd/White Pumpkin),Vellai Poosanikai White Pumpkin,2,cup,cut into medium sized cubes,Ash gourd,,,Vellai Poosanikai (Ash gourd/White Pumpkin),cut into medium sized cubes,False,False,False,False,
135,5,2 Carrots (Gajjar) - cubed,2,,Carrots (Gajjar),Carrots (Gajjar),2,,cubed,,,,Carrots (Gajjar),cubed,False,False,False,False,
135,6,6 Bhindi (Lady Finger/Okra) - cut into 1 and ½ inch pieces,6,,Bhindi (Lady Finger/Okra),Bhindi Okra,6,,cut into 1 and 1/2 inch pieces,Lady Finger,,,Bhindi (Lady Finger/Okra),cut into 1 and ½ inch pieces,False,False,False,False,
135,7,1 Tomato - diced,1,,Tomato,Tomato,1,,diced,,,,Tomato,diced,False,False,False,False,
135,8,10 Shallots - whole or cut into half,10,,Shallots,Shallots,10,,,whole or cut into half,,,Shallots,whole or cut into half,False,False,False,True,state
135,9,1-1/2 cup Tamarind Water,1-1/2,cup,Tamarind Water,Tamarind Water,1/2,cup,,,,,Tamarind Water,,False,True,False,False,qty
135,10,1 teaspoon Turmeric powder (Haldi),1,teaspoon,Turmeric powder (Haldi),Turmeric powder (Haldi),1,teaspoon,,,,,Turmeric powder (Haldi),,False,False,False,False,
135,11,2 Green Chillies - slit lengthwise,2,,Green Chillies,Green Chillies,2,,slit lengthwise,,,,Green Chillies,slit lengthwise,False,False,False,False,
135,12,1 sprig Curry leaves,1,sprig,Curry leaves,Curry leaves,1,sprig,,,,,Curry leaves,,False,False,False,False,
135,13,5 sprig Coriander (Dhania) Leaves - freshly chopped,5,sprig,Coriander (Dhania) Leaves,Coriander (Dhania),5,sprigs,freshly chopped,Leaves,,,Coriander (Dhania) Leaves,freshly chopped,False,False,False,False,
135,14,Salt - to taste,,,Salt,Salt,,,,to taste,,,Salt,to taste,False,False,False,True,state
135,15,1/2 cup Fresh coconut - grated,1/2,cup,Fresh coconut,Fresh coconut,1/2,cup,grated,,,Fresh,Fresh coconut,grated,False,False,False,False,
135,16,3 teaspoon Coriander (Dhania) Seeds,3,teaspoon,Coriander (Dhania) Seeds,Coriander (Dhania) Seeds,3,teaspoon,,,,,Coriander (Dhania) Seeds,,False,False,False,False,
135,17,4 Dry Red Chillies,4,,Dry Red Chillies,Dry Red Chillies,4,,,,,Dry,Dry Red Chillies,,False,False,False,False,
135,18,1 teaspoon Black Urad Dal (Split),1,teaspoon,Black Urad Dal (Split),Black Urad Dal (Split),1,teaspoon,,,,,Black Urad Dal (Split),,False,False,False,False,
135,19,1 teaspoon Chana dal (Bengal Gram Dal),1,teaspoon,Chana dal (Bengal Gram Dal),Chana dal,1,teaspoon,,(Bengal Grams Dal),,,Chana dal (Bengal Gram Dal),,False,False,False,False,
135,20,1/4 teaspoon Methi Seeds (Fenugreek Seeds),1/4,teaspoon,Methi Seeds (Fenugreek Seeds),Methi Seeds (Fenugreek Seeds),1/4,teaspoon,,,,,Methi Seeds (Fenugreek Seeds),,False,False,False,False,
135,21,1/4 teaspoon Asafoetida (hing),1/4,teaspoon,Asafoetida (hing),Asafoetida (hing),1/4,teaspoon,,,,,Asafoetida (hing),,False,False,False,False,
135,22,1 Curry leaves - few,1,,Curry leaves,Curry leaves,1,,,,,,Curry leaves,few,False,False,False,True,state
135,23,1 teaspoon Coconut Oil,1,teaspoon,Coconut Oil,Coconut Oil,1,teaspoon,,,,,Coconut Oil,,False,False,False,False,
135,24,2 teaspoons Coconut Oil,2,teaspoons,Coconut Oil,Coconut Oil,2,teaspoon,,,,,Coconut Oil,,False,False,False,False,
135,25,1/2 teaspoon Mustard seeds,1/2,teaspoon,Mustard seeds,Mustard seeds,1/2,teaspoon,,,,,Mustard seeds,,False,False,False,False,
135,26,2 Shallots - finely sliced (optional),2,,Shallots,Shallots,2,,finely sliced,(optional),,,Shallots,finely sliced (optional),False,False,False,False,
135,27,2 Dry Red Chillies,2,,Dry Red Chillies,Dry Red Chillies,2,,,,,Dry,Dry Red Chillies,,False,False,False,False,
135,28,1 sprig Curry leaves,1,sprig,Curry leaves,Curry leaves,1,sprig,,,,,Curry leaves,,False,False,False,False,
136,1,1 cup Kala Chana (Brown Chickpeas) - soaked overnight and cooked,1,cup,Kala Chana (Brown Chickpeas),Kala Chana (Brown Chickpeas),1,cup,soaked overnight and cooked,,,,Kala Chana (Brown Chickpeas),soaked overnight and cooked,False,False,False,False,
136,2,1 tablespoon Coconut Oil,1,tablespoon,Coconut Oil,Coconut Oil,1,tablespoon,,,,,Coconut Oil,,False,False,False,False,
136,3,1/2 teaspoon Mustard seeds,1/2,teaspoon,Mustard seeds,Mustard seeds,1/2,teaspoon,,,,,Mustard seeds,,False,False,False,False,
136,4,2 sprig Curry leaves - finely chopped,2,sprig,Curry leaves,Curry leaves,2,sprigs,finely chopped,,,,Curry leaves,finely chopped,False,False,False,False,
136,5,2 Green Chillies - slit,2,,Green Chillies,Green Chillies,2,,slit,,,,Green Chillies,slit,False,False,False,False,
136,6,15 Pearl onions (Sambar Onions) - finely chopped,15,,Pearl onions (Sambar Onions),Pearl onions (Sambar Onions),15,,finely chopped,,,,Pearl onions (Sambar Onions),finely chopped,False,False,False,False,
136,7,5 cloves Garlic - finely chopped,5,cloves,Garlic,Garlic,5,cloves,finely chopped,,,,Garlic,finely chopped,False,False,False,False,
136,8,1 inch Ginger - finely chopped,1,inch,Ginger,Ginger,,,finely chopped,,,,Ginger,finely chopped,False,True,True,False,qty;unit
136,9,1/2 cup Homemade tomato puree,1/2,cup,Homemade tomato puree,Homemade tomato puree,1/2,cup,,,,,Homemade tomato puree,,False,False,False,False,
136,10,1/4 teaspoon Turmeric powder (Haldi),1/4,teaspoon,Turmeric powder (Haldi),Turmeric powder (Haldi),1/4,teaspoon,,,,,Turmeric powder (Haldi),,False,False,False,False,
136,11,1/2 teaspoon Red Chilli powder,1/2,teaspoon,Red Chilli powder,Red Chilli powder,1/2,teaspoon,,,,,Red Chilli powder,,False,False,False,False,
136,12,Salt - to taste,,,Salt,Salt,,,,to taste,,,Salt,to taste,False,False,False,True,state
136,13,1 cup Fresh coconut,1,cup,Fresh coconut,Fresh coconut,1,cup,,,,Fresh,Fresh coconut,,False,False,False,False,
136,14,2 tablespoons Coriander (Dhania) Seeds,2,tablespoons,Coriander (Dhania) Seeds,Coriander (Dhania) Seeds,2,tablespoon,,,,,Coriander (Dhania) Seeds,,False,False,False,False,
136,15,1 teaspoon Fennel seeds (Saunf),1,teaspoon,Fennel seeds (Saunf),Fennel seeds (Saunf),1,teaspoon,,,,,Fennel seeds (Saunf),,False,False,False,False,
137,1,1 Raw Banana - peeled and cut into small cubes,1,,Raw Banana,Raw Banana,1,,peeled and cut into small cubes,,,,Raw Banana,peeled and cut into small cubes,False,False,False,False,
137,2,1 cup Kaddu (Parangikai/ Pumpkin) - cut into small cubes,1,cup,Kaddu (Parangikai/ Pumpkin),Kaddu Pumpkin,1,cup,cut into small cubes,Parangikai,,,Kaddu (Parangikai/ Pumpkin),cut into small cubes,False,False,False,False,
137,3,6 Bhindi (Lady Finger/Okra) - cut into 1 inch pieces,6,,Bhindi (Lady Finger/Okra),Bhindi Okra,6,,cut into 1 inch pieces,Lady Finger,,,Bhindi (Lady Finger/Okra),cut into 1 inch pieces,False,False,False,False,
137,4,20 grams Tamarind - lemon sized,20,grams,Tamarind,Tamarind,20,gram,,lemon sized,,,Tamarind,lemon sized,False,False,False,True,state
137,5,1/2 teaspoon Turmeric powder (Haldi),1/2,teaspoon,Turmeric powder (Haldi),Turmeric powder (Haldi),1/2,teaspoon,,,,,Turmeric powder (Haldi),,False,False,False,False,
137,6,1 teaspoon Jaggery,1,teaspoon,Jaggery,Jaggery,1,teaspoon,,,,,Jaggery,,False,False,False,False,
137,7,2 tablespoons Rice,2,tablespoons,Rice,Rice,2,tablespoon,,,,,Rice,,False,False,False,False,
137,8,1 teaspoon Methi Seeds (Fenugreek Seeds),1,teaspoon,Methi Seeds (Fenugreek Seeds),Methi Seeds (Fenugreek Seeds),1,teaspoon,,,,,Methi Seeds (Fenugreek Seeds),,False,False,False,False,
137,9,7 Dry Red Chillies,7,,Dry Red Chillies,Dry Red Chillies,7,,,,,Dry,Dry Red Chillies,,False,False,False,False,
137,10,1 teaspoon Mustard seeds,1,teaspoon,Mustard seeds,Mustard seeds,1,teaspoon,,,,,Mustard seeds,,False,False,False,False,
137,11,1 sprig Curry leaves,1,sprig,Curry leaves,Curry leaves,1,sprig,,,,,Curry leaves,,False,False,False,False,
137,12,1/4 teaspoon Asafoetida (hing),1/4,teaspoon,Asafoetida (hing),Asafoetida (hing),1/4,teaspoon,,,,,Asafoetida (hing),,False,False,False,False,
137,13,Coconut Oil - for cooking,,,Coconut Oil,Coconut Oil,,,,,for cooking,,Coconut Oil,for cooking,False,False,False,True,state
137,14,Salt - to taste,,,Salt,Salt,,,,to taste,,,Salt,to taste,False,False,False,True,state
138,1,2 raw banana peel,2,,raw banana peel,raw banana peel,2,,,,,,raw banana peel,,False,False,False,False,
138,2,1/4 teaspoon turmeric powder,1/4,teaspoon,turmeric powder,turmeric powder,1/4,teaspoon,,,,,turmeric powder,,False,False,False,False,
138,3,2 cups water,2,cups,water,water,2,cup,,,,,water,,False,False,False,False,
138,4,salt,,,salt,salt,,,,,,,salt,,False,False,False,False,
138,5,1/2 cup coconut - grated,1/2,cup,coconut,coconut,1/2,cup,grated,,,,coconut,grated,False,False,False,False,
138,6,3 cloves garlic,3,cloves,garlic,garlic,3,cloves,,,,,garlic,,False,False,False,False,
138,7,1/2 teaspoon cumin,1/2,teaspoon,cumin,cumin,1/2,teaspoon,,,,,cumin,,False,False,False,False,
138,8,4 green chillies,4,,green chillies,green chillies,4,,,,,,green chillies,,False,False,False,False,
138,9,4 small onions,4,,small onions,onions,4,,,,,,small onions,,False,False,False,False,
138,10,salt,,,salt,salt,,,,,,,salt,,False,False,False,False,
138,11,1 tablespoon oil,1,tablespoon,oil,oil,1,tablespoon,,,,,oil,,False,False,False,False,
138,12,1/4 teaspoon mustard,1/4,teaspoon,mustard,mustard,1/4,teaspoon,,,,,mustard,,False,False,False,False,
138,13,2 dry red chillies,2,,dry red chillies,dry red chillies,2,,,,,Dry,dry red chillies,,False,False,False,False,
138,14,8 curry leaves,8,,curry leaves,curry leaves,8,,,,,,curry leaves,,False,False,False,False,
139,1,1 Jackfruit Raw (Kathal) - with skin shaved off,1,,Jackfruit Raw (Kathal),Jackfruit Raw (Kathal),1,,with skin shaved off,,,,Jackfruit Raw (Kathal),with skin shaved off,False,False,False,False,
139,2,1 teaspoon Turmeric powder (Haldi),1,teaspoon,Turmeric powder (Haldi),Turmeric powder (Haldi),1,teaspoon,,,,,Turmeric powder (Haldi),,False,False,False,False,
139,3,1/2 cup Fresh coconut - grated,1/2,cup,Fresh coconut,Fresh coconut,1/2,cup,grated,,,Fresh,Fresh coconut,grated,False,False,False,False,
139,4,3 Dry Red Chillies,3,,Dry Red Chillies,Dry Red Chillies,3,,,,,Dry,Dry Red Chillies,,False,False,False,False,
139,5,1 Onion - finely chopped,1,,Onion,Onion,1,,finely chopped,,,,Onion,finely chopped,False,False,False,False,
139,6,2 Green Chillies - finely chopped,2,,Green Chillies,Green Chillies,2,,finely chopped,,,,Green Chillies,finely chopped,False,False,False,False,
139,7,1/2 teaspoon Cumin seeds (Jeera),1/2,teaspoon,Cumin seeds (Jeera),Cumin seeds (Jeera),1/2,teaspoon,,,,,Cumin seeds (Jeera),,False,False,False,False,
139,8,1/2 teaspoon Mustard seeds,1/2,teaspoon,Mustard seeds,Mustard seeds,1/2,teaspoon,,,,,Mustard seeds,,False,False,False,False,
139,9,1 teaspoon White Urad Dal (Split),1,teaspoon,White Urad Dal (Split),White Urad Dal (Split),1,teaspoon,,,,,White Urad Dal (Split),,False,False,False,False,
139,10,1 sprig Curry leaves,1,sprig,Curry leaves,Curry leaves,1,sprig,,,,,Curry leaves,,False,False,False,False,
139,11,1/2 teaspoon Asafoetida (hing),1/2,teaspoon,Asafoetida (hing),Asafoetida (hing),1/2,teaspoon,,,,,Asafoetida (hing),,False,False,False,False,
139,12,Salt - to taste,,,Salt,Salt,,,,to taste,,,Salt,to taste,False,False,False,True,state
140,1,2 cups Drumstick Leaves (Moringa/Murungai Keerai) - or Murrungai Keerai,2,cups,Drumstick Leaves (Moringa/Murungai Keerai),Drumstick Leaves Murungai Keerai; Murrungai Keerai,2,cup,,Moringa,,,Drumstick Leaves Murungai Keerai; Murrungai Keerai,or Murrungai Keerai,True,False,False,True,name;state
140,2,1 cup Pearl onions (Sambar Onions) - chopped,1,cup,Pearl onions (Sambar Onions),Pearl onions (Sambar Onions),1,cup,chopped,,,,Pearl onions (Sambar Onions),chopped,False,False,False,False,
140,3,1 inch Ginger - chopped,1,inch,Ginger,Ginger,,,chopped,,,,Ginger,chopped,False,True,True,False,qty;unit
140,4,1 sprig Curry leaves,1,sprig,Curry leaves,Curry leaves,1,sprig,,,,,Curry leaves,,False,False,False,False,
140,5,1 teaspoon Mustard seeds,1,teaspoon,Mustard seeds,Mustard seeds,1,teaspoon,,,,,Mustard seeds,,False,False,False,False,
140,6,Salt - to taste,,,Salt,Salt,,,,to taste,,,Salt,to taste,False,False,False,True,state
140,7,Coconut Oil - for cooking,,,Coconut Oil,Coconut Oil,,,,,for cooking,,Coconut Oil,for cooking,False,False,False,True,state
140,8,1/2 cup Fresh coconut,1/2,cup,Fresh coconut,Fresh coconut,1/2,cup,,,,Fresh,Fresh coconut,,False,False,False,False,
140,9,1 tablespoon Cumin seeds (Jeera),1,tablespoon,Cumin seeds (Jeera),Cumin seeds (Jeera),1,tablespoon,,,,,Cumin seeds (Jeera),,False,False,False,False,
140,10,1 tablespoon Turmeric powder (Haldi),1,tablespoon,Turmeric powder (Haldi),Turmeric powder (Haldi),1,tablespoon,,,,,Turmeric powder (Haldi),,False,False,False,False,
140,11,1 tablespoon Red Chilli powder,1,tablespoon,Red Chilli powder,Red Chilli powder,1,tablespoon,,,,,Red Chilli powder,,False,False,False,False,
141,1,300 gram Fish,300,gram,Fish,Fish,300,gram,,,,,Fish,,False,False,False,False,
141,2,3 teaspoon Sunflower Oil,3,teaspoon,Sunflower Oil,Sunflower Oil,3,teaspoon,,,,,Sunflower Oil,,False,False,False,False,
141,3,1/2 teaspoon Cumin seeds (Jeera),1/2,teaspoon,Cumin seeds (Jeera),Cumin seeds (Jeera),1/2,teaspoon,,,,,Cumin seeds (Jeera),,False,False,False,False,
141,4,1 Onion - chopped,1,,Onion,Onion,1,,chopped,,,,Onion,chopped,False,False,False,False,
141,5,1 teaspoon Ginger - paste,1,teaspoon,Ginger,Ginger - paste,1,teaspoon,,,,,Ginger - paste,paste,True,False,False,True,name;state
141,6,2 Tomatoes - chopped,2,,Tomatoes,Tomatoes,2,,chopped,,,,Tomatoes,chopped,False,False,False,False,
141,7,3 cloves Garlic - finely chopped,3,cloves,Garlic,Garlic,3,cloves,finely chopped,,,,Garlic,finely chopped,False,False,False,False,
141,8,1/4 teaspoon Turmeric powder (Haldi),1/4,teaspoon,Turmeric powder (Haldi),Turmeric powder (Haldi),1/4,teaspoon,,,,,Turmeric powder (Haldi),,False,False,False,False,
141,9,1/2 teaspoon Red Chilli powder,1/2,teaspoon,Red Chilli powder,Red Chilli powder,1/2,teaspoon,,,,,Red Chilli powder,,False,False,False,False,
141,10,1/4 teaspoon Vinegar,1/4,teaspoon,Vinegar,Vinegar,1/4,teaspoon,,,,,Vinegar,,False,False,False,False,
141,11,1/4 Lemon juice,1/4,,Lemon juice,Lemon juice,1/4,,,,,,Lemon juice,,False,False,False,False,
141,12,50 ml Coconut milk,50,ml,Coconut milk,Coconut milk,50,milliliter,,,,,Coconut milk,,False,False,False,False,
141,13,Salt - to taste,,,Salt,Salt,,,,to taste,,,Salt,to taste,False,False,False,True,state
142,1,300 grams Green beans (French Beans) - cut into inch long pieces,300,grams,Green beans (French Beans),Green beans,300,gram,cut into inch long pieces,(French Beans),,,Green beans (French Beans),cut into inch long pieces,False,False,False,False,
142,2,2 Onion - thinly sliced,2,,Onion,Onion,2,,thinly sliced,,,,Onion,thinly sliced,False,False,False,False,
142,3,1 teaspoon Mustard seeds,1,teaspoon,Mustard seeds,Mustard seeds,1,teaspoon,,,,,Mustard seeds,,False,False,False,False,
142,4,1 sprig Curry leaves,1,sprig,Curry leaves,Curry leaves,1,sprig,,,,,Curry leaves,,False,False,False,False,
142,5,1/2 teaspoon Turmeric powder (Haldi),1/2,teaspoon,Turmeric powder (Haldi),Turmeric powder (Haldi),1/2,teaspoon,,,,,Turmeric powder (Haldi),,False,False,False,False,
142,6,1 teaspoon Black pepper powder,1,teaspoon,Black pepper powder,Black pepper powder,1,teaspoon,,,,,Black pepper powder,,False,False,False,False,
142,7,1 teaspoon Coconut Oil,1,teaspoon,Coconut Oil,Coconut Oil,1,teaspoon,,,,,Coconut Oil,,False,False,False,False,
142,8,Salt - to taste,,,Salt,Salt,,,,to taste,,,Salt,to taste,False,False,False,True,state
143,1,2 cups Elephant yam (Suran/Senai/Ratalu) - cubed,2,cups,Elephant yam (Suran/Senai/Ratalu),Elephant yam Ratalu,2,cup,cubed,Suran/Senai,,,Elephant yam (Suran/Senai/Ratalu),cubed,False,False,False,False,
143,2,2-1/2 cups Water,2-1/2,cups,Water,Water,1/2,cup,,,,,Water,,False,True,False,False,qty
143,3,8 Garlic - cloves,8,,Garlic,Garlic,8,cloves,,,,,Garlic,cloves,False,False,True,True,unit;state
143,4,1 Onion - finely chopped,1,,Onion,Onion,1,,finely chopped,,,,Onion,finely chopped,False,False,False,False,
143,5,1/2 teaspoon Turmeric powder (Haldi),1/2,teaspoon,Turmeric powder (Haldi),Turmeric powder (Haldi),1/2,teaspoon,,,,,Turmeric powder (Haldi),,False,False,False,False,
143,6,1-1/2 teaspoon Red Chilli powder,1-1/2,teaspoon,Red Chilli powder,Red Chilli powder,1/2,teaspoon,,,,,Red Chilli powder,,False,True,False,False,qty
143,7,1/2 teaspoon Black pepper powder,1/2,teaspoon,Black pepper powder,Black pepper powder,1/2,teaspoon,,,,,Black pepper powder,,False,False,False,False,
143,8,1/2 teaspoon Fennel Powder,1/2,teaspoon,Fennel Powder,Fennel Powder,1/2,teaspoon,,,,,Fennel Powder,,False,False,False,False,
143,9,1 tablespoon Sunflower Oil,1,tablespoon,Sunflower Oil,Sunflower Oil,1,tablespoon,,,,,Sunflower Oil,,False,False,False,False,
143,10,1 teaspoon Mustard seeds,1,teaspoon,Mustard seeds,Mustard seeds,1,teaspoon,,,,,Mustard seeds,,False,False,False,False,
143,11,6 Curry leaves,6,,Curry leaves,Curry leaves,6,,,,,,Curry leaves,,False,False,False,False,
144,1,3 Carrots (Gajjar) - grated,3,,Carrots (Gajjar),Carrots (Gajjar),3,,grated,,,,Carrots (Gajjar),grated,False,False,False,False,
144,2,1/2 Cabbage (Patta Gobi/ Muttaikose) - finely chopped,1/2,,Cabbage (Patta Gobi/ Muttaikose),Cabbage,1/2,,finely chopped,(Patta Gobi/Muttaikose),,,Cabbage (Patta Gobi/ Muttaikose),finely chopped,False,False,False,False,
144,3,1 Onion - finely chopped,1,,Onion,Onion,1,,finely chopped,,,,Onion,finely chopped,False,False,False,False,
144,4,4 Green Chillies - slit,4,,Green Chillies,Green Chillies,4,,slit,,,,Green Chillies,slit,False,False,False,False,
144,5,1/2 teaspoon Turmeric powder (Haldi),1/2,teaspoon,Turmeric powder (Haldi),Turmeric powder (Haldi),1/2,teaspoon,,,,,Turmeric powder (Haldi),,False,False,False,False,
144,6,1 teaspoon Cumin powder (Jeera),1,teaspoon,Cumin powder (Jeera),Cumin powder (Jeera),1,teaspoon,,,,,Cumin powder (Jeera),,False,False,False,False,
144,7,1 tablespoon Sunflower Oil,1,tablespoon,Sunflower Oil,Sunflower Oil,1,tablespoon,,,,,Sunflower Oil,,False,False,False,False,
144,8,1/2 teaspoon Mustard seeds,1/2,teaspoon,Mustard seeds,Mustard seeds,1/2,teaspoon,,,,,Mustard seeds,,False,False,False,False,
144,9,1/2 cup Fresh coconut - grated,1/2,cup,Fresh coconut,Fresh coconut,1/2,cup,grated,,,Fresh,Fresh coconut,grated,False,False,False,False,
144,10,6 Curry leaves,6,,Curry leaves,Curry leaves,6,,,,,,Curry leaves,,False,False,False,False,
144,11,Salt - as required,,,Salt,Salt,,,,as required,,,Salt,as required,False,False,False,True,state
145,1,1.5 cups Red Black Eyed Beans (Azuki),1.5,cups,Red Black Eyed Beans (Azuki),Red Black Eyed Beans (Azuki),3/2,cup,,,,,Red Black Eyed Beans (Azuki),,False,True,False,False,qty
145,2,1/2 cup Fresh coconut - grated,1/2,cup,Fresh coconut,Fresh coconut,1/2,cup,grated,,,Fresh,Fresh coconut,grated,False,False,False,False,
145,3,3 tablespoons Coriander (Dhania) Seeds,3,tablespoons,Coriander (Dhania) Seeds,Coriander (Dhania) Seeds,3,tablespoon,,,,,Coriander (Dhania) Seeds,,False,False,False,False,
145,4,4 Dry Red Chillies,4,,Dry Red Chillies,Dry Red Chillies,4,,,,,Dry,Dry Red Chillies,,False,False,False,False,
145,5,2 tablespoons Tamarind Paste,2,tablespoons,Tamarind Paste,Tamarind Paste,2,tablespoon,,,,,Tamarind Paste,,False,False,False,False,
145,6,Coriander (Dhania) Leaves - few sprigs,,,Coriander (Dhania) Leaves,Coriander (Dhania),few,sprigs,,Leaves,,,Coriander (Dhania) Leaves,few sprigs,False,True,True,True,qty;unit;state
145,7,1 tablespoon Sunflower Oil,1,tablespoon,Sunflower Oil,Sunflower Oil,1,tablespoon,,,,,Sunflower Oil,,False,False,False,False,
145,8,Salt - to taste,,,Salt,Salt,,,,to taste,,,Salt,to taste,False,False,False,True,state
